ASV_ID	140	149	153	161	168	182	189	210	238	262	283	300	315
144e3876b7943b5474d329bec54856a4	1	2	0	0	0	1	0	0	0	0	1	0	0
702860fda44c0d44ddacb5bd79fd5d24	0	0	0	0	0	0	0	0	1	0	11	31	49
35dbde30af820a2c3bcd85216229ad6a	70	54	193	101	96	11	27	7	5	15	3	4	0
58a5d06b791283b4270f688e0b7408c9	2	0	4	2	3	0	0	0	0	0	2	0	0
07751ebfb567d65db3f366d9c4037e68	0	1	4	0	0	1	0	0	0	0	3	0	0
0e94ac060981402de47bbf85360fea8b	0	0	0	9	0	3	2	0	2	0	0	0	0
7f78afb7e1d45cd528fe9cd909c93fb5	3361	4233	5390	7633	4222	9254	7437	7600	6570	4887	3374	3216	2772
ce94860005cb569777791022ac3014af	0	0	0	4	0	0	4	0	3	0	2	0	0
09ee5eb3e6c726c7c8242f6e97453fc2	305	473	514	519	353	457	319	133	123	87	187	369	776
0fec351445f84bd482075ceda6123f46	9539	8890	5312	4069	5990	2022	2833	11180	10009	12930	13647	15707	14311
534d7b1bce2cf035866320576094f81e	0	0	0	0	0	0	0	2	8	0	12	0	0
b4ac0621ed68fda2b501520e951949e1	0	0	0	0	0	0	0	5	7	0	5	0	0
2c1453fb27de0eb5e19ae61028df3294	0	0	0	7	0	0	0	8	7	0	15	0	0
c6d0e484e529a485ffc0b1f08f1fb158	3	2	0	5	0	0	0	0	0	0	2	0	0
19463e5fe824700110e4a4ec8afe0512	7	8	0	4	18	21	14	76	318	70	291	186	57
7281c911136ba2bdcafebb9c71729dea	0	0	0	0	0	0	0	7	19	21	103	176	48
38b371de3be6ddef03bea94294e9830d	4	3	0	6	0	3	2	0	0	0	4	13	0
63f37ee4b481fccdffca10160ed5b944	7511	8249	7912	6389	4720	3135	3821	3570	2407	2628	6955	4921	4804
5976a56adfe903f7348b5eb5689e3c55	2	39	131	63	56	21	262	277	190	90	124	145	149
43a52ec4605b37f3671b33e61ff6fedd	0	18	52	31	36	6	133	137	92	43	67	68	60
ec92f6331d8ecb50e3f0dee8fbf3bcb0	26	40	32	15	23	3	2	4	4	5	5	8	8
07c98191a29a6be9185f213be81a429f	0	0	0	0	0	1	4	0	0	0	1	0	0
ea156f972cd3802c3fac147e4200ba7a	0	0	0	0	0	2	1	0	0	0	7	0	0
4adbf4beb8d2b17f63b543e4d9aa39b6	0	0	0	0	0	0	0	0	30	149	19	0	0
93fadef301b62aa732e42bf1142b3afa	99	56	162	124	292	89	163	146	254	469	439	459	867
92f305372628ccbd74b7b28b933d306b	0	0	0	0	0	0	0	0	7	43	13	0	0
d42912a22b570ab99938b745999ae2cc	12	5	9	21	26	209	163	11	17	14	16	18	30
4bea53b2aad77f2569a0182f6b84255e	35	84	63	40	62	399	294	72	37	19	15	15	18
83adaf3a09d08c93f2abea6a4c815592	590	543	1019	589	1070	450	403	488	396	468	492	419	458
a402fc6f0fd057decbe746f48bf12862	42	16	0	16	0	14	49	63	81	71	77	146	159
0709277372b3816e3986842fb10c8e96	62	23	0	4	0	0	0	0	7	54	81	42	51
e6485d233ed2b8b9a2f3f50f0747b9d2	97	63	68	22	30	150	334	370	359	244	300	269	306
47515cfa358287ae00ead27b78b2285b	0	0	0	0	0	0	0	0	0	0	4	16	11
2b7dca9f823dab555a368d87f194804f	0	0	0	0	0	3	7	11	13	0	7	0	0
4a18801bf3179876e3e063abc1fa1b5c	0	0	0	0	0	0	0	15	4	0	8	0	0
b4eac52cfa36ce63f24be2fc530ad204	5	5	0	3	0	4	18	30	20	0	13	0	0
4f3989d95e7611bb6b5307454d75d3ce	13	4	0	5	6	2	8	19	18	26	14	11	13
5e2e0a4cfc3ab5f1a074ef61d2d6f68b	4	0	0	0	0	0	1	3	1	0	0	0	0
499a635c6e7dcd5c8ef518302aa50011	74	62	120	23	14	18	22	5	10	5	1	0	0
af9554a6cc07a34c1cb6004e3dbb865a	0	0	0	0	0	0	0	4	6	11	10	19	16
c55a8101fb6c187736f0af61f720cb92	94	91	467	722	789	128	1250	2300	2561	2014	925	841	1611
800e0527da5f9218e61c70f7d0ec8715	0	0	0	0	0	0	0	2	8	5	6	0	0
179e72f0ecdfeb920df685432f3f2d1a	13	16	21	13	14	46	25	1	0	0	0	0	0
3343d19c0bc1759a66023cbc86c92592	66	114	124	120	113	18	14	8	74	266	160	93	233
a061d8883eca2028db1d268500722130	62	119	103	117	79	12	11	10	71	253	144	84	241
430c875622713c0d7662add2d8e7db60	124	128	42	57	34	147	211	71	37	12	7	10	3
bb617d32673d5f60d6216a07ad7a42bc	0	0	0	0	0	400	6	0	9	0	4	0	0
5cb2b4186e2e95521540e2ccbafcb4c9	67	38	0	5	0	3	29	5	0	0	0	0	0
b3d8bf326297fb9b18ea4fef1ce8d4a6	710	509	595	199	156	0	162	154	418	218	298	228	287
dd07e924156039f8e953d5ea58ab5023	0	0	0	0	0	0	0	0	5	12	13	15	11
164212c0910ca9770a6bd13bcb2c5d05	3	3	22	0	0	2	4	0	4	4	1	0	0
f898c7a8c566d0beb46d5448dde2387c	0	0	0	0	4	2	12	0	0	0	0	0	0
49c2b5d0aaf2ac8b0ee6cae5b6c5a8f4	0	0	0	0	0	1	2	2	0	3	3	0	0
8a4c692c01077fa5a93913725097b3bc	0	1	0	1	0	2	0	3	29	23	21	37	0
d98dabbea4fe10de13ec5310782324e8	0	0	0	0	0	0	0	0	0	0	9	27	24
0f4c04cefd226f6854ad0fbc2a2de226	12	19	13	10	9	6	10	6	4	0	2	0	0
74316f0e658505498c0bd04393736a67	3	2	0	0	0	2	1	0	0	0	0	0	0
3679eb1918d142d7e468ea32c2f42595	40	29	24	17	15	35	24	19	37	104	20	8	6
36e38981bc99d5d7fdd5959ca41f6313	2	1	7	0	0	0	1	0	0	0	0	0	0
a9d3a8d7e6ab34f69fa91fcce8bda39f	0	0	0	1	0	2	1	1	2	0	0	0	0
ab2050607cb3fe172ea918d5a17a46c7	4	0	0	2	0	4	4	3	6	5	2	0	0
28b5f35cfb5f0516e5e5f896428abdcd	16	18	44	19	8	4	7	2	4	0	0	0	0
d96a2ea1b09f080f66ce79b9ddfa768e	0	2	0	2	0	1	2	4	2	0	0	0	0
d23e07dc0f848e8921532df36254ce29	2	3	9	4	6	6	12	5	5	6	1	0	0
543dc760699879a2b12cd2e2525e6729	4	5	0	2	0	4	2	0	0	0	0	0	0
29b313a5262947210e3e9de415abaead	201	97	128	149	269	107	208	178	116	696	49	51	26
52708c2cfa926ba9b2f69878c97cee2c	4	0	0	0	0	3	2	0	0	0	1	0	0
09383f3babfd32418e7ba07634680e12	10	7	9	5	4	74	191	46	32	11	3	0	4
36cf1853edbaec342c271909f87ca1b6	0	0	0	2	0	0	2	1	0	0	0	0	0
61bffb5ed48deb86adad74d3d45df340	3	8	6	5	0	2	7	3	4	0	0	0	0
9b6a7459b2c92cee0abfc36d503488b7	2	11	11	5	6	2	4	17	18	0	2	0	0
a954a29c70499c3c72ee396f69b71c51	5	4	0	1	0	0	0	1	0	0	0	0	0
4b50be28c2cc7c6a4dbc6300155c5218	9	12	25	5	0	0	2	1	0	0	0	0	0
c97b49b5849b709da91fb5f6f48cd9eb	7	6	0	3	3	0	1	0	0	0	0	0	0
b26eb5a5ca6820d220d5433b1cffa5e6	8	28	23	25	21	22	84	13	14	13	13	13	0
7b29e948451d2fdcce6d39ddc6c25520	4	14	0	14	0	13	31	1	2	0	3	0	0
e8b184a091b069447aaa71429105e326	1	0	0	2	0	0	3	0	0	0	0	0	0
c571cb007a7d9e2dfc56e8c0b4e24104	28	1132	119	2211	1148	385	660	112	214	19	25	34	58
ff6f97ce50ea01298f8e58b53b97d489	69	190	567	146	139	117	291	104	39	21	7	0	0
efbade8cc54695abfc5c07f21eecb6e7	35	18	30	1	0	0	0	0	0	0	0	0	0
e6141036b0768b50c8079ce8ba7222f9	0	0	0	3	0	0	0	2	0	0	5	0	0
a7d0101041a4ff2c176cc0616423387a	0	16	9	0	0	5	4	0	0	0	7	0	0
d0d582d9d9b71467f236f9bace54eea5	0	0	0	0	0	0	0	3	0	0	2	0	16
213ec0ef843de45b3db9302876229bed	13	9	32	15	0	5	14	0	0	0	0	0	0
b5a22689fdda6393715cd10a326927d3	8	11	0	3	0	5	5	2	5	0	2	0	0
f42aeaf1c13130f1fdfc8bafa43ded29	8	8	18	11	13	11	28	19	8	9	0	0	0
fcfaeb95003823a7ffde76ba3c4c790b	1	2	0	1	0	0	0	1	0	0	0	0	0
1d33e98c9d94c262ab0d8b56d0936eb4	16	14	16	10	6	2	0	0	0	0	54	78	41
9feda0d620fa50b57ce3f848e1b48975	49	21	21	11	21	23	164	13	15	4	0	0	0
cd05a4b1cda569ae366c6980823f4c72	7	9	17	9	0	0	0	1	0	0	1	0	0
a6efdb52a04e05a2a1be52f5516784fa	5	3	6	0	0	0	0	0	1	0	1	0	0
e79a45f432d0ccc86adbf9bbe7cef2a7	9	53	55	8	4	2	0	2	35	68	59	82	92
cd991e2f230049eb76c8e3b3fcece79f	1	7	9	3	5	7	14	2	3	0	0	0	0
b64cf0e9dea8cef6b9500b364c179b98	1712	658	316	2793	6568	10831	7439	445	3066	2492	178	297	54
ec716420b2bb28ff5cfc5b19edbe2dfa	30	25	0	6	0	15	88	9	74	34	6	0	0
21ceeb224e15175f0c85797abce40d0a	30	22	16	3	11	6	89	23	62	48	18	12	0
8b35589e4e1ef82328d78d533f5fa1a1	2	8	0	2	0	0	3	4	6	0	2	0	0
8466f2635d9fbf9c51a04877474f3d09	7	5	4	15	0	0	2	0	0	0	0	0	0
f816f5de71e4c19785cd5dfa8ee073db	1	2	0	1	0	4	6	4	6	0	0	0	0
acfe0924c0f9c6ca3720854b5b458d54	12	13	0	1	0	1	20	1	17	12	5	6	0
20823322077cf511c8eff4f0840466fd	0	5	8	0	0	3	44	6	4	0	9	0	0
ef7c28bb28866912b76003ee110bdf6b	0	0	0	0	0	0	0	1	5	0	3	0	4
d863bc6a2fa6a8a93787e45a6abe3304	13	5	0	12	31	65	169	67	12	0	11	7	0
41f01f3e3cbf6beb908ae1ebb553208e	0	0	0	3	0	3	10	0	12	31	0	0	0
573471302da724edb5d0fa958385fb6d	2	4	0	2	0	0	0	0	0	0	0	0	0
717e65e6ba1d91587e9c1fc36b2b0c44	0	4	0	4	0	6	0	0	0	0	0	0	0
645dd8b575c7e7c0952933bbe90b4bb9	0	0	0	0	35	0	2	0	1	0	0	0	0
94ef08db649a5339b6de95109a8bad0f	5	12	0	1	0	0	0	0	0	0	0	0	0
1ad05a58bf23396d80f11695ad750b75	9	15	30	10	7	2	7	1	21	51	38	19	42
15c0fe41b25c6504b8dbe48ae72283d0	0	0	0	7	0	1	3	4	40	40	34	11	11
a19152d55f42fc72a3a0f985d2615aab	45	41	86	10	0	0	0	0	0	0	0	0	0
d801b2110a503327da848c95357ca4a5	29	13	45	6	0	0	0	0	0	0	0	0	0
9e54e8d50785a84f97b38e3eb665dda0	1	2	2	0	0	0	3	1	2	0	1	0	0
2c452b25c7f3c62be462d8f47ed179e3	29	37	47	27	3	0	5	3	1	9	15	18	4
923e86a70ad8194f9dab67ab8397371f	0	0	0	1	0	1	1	2	0	0	0	0	0
134153c893d92731f1779897c269f055	0	0	0	0	4	0	2	0	0	2	0	0	0
8ebc39e79a930b5db089420489c40543	0	0	8	2	48	8	9	2	13	64	28	4	17
fc7dec198c007a0622c9acba71b1edb1	0	5	0	0	0	1	1	5	12	0	36	0	0
d3cf08daefed96f494257ceff63a6cf8	765	760	1146	715	753	172	110	220	326	451	462	696	1006
7a7c96429cd038c333985399c9eb963c	24	11	13	6	0	1	1	2	0	0	0	0	0
04869be25e3dc4d526ce3824d407aedf	1119	913	1444	989	1164	456	697	960	812	360	392	499	412
522fc29c9966a380a17ce86687cc600b	8	2	0	4	0	0	2	4	1	0	1	0	0
e29f9ab1342fe7d53d4f1e2d03bb5969	174	111	75	39	29	23	39	48	49	37	40	56	0
a5b2537343a26f4daf0379a8b46eb2ef	271	221	174	97	89	58	80	155	140	74	78	93	100
3e524f0bf09623c8530930bb8b27045c	0	0	0	7	0	0	1	10	27	15	9	20	20
793ecb5ed65cd96425a35698e8ab9e78	219	86	170	68	144	37	13	1	11	129	22	20	72
a49becf5a5dbcb201f091757c62fc6bb	19	129	19	9	0	0	4	1	3	6	2	0	14
b8299c90e4c775b18c1c5ff6d23ad616	0	0	0	0	0	0	0	0	0	2	2	0	2
03a6a6d84a7be4b11b6467c91ca79d57	2	3	6	0	0	0	0	0	1	0	0	0	0
66575db7635d648549a9eb5a4eafb710	31	22	39	25	25	4	5	26	49	38	63	43	48
e1c573f885ed4c9191a32116f583d78a	34	37	50	50	21	7	17	17	1	0	4	0	0
0e9cc4c909306f5a9562d84888902e09	10	14	5	7	0	2	4	0	0	0	3	12	0
a84e1039f9b157a2085d23b4114bc888	6	3	0	3	13	0	0	3	4	0	5	0	6
b5b93f7fc3d0a88dff0ced83eb0bb5ab	0	0	0	0	0	0	0	1	4	5	7	0	3
ee14afe4571845779465f8dc9646c7b4	0	0	0	0	0	22	17	17	9	0	6	0	0
0112df9b91ee10ca73426db0de32571b	0	0	0	0	0	0	0	0	0	5	0	5	4
5631fe818e588992529f6071afc9cda5	39	29	29	12	0	5	1	0	0	0	0	0	0
8c740d5ca21893b47c7619df1247c75d	6	4	0	5	0	5	7	21	12	0	4	0	7
5ccde7f0ad35d7a47123478dd67b2774	2	8	7	2	0	2	0	0	0	0	0	0	0
cead0ca51f97bc24bf11b1d1d12aee6e	5	5	0	1	0	6	13	8	4	0	4	0	8
f1ebac6585a1d66aeb6238227f0db6be	6	0	0	8	0	2	10	8	2	12	0	6	0
6322c84c5ee6585bf9973a931d8f279d	30	23	22	15	7	4	0	10	22	7	18	10	19
5ab9c9baf340ca93a35be10b4a5b294a	6	5	0	2	0	0	0	0	0	0	0	0	0
28f1a500a5a6ebd1cede9322b50bcaad	4	3	3	3	0	0	4	1	2	0	0	0	0
a82691ab5fd4e8d3d3b23b7958c8e764	38	31	35	17	11	10	18	12	10	0	2	0	0
89d1d4064aa11fd1f3efb8e1345c813f	2	0	0	3	0	0	0	2	2	0	1	0	0
916d15ab17794198ea4c5ad1e3fb6258	0	0	0	0	0	0	0	0	0	0	71	67	42
6f14a88c7074fb3b48a9f8be3f7852c8	1	0	0	2	0	0	0	1	0	0	0	0	0
10ba1c6a051a49b25b443bebd244b71c	4	0	9	18	53	14	14	4	6	24	8	14	0
37d606d03d54c46da31b937d8f5b6b61	0	0	0	5	0	2	0	0	0	0	5	0	0
e27928b6f9a580b0d7f95feeb01ba523	0	5	0	11	0	9	5	2	3	19	6	0	21
ba17ca70d77eba42e5aef9d3fcc1adf3	4	0	0	5	0	3	2	3	0	0	3	0	0
db5aaacffe4ca31116f5b0e292074588	6	62	22	13	20	11	9	10	5	8	17	11	15
eb8d145285d4d18dd0c43c75115adbf9	0	21	0	8	0	0	4	2	0	0	4	0	0
daac17ca54538cbc9aada8497262da96	0	0	0	0	0	1	3	9	12	9	22	25	35
894d5f2608f2a0e9e3bf2499f1cc6130	4	0	0	6	0	4	4	0	6	0	9	17	27
deb262fd92af4fdcd3b6240303048b2a	25	14	16	22	14	15	3	6	10	7	12	0	0
8b2843ccdbc3d39c6d758b7f91388341	2	2	2	1	0	0	1	2	2	0	8	9	4
f2fbdc2b912ea775653691981335232f	0	0	0	0	0	0	0	0	2	0	3	8	11
0ef7e12e6eb35a8fd9fac7badac0c381	0	0	0	0	0	0	0	0	5	11	15	84	77
3e7c933c821c9f18e53e1dda439951cf	0	0	0	0	0	0	0	0	6	4	4	30	50
ce264b1fd05f8dfc0dd2941a2b170a3a	0	0	0	0	0	0	0	0	1	0	5	6	11
5c331188779be5bb65a2e80544aa8dea	0	0	0	0	0	0	0	0	2	0	10	7	14
7b43b24e8c817bba9f0008696985ae06	13	15	27	11	4	3	5	4	1	0	3	4	5
f876e4d5cbaa6ac5f3c225bcaf146791	9	25	56	38	20	15	37	24	47	45	53	92	103
9413dd54243692b250670640c660758d	2	5	0	8	0	5	8	5	6	0	15	0	0
65c689dc4b8772012494d43535fd1102	2	8	4	6	0	2	6	0	3	0	0	0	0
cae75e1117d316c3a8f12909f766135b	0	0	0	0	0	2	0	3	8	0	5	14	0
44f513ba8d222b088ba2ad6e7ab85b8c	3	2	4	10	6	24	17	11	10	17	4	0	17
6148c6e49d72c0f24a187a979ba7a5aa	0	0	0	0	0	25	15	9	5	0	0	0	0
5ec4e02584b8c58b33bde92395188ffa	2	3	0	2	0	2	2	6	2	0	3	0	0
aa20c972229ba580ad2044118ab67181	5	2	6	6	5	4	3	0	0	0	0	0	0
19083703874fec5c0e976f6ca4fa6bc9	14	32	49	33	13	23	163	50	26	28	3	10	0
87ec65202e592d81d47b66d1484732df	3	4	0	5	0	3	6	2	0	0	0	0	0
a53b7a494838590a5600a018277e55ea	13	11	20	9	0	12	38	28	19	12	2	0	0
06246fa4c1b00ea76b5539442f32c012	14	6	13	7	7	0	0	1	0	0	0	0	0
0c488eee4c6d02abb4e34df3ec16a09b	3	12	10	10	0	1	3	0	0	0	0	0	0
c4118088ab2644671a1d9d540c060b19	0	0	0	0	0	0	0	0	0	1	5	4	36
dc9b83b9dbf521d0d0b0e1576e44d06a	7	8	7	2	7	0	0	0	0	0	0	0	0
87db021bd3fb687eba7b420338158435	1	0	0	2	0	0	2	0	0	0	0	0	0
451acf82a2350fce17f55d27708aa232	0	0	0	0	0	0	0	0	1	4	6	1	0
da47a34fd036b068ca0c5eaf185e2082	176	132	287	134	73	74	63	55	54	41	22	0	0
817555c3b5d93664c38e8fbec64eba2e	6	0	0	6	0	0	0	4	6	0	19	38	58
3badde1c4760a921d723409ee05fead0	27	14	44	37	7	5	32	28	24	16	7	13	10
25c54c57b4a4283237b33fdae82003c0	1114	637	1300	608	425	216	245	162	85	64	24	27	21
945e47119242497c2e0bc5b3c6b6ba8e	0	0	0	0	0	1	1	22	48	33	35	72	41
924ba8e00fb9f76de6bf217aac8ca9d4	4	0	1	1	3	0	1	3	0	0	0	0	0
69dee006368ff49af541d111152b40c6	2	4	2	2	0	0	0	0	0	0	0	0	0
e144d237c973d831d708cac2c17df968	376	312	447	223	87	60	60	76	35	21	67	125	70
33ee5a4f23a0bf945ce5b4ffa11feef5	0	0	0	0	0	0	2	0	1	0	4	0	0
cfa7e5524c99aac7db9399503a7e846a	3	5	0	8	6	0	0	0	0	0	0	0	0
fde5fbd4507f68a2eabc92fb449d9965	1	0	0	5	0	6	7	6	3	0	2	0	0
abaecd8b82d14efc7ccc4dcb7f864cba	6	0	6	1	0	9	9	5	2	3	0	0	0
82864a780f7d57947ef3451dd7539740	0	0	0	0	0	0	0	0	1	0	5	4	0
e4486fa2f00016fa6078468bfe73bb89	0	1	0	2	0	1	0	1	0	0	0	0	0
89dfaf0aa4a8af8e27a826ba8dd97044	0	0	0	3	0	30	23	1	1	0	4	4	0
b7806c4f83108800a9c32dc83c148d95	161	81	213	104	89	58	85	171	210	74	83	64	86
58b2cf308363fb35b932620518786116	0	0	0	1	0	0	1	2	0	0	0	0	0
4c31c3e198534eab45b6d92b61f75b10	32	24	37	35	0	18	37	23	21	19	11	0	0
be9dcf562f0ab066c0b252d527a42d19	151	145	275	163	86	81	160	128	89	19	24	29	23
8bc8eb4392eecf9f922bfb55df2c4144	9	5	0	5	0	5	4	6	1	0	0	0	0
a039c1ac15b3f4bc5cf1db8a5f1cc0fd	56	57	103	57	47	38	72	70	30	43	17	16	0
387fd7acb95a1f0053edacb08ca9384d	4	3	0	2	0	0	0	0	0	0	2	0	0
27201d8b9c2a23edc5ee1b093c39fe46	0	0	0	0	0	0	4	2	1	0	0	0	0
bec033acf73d8b55fcee3b62a8a9429e	1	0	6	1	0	0	0	0	0	0	0	0	0
c7553191e309cfc2e28aea2507e7afdf	43	43	59	21	30	59	91	111	66	67	51	98	73
ac9e79a82beb3b70c0c7193fff0a8524	2	5	40	31	15	3	6	4	14	0	9	11	8
6de274487e1c875df3c574ec3fcd05d0	0	0	0	11	0	0	0	0	6	17	4	0	0
01bc6f144e0f577c7a5364ebafdb3509	78	58	111	152	197	167	240	131	142	88	72	100	138
5a6520a634bb27352c524ba237fd0d64	0	0	0	0	0	0	0	0	5	14	1	0	0
b6e342d9f4e409f24eea3859aa76e82a	0	6	0	4	0	0	0	1	2	14	6	7	17
ef48b24d461ead26b22d8e442656ccc0	1	0	0	8	0	5	7	8	8	0	0	0	0
61786e38b934cbe33d5850a578a7ee22	0	0	4	2	0	0	0	3	0	0	1	4	0
4e4ca97fadb8b8e92470ccce2ff91460	3	0	0	3	0	1	3	1	1	0	0	0	0
f847d5bbe9c5a3555db3988cfa1b838f	10	2	0	12	0	7	7	5	2	0	0	0	0
8aa84c2bb23089b38845d45b2f4742a7	0	2	0	0	0	1	0	1	0	0	2	0	0
6a00993959cfffcd3e54203b0cb659a2	13	2	0	8	0	0	0	21	4	0	4	0	0
0a052939cf0cfd20acc22c826676e32c	0	3	4	18	12	0	0	0	0	0	11	0	0
df20ccfbfc0741ee313d9e9433dbac01	0	0	0	0	0	0	0	5	0	0	3	13	16
1f4fb4bfdca6c9d13106ed533362a62e	2	0	0	3	26	132	241	9	2	0	4	0	0
f3c13bc899928e8043766ca73a046487	0	0	0	0	0	28	48	3	1	0	0	0	0
aa9c5ae2ec6da55f30edd92e3de37eff	0	0	0	0	0	31	54	2	0	0	0	0	0
2e8ba4a2f665cc3ad88530fc739b1f9c	0	0	0	0	0	0	0	0	3	0	6	25	20
8b05c693d167b0c68f1316963744f122	2	2	0	2	0	4	4	1	0	0	0	0	0
659d1fe872c9b31a9e0b81eef5ca6218	30	14	11	36	29	10	4	4	8	0	6	15	15
d693c275c376753e40770f95ba69a9f9	1	2	0	1	0	0	5	2	12	24	16	0	0
7d537f12eaa3231c2c2b58b74901051c	13	11	16	4	0	0	3	0	0	0	0	0	4
94c501c5d59dddbd80effa77dbceebe0	0	0	0	0	0	0	0	6	3	6	3	6	3
868a2dd217365ddd6d6ab64d48aeed4a	1	3	4	4	0	0	0	2	3	0	2	0	0
1449d53a8ab97ad249f2332b5bd012b9	4	0	0	5	6	0	1	1	2	0	1	0	0
0d1f62d4f2f7227766a17f0340567129	5	10	12	16	0	2	17	20	12	10	13	11	17
b757c414a3bc227758c09624ca177986	8	21	0	8	12	1	7	3	3	0	0	0	0
014f2ae2bd69cc0ab8e5ee1ca2963a01	1	0	0	0	0	0	2	1	1	0	0	0	0
113b0d8ebf97fc5aba85fa06ecfdbb1a	5	2	0	4	0	0	2	1	2	0	0	0	0
0a25bdc3567a1af9c215a6efaf816439	0	0	0	1	0	0	8	1	1	0	3	0	0
b0c74390aa5ac540757eb2256575019e	0	0	0	0	0	3	7	7	2	7	1	0	0
8b0ebd33e66653c42aa292e40bf6291c	2	5	0	0	0	2	8	1	1	0	1	0	0
e9e060e5e0e46911cad92b8292aeefd7	3	0	8	1	0	0	0	0	0	0	0	0	0
23a68909643e167f508a7baac78d7026	1	2	0	2	0	13	3	0	0	0	8	3	0
472fdc0687378563f0c9da6da7638e1a	18	11	30	20	21	3	11	3	11	0	5	0	0
caddc7c3f8e30f2e74778fca73689c4b	0	4	0	1	0	6	6	2	0	0	2	0	0
d3156233792852376762d588f607ac71	2	0	0	0	0	0	0	1	0	0	2	0	0
75dd0ee2682cb0bf3146f334b0c41c93	0	0	0	3	0	19	11	1	0	0	3	0	0
55c520d7fe25c3a704fca36f36fde991	0	9	0	0	6	15	9	0	0	0	0	0	0
1351e87aa6c89a114e5104be8fe7c817	0	0	0	0	0	0	1	1	1	0	1	0	0
206069e5a5041e6c7f39a4141aefdc19	2	6	0	6	0	0	1	10	17	70	83	115	59
fbb4d97e016a3fae74e1e3b81805e48e	14	9	0	0	0	0	0	0	3	0	1	0	0
9711e5e56376fe411f8d9ca9e739c6f1	12	16	27	9	0	2	15	15	18	14	17	21	17
cf9d6956cc5e9b057171f8ba480e6fbf	1	5	0	13	9	5	6	1	0	0	6	0	0
42bdb37eaf4585993d2dadc410341bfc	0	0	0	0	0	5	6	6	3	0	8	0	0
c2d746ce5aed150d6696eed8143ec2c7	0	0	0	0	0	0	2	10	3	0	8	0	0
85b80813a3be5e162f462e085b709b85	2	0	0	2	0	0	3	0	7	0	13	26	29
47bb78bbb9b7eab1a487de7f1521ddd6	4	1	0	1	0	1	0	1	2	0	3	4	3
4835c874610f20a02421b283dbe2f2b6	2	2	7	6	0	8	8	18	15	16	31	24	35
6aa300d5323cbf75dc53cec3e6acb87c	27	24	17	22	16	10	13	7	0	0	0	0	0
aca43babf06d3410ce71cad5778ff102	15	4	0	0	0	0	3	0	3	16	10	7	14
37a9f9625f201b6e61c29ac09ec54683	317	386	246	417	1116	314	402	477	503	477	488	508	724
9418ffbc4dee96cca486adf8b5f5493d	7	0	0	2	0	5	10	10	7	0	6	0	0
d56e57f7a7e3a1b98778de802e7097d0	0	0	0	0	0	1	3	1	2	0	1	0	0
923d1e7b6ceac97721615d80cf869780	2	0	0	0	0	0	0	0	2	0	1	0	0
519b05506b5c8269406e94701c3ff01a	0	0	0	0	0	0	0	4	2	0	3	0	0
18b7af5d1e7696bb8cd541bdde042b51	1	0	0	0	0	2	3	2	2	0	3	7	0
ce96aba4d82cdb5ffa5b76128cfbb917	0	0	0	0	0	0	2	0	0	0	2	0	3
1cbf580d763d0eb5497ff2d6468e7668	0	0	0	0	0	0	5	6	4	7	8	12	15
779e393e6ff91129f826c691a0d16db3	0	0	0	9	10	34	34	8	15	0	3	0	0
4c7b0d554a1103b7872deded4bccb4ea	12	20	26	68	29	53	31	8	11	0	6	0	0
80b0dd7e363e6128b4335d08d57b5618	6	1	0	6	6	1	11	13	5	0	3	4	0
dc21153823efbfe6f4e092f110775cde	0	3	0	0	0	4	6	2	1	0	2	0	0
212e304679f170a464d2616b3f94a250	6	14	7	6	0	0	0	1	0	0	1	0	0
3fb688a9024c5d9e0c97cf7a6859063a	3	2	2	0	0	0	1	2	3	4	5	0	0
0e487ab2d5669f87e21a4c0c09d8d952	11	3	5	2	5	1	1	8	1	3	4	0	4
b4675aefcee3975954467e51b228d6f2	0	0	0	0	0	0	2	1	0	0	1	0	0
025ef58ad4c94b135c69cb93c2320909	2	4	0	4	0	2	0	0	0	0	0	0	0
5837405da6036e7481240160de143774	0	0	0	0	0	0	0	8	16	17	18	11	22
6786956e5d741de3549e1c89e3a608b0	1	0	0	2	0	0	1	8	2	0	3	2	3
be51b6808df10f395e8b458d9508ac69	2	1	0	0	0	0	0	1	0	3	0	0	0
63adbcb1936348ae36887abcd1e4af55	3	0	0	4	0	0	4	0	3	0	2	0	0
b1dd093a530c4f323e45823253ee9e15	12	0	0	0	0	0	2	4	4	0	3	0	0
ce8d585abe69c46ac0fba61726d046c5	0	0	0	3	4	2	14	1	1	0	3	0	0
42655605abb4cc7bd5f1be954adf23b0	59	32	42	33	16	6	31	76	13	35	26	20	17
405dff4269ebcff0dbc2d5c0c63a1ee3	18	8	0	2	0	2	6	4	0	0	0	0	0
678452b1266654469afd6625a7ec25f5	2	3	0	5	0	0	0	0	0	0	2	0	0
8bf3a15fcb9d5db4fd6f5f1e60dbdd2f	0	0	0	10	0	0	1	0	2	0	0	0	0
d545914a091c15dc4913586bf390bfe6	0	0	0	2	0	0	1	0	3	0	2	0	0
61d14f45268668061628d7a7990641b2	1	3	11	7	0	4	7	5	6	0	1	0	0
380c64674875dbcea485ba8f1ce26a6c	4	0	0	6	80	3	5	1	5	9	2	0	0
a85ae3de6b2dd626049270444199438e	1	0	0	0	0	0	0	1	1	0	0	0	0
ac535b64f804c2eee5084adc741f7839	0	0	0	0	0	0	0	1	3	0	1	0	0
43c8008fb032a5ed2cb06dafa83e23ec	3	1	3	1	0	2	3	0	0	0	0	0	0
d02e8e093df5064814273f652473189e	15	17	22	8	35	2	1	4	15	7	2	0	0
181a2b6fbc1d5f5de022772f08fb875c	5	0	0	1	0	1	1	2	0	0	0	0	0
56eed20694eeebce9a5a6bc4626aca89	0	11	0	1	0	4	0	1	0	0	4	0	0
6e21064675bd1626771d39886cc9d88b	0	0	0	2	0	0	0	6	10	21	28	22	32
eaa1d57a577a4aa93aceab1782827ea8	2	0	0	0	0	0	0	1	2	0	3	4	0
8a1c973b6094cbd560f363581ce1beba	10	11	14	8	0	0	1	5	8	0	11	8	8
24b5476371dc34ef4f12b359d6ea6fe4	2	3	0	0	0	0	0	0	0	0	2	0	0
99a197229849c15140fc329cff0ccb90	1	0	0	0	0	0	0	0	2	0	0	9	8
8d422552eb2392c7c2d4743727d1ff33	1	0	5	4	20	0	1	2	2	0	1	0	0
de329304e57f0e32da3a08e64625a2e1	39	19	17	35	19	6	3	4	1	0	1	0	0
b0d25a3bc288f3c5ac8b993c6e4504dd	2	1	0	6	0	4	1	0	1	0	4	0	0
765b69d9c4313cc8630769db523cc54c	16	23	41	42	28	47	107	18	18	14	3	0	0
d081020b6bdf3bf279b93bd42598e1e1	16	12	0	28	0	23	10	2	3	0	6	10	24
6178807a00a64843e5bb9f31f0a5f42c	2	4	0	0	0	0	0	0	0	0	1	0	0
f61f4c9b8258738ad3ee7663e43e7907	1	1	0	0	0	10	5	2	4	0	2	0	0
7229a1a874924db8456664b2a5985136	1	6	0	1	0	0	0	0	0	0	2	0	0
a43c475502b54cdee1385dcca3109bfe	5	41	446	106	23	44	23	5	2	0	0	0	7
0f312394fc32d16cfdca183b11aad4ad	1	0	14	6	5	0	0	0	0	0	0	0	0
fd28148d0cd2eca274f8a3bb38944793	1	7	0	3	0	1	1	1	0	0	3	0	0
7f1023e871bcd3a4f7ac96f3a40c9a8d	1	18	5	3	0	0	3	0	0	0	0	0	0
