"seq","sample","rel_ab","Kingdom","Phylum","Class","Order","Family","Genus","Species","date","media","timepoint","notes"
"0fec351445f84bd482075ceda6123f46","Q",52.3305952822274,"Archaea","Euryarchaeota","Methanobacteria","Methanobacteriales","Methanobacteriaceae","Methanobacterium","midas_s_9526",2025-03-11,"Wolfe v3: went back to modified wolfe + EDTA and switched CuSO4 to CUCl2",300,"final sampling date"
"7f78afb7e1d45cd528fe9cd909c93fb5","Q",13.9211363237274,"Archaea","Euryarchaeota","Methanobacteria","Methanobacteriales","Methanobacteriaceae","Methanobacterium",NA,2025-03-11,"Wolfe v3: went back to modified wolfe + EDTA and switched CuSO4 to CUCl2",300,"final sampling date"
"63f37ee4b481fccdffca10160ed5b944","Q",13.1328897820615,"Archaea","Euryarchaeota","Methanobacteria","Methanobacteriales","Methanobacteriaceae",NA,NA,2025-03-11,"Wolfe v3: went back to modified wolfe + EDTA and switched CuSO4 to CUCl2",300,"final sampling date"
"d3cf08daefed96f494257ceff63a6cf8","Q",4.5597330887948,"Bacteria","Thermotogota","Thermotogae","Kosmotogales","Kosmotogaceae","Mesotoga","Mesotoga_infera",2025-03-11,"Wolfe v3: went back to modified wolfe + EDTA and switched CuSO4 to CUCl2",300,"final sampling date"
"c55a8101fb6c187736f0af61f720cb92","Q",1.88281661561274,"Bacteria","Bacteroidota","Bacteroidia","Sphingobacteriales","Lentimicrobiaceae","Lentimicrobium",NA,2025-03-11,"Wolfe v3: went back to modified wolfe + EDTA and switched CuSO4 to CUCl2",300,"final sampling date"
"04869be25e3dc4d526ce3824d407aedf","Q",1.48869334477982,"Bacteria","Synergistota","Synergistia","Synergistales","Synergistaceae","Aminivibrio","Aminivibrio_pyruvatiphilus",2025-03-11,"Wolfe v3: went back to modified wolfe + EDTA and switched CuSO4 to CUCl2",300,"final sampling date"
"37a9f9625f201b6e61c29ac09ec54683","Q",1.29943613056797,"Bacteria","Firmicutes","Clostridia","Gracilibacteraceae","Lutispora","midas_g_94288","midas_s_99172",2025-03-11,"Wolfe v3: went back to modified wolfe + EDTA and switched CuSO4 to CUCl2",300,"final sampling date"
"b3d8bf326297fb9b18ea4fef1ce8d4a6","Q",1.26431623514721,"Bacteria","Desulfobacterota","Desulfovibrionia","Desulfovibrionales","Desulfovibrionaceae","Desulfovibrio",NA,2025-03-11,"Wolfe v3: went back to modified wolfe + EDTA and switched CuSO4 to CUCl2",300,"final sampling date"
"09ee5eb3e6c726c7c8242f6e97453fc2","Q",1.18041870719763,"Archaea","Euryarchaeota","Methanobacteria","Methanobacteriales","Methanobacteriaceae","Methanobacterium","Methanobacterium_formicicum",2025-03-11,"Wolfe v3: went back to modified wolfe + EDTA and switched CuSO4 to CUCl2",300,"final sampling date"
"83adaf3a09d08c93f2abea6a4c815592","Q",0.909215070337346,"Bacteria","Bacteroidota","Bacteroidia","Bacteroidales","Dysgonomonadaceae","Petrimonas","Petrimonas_sulfuriphila",2025-03-11,"Wolfe v3: went back to modified wolfe + EDTA and switched CuSO4 to CUCl2",300,"final sampling date"
"b64cf0e9dea8cef6b9500b364c179b98","Q",0.616549275164381,"Bacteria","Proteobacteria","Gammaproteobacteria","Burkholderiales",NA,NA,NA,2025-03-11,"Wolfe v3: went back to modified wolfe + EDTA and switched CuSO4 to CUCl2",300,"final sampling date"
"7281c911136ba2bdcafebb9c71729dea","Q",0.489727430589429,"Archaea","Euryarchaeota","Methanobacteria","Methanobacteriales","Methanobacteriaceae","Methanobacterium","Methanobacterium_beijingense",2025-03-11,"Wolfe v3: went back to modified wolfe + EDTA and switched CuSO4 to CUCl2",300,"final sampling date"
"93fadef301b62aa732e42bf1142b3afa","Q",0.460460851072132,"Bacteria","Bacteroidota","Bacteroidia","Bacteroidales","Paludibacteraceae","midas_g_9269",NA,2025-03-11,"Wolfe v3: went back to modified wolfe + EDTA and switched CuSO4 to CUCl2",300,"final sampling date"
"19463e5fe824700110e4a4ec8afe0512","Q",0.411683218543305,"Archaea","Euryarchaeota","Methanobacteria","Methanobacteriales","Methanobacteriaceae","Methanobacterium","Methanobacterium_beijingense",2025-03-11,"Wolfe v3: went back to modified wolfe + EDTA and switched CuSO4 to CUCl2",300,"final sampling date"
"e6485d233ed2b8b9a2f3f50f0747b9d2","Q",0.401927692037539,"Bacteria","Bacteroidota","Bacteroidia","Bacteroidales","Dysgonomonadaceae","Proteiniphilum","midas_s_56159",2025-03-11,"Wolfe v3: went back to modified wolfe + EDTA and switched CuSO4 to CUCl2",300,"final sampling date"
"a5b2537343a26f4daf0379a8b46eb2ef","Q",0.386318849628314,"Bacteria","Synergistota","Synergistia","Synergistales","Synergistaceae","Syner-01",NA,2025-03-11,"Wolfe v3: went back to modified wolfe + EDTA and switched CuSO4 to CUCl2",300,"final sampling date"
"f876e4d5cbaa6ac5f3c225bcaf146791","Q",0.316079058786803,"Bacteria","Chloroflexi","Anaerolineae","SBR1031","midas_f_1469","midas_g_2178","midas_s_5149",2025-03-11,"Wolfe v3: went back to modified wolfe + EDTA and switched CuSO4 to CUCl2",300,"final sampling date"
"a402fc6f0fd057decbe746f48bf12862","Q",0.275105847462588,"Bacteria","Bacteroidota","Bacteroidia","Bacteroidales","Dysgonomonadaceae","Petrimonas","Petrimonas_sulfuriphila",2025-03-11,"Wolfe v3: went back to modified wolfe + EDTA and switched CuSO4 to CUCl2",300,"final sampling date"
"5976a56adfe903f7348b5eb5689e3c55","Q",0.255594794451057,"Bacteria","Bacteroidota","Bacteroidia","Bacteroidales","Rikenellaceae","midas_g_36215","midas_s_87061",2025-03-11,"Wolfe v3: went back to modified wolfe + EDTA and switched CuSO4 to CUCl2",300,"final sampling date"
"3343d19c0bc1759a66023cbc86c92592","Q",0.208768267223382,"Bacteria","Cloacimonadota","Cloacimonadia","Cloacimonadales","Cloacimonadaceae","LNR_A2-18",NA,2025-03-11,"Wolfe v3: went back to modified wolfe + EDTA and switched CuSO4 to CUCl2",300,"final sampling date"
"0ef7e12e6eb35a8fd9fac7badac0c381","Q",0.189257214211851,"Bacteria","Chloroflexi","Anaerolineae","RBG-13-54-9","midas_f_4245","midas_g_49937","midas_s_49937",2025-03-11,"Wolfe v3: went back to modified wolfe + EDTA and switched CuSO4 to CUCl2",300,"final sampling date"
"1d33e98c9d94c262ab0d8b56d0936eb4","Q",0.183403898308392,"Bacteria","Proteobacteria","Gammaproteobacteria","Burkholderiales","Comamonadaceae","Hydrogenophaga","midas_s_191",2025-03-11,"Wolfe v3: went back to modified wolfe + EDTA and switched CuSO4 to CUCl2",300,"final sampling date"
"a061d8883eca2028db1d268500722130","Q",0.183403898308392,"Bacteria","Cloacimonadota","Cloacimonadia","Cloacimonadales","Cloacimonadaceae","LNR_A2-18",NA,2025-03-11,"Wolfe v3: went back to modified wolfe + EDTA and switched CuSO4 to CUCl2",300,"final sampling date"
"945e47119242497c2e0bc5b3c6b6ba8e","Q",0.183403898308392,"Bacteria","Synergistota","Synergistia","Synergistales","Synergistaceae","Aminiphilus","midas_s_8148",2025-03-11,"Wolfe v3: went back to modified wolfe + EDTA and switched CuSO4 to CUCl2",300,"final sampling date"
"e79a45f432d0ccc86adbf9bbe7cef2a7","Q",0.159990634694554,"Bacteria","Proteobacteria","Gammaproteobacteria","Burkholderiales","Hydrogenophilaceae","Thiobacillus",NA,2025-03-11,"Wolfe v3: went back to modified wolfe + EDTA and switched CuSO4 to CUCl2",300,"final sampling date"
"c7553191e309cfc2e28aea2507e7afdf","Q",0.156088424092248,"Bacteria","Firmicutes","Clostridia","Peptostreptococcales-Tissierellales","Anaerovoracaceae","Anaerovorax",NA,2025-03-11,"Wolfe v3: went back to modified wolfe + EDTA and switched CuSO4 to CUCl2",300,"final sampling date"
"e29f9ab1342fe7d53d4f1e2d03bb5969","Q",0.154137318791095,"Bacteria","Synergistota","Synergistia","Synergistales","Synergistaceae","Syner-01",NA,2025-03-11,"Wolfe v3: went back to modified wolfe + EDTA and switched CuSO4 to CUCl2",300,"final sampling date"
"e144d237c973d831d708cac2c17df968","Q",0.150235108188789,"Bacteria","Firmicutes","Clostridia","Eubacteriales","Eubacteriaceae","Acetobacterium",NA,2025-03-11,"Wolfe v3: went back to modified wolfe + EDTA and switched CuSO4 to CUCl2",300,"final sampling date"
"206069e5a5041e6c7f39a4141aefdc19","Q",0.132675160478411,"Bacteria","Firmicutes","Clostridia","Christensenellales","Christensenellaceae","Christensenellaceae_R-7_group","midas_s_47390",2025-03-11,"Wolfe v3: went back to modified wolfe + EDTA and switched CuSO4 to CUCl2",300,"final sampling date"
"916d15ab17794198ea4c5ad1e3fb6258","Q",0.115115212768033,"Bacteria","Firmicutes","Desulfotomaculia","Desulfotomaculales","Desulfurisporaceae","Desulfurispora","midas_s_73526",2025-03-11,"Wolfe v3: went back to modified wolfe + EDTA and switched CuSO4 to CUCl2",300,"final sampling date"
"01bc6f144e0f577c7a5364ebafdb3509","Q",0.109261896864574,"Bacteria","Firmicutes","Bacilli","Erysipelotrichales","Erysipelotrichaceae","Erysipelothrix","midas_s_114219",2025-03-11,"Wolfe v3: went back to modified wolfe + EDTA and switched CuSO4 to CUCl2",300,"final sampling date"
"817555c3b5d93664c38e8fbec64eba2e","Q",0.103408580961114,"Bacteria","Synergistota","Synergistia","Synergistales","Synergistaceae","Thermovirga","midas_s_99362",2025-03-11,"Wolfe v3: went back to modified wolfe + EDTA and switched CuSO4 to CUCl2",300,"final sampling date"
"43a52ec4605b37f3671b33e61ff6fedd","Q",0.101457475659961,"Bacteria","Bacteroidota","Bacteroidia","Bacteroidales","Rikenellaceae","midas_g_36215","midas_s_87061",2025-03-11,"Wolfe v3: went back to modified wolfe + EDTA and switched CuSO4 to CUCl2",300,"final sampling date"
"66575db7635d648549a9eb5a4eafb710","Q",0.093653054455349,"Bacteria","WS1","midas_c_796","midas_o_796","midas_f_2296","midas_g_3409","midas_s_3951",2025-03-11,"Wolfe v3: went back to modified wolfe + EDTA and switched CuSO4 to CUCl2",300,"final sampling date"
"9413dd54243692b250670640c660758d","Q",0.0819464226484303,"Bacteria","Chloroflexi","Anaerolineae","SBR1031","midas_f_1469","midas_g_2178","midas_s_5149",2025-03-11,"Wolfe v3: went back to modified wolfe + EDTA and switched CuSO4 to CUCl2",300,"final sampling date"
"8a4c692c01077fa5a93913725097b3bc","Q",0.0780442120461241,"Bacteria","Proteobacteria","Alphaproteobacteria","Rhizobiales","Xanthobacteraceae","Xanthobacter",NA,2025-03-11,"Wolfe v3: went back to modified wolfe + EDTA and switched CuSO4 to CUCl2",300,"final sampling date"
"3e524f0bf09623c8530930bb8b27045c","Q",0.0780442120461241,"Bacteria","Synergistota","Synergistia","Synergistales","Synergistaceae","Syner-01",NA,2025-03-11,"Wolfe v3: went back to modified wolfe + EDTA and switched CuSO4 to CUCl2",300,"final sampling date"
"b7806c4f83108800a9c32dc83c148d95","Q",0.076093106744971,"Bacteria","Firmicutes","Clostridia","Peptostreptococcales-Tissierellales","Peptostreptococcaceae","Acetoanaerobium",NA,2025-03-11,"Wolfe v3: went back to modified wolfe + EDTA and switched CuSO4 to CUCl2",300,"final sampling date"
"3e7c933c821c9f18e53e1dda439951cf","Q",0.0663375802392055,"Bacteria","Chloroflexi","Anaerolineae","RBG-13-54-9","midas_f_4245","midas_g_84729","midas_s_84729",2025-03-11,"Wolfe v3: went back to modified wolfe + EDTA and switched CuSO4 to CUCl2",300,"final sampling date"
"4835c874610f20a02421b283dbe2f2b6","Q",0.0663375802392055,"Bacteria","Firmicutes","Clostridia","Christensenellales","Christensenellaceae","Christensenellaceae_R-7_group","midas_s_3624",2025-03-11,"Wolfe v3: went back to modified wolfe + EDTA and switched CuSO4 to CUCl2",300,"final sampling date"
"924d6dd5b8719a5281dc624d5331f14b","Q",0.0585331590345931,"Bacteria","Synergistota","Synergistia","Synergistales","Synergistaceae","Thermovirga",NA,2025-03-11,"Wolfe v3: went back to modified wolfe + EDTA and switched CuSO4 to CUCl2",300,"final sampling date"
"0709277372b3816e3986842fb10c8e96","Q",0.0507287378299807,"Bacteria","Bacteroidota","Bacteroidia","Bacteroidales","Dysgonomonadaceae","Proteiniphilum","midas_s_90161",2025-03-11,"Wolfe v3: went back to modified wolfe + EDTA and switched CuSO4 to CUCl2",300,"final sampling date"
"29b313a5262947210e3e9de415abaead","Q",0.0409732113242152,"Bacteria","Proteobacteria","Alphaproteobacteria","Rhizobiales","Rhizobiaceae","Ochrobactrum",NA,2025-03-11,"Wolfe v3: went back to modified wolfe + EDTA and switched CuSO4 to CUCl2",300,"final sampling date"
"9711e5e56376fe411f8d9ca9e739c6f1","Q",0.0409732113242152,"Bacteria","Firmicutes","Clostridia","Christensenellales","Christensenellaceae","Christensenellaceae_R-7_group",NA,2025-03-11,"Wolfe v3: went back to modified wolfe + EDTA and switched CuSO4 to CUCl2",300,"final sampling date"
"38b371de3be6ddef03bea94294e9830d","Q",0.0390221060230621,"Archaea","Euryarchaeota","Methanobacteria","Methanobacteriales","Methanobacteriaceae","Methanobacterium","Methanobacterium_beijingense",2025-03-11,"Wolfe v3: went back to modified wolfe + EDTA and switched CuSO4 to CUCl2",300,"final sampling date"
"894d5f2608f2a0e9e3bf2499f1cc6130","Q",0.0390221060230621,"Bacteria","Caldatribacteriota","Caldatribacteriia","Caldatribacteriales","Caldatribacteriaceae","Ca_Caldatribacterium",NA,2025-03-11,"Wolfe v3: went back to modified wolfe + EDTA and switched CuSO4 to CUCl2",300,"final sampling date"
"ec716420b2bb28ff5cfc5b19edbe2dfa","Q",0.037071000721909,"Bacteria","Proteobacteria","Gammaproteobacteria","Burkholderiales","Alcaligenaceae","Achromobacter","midas_s_18114",2025-03-11,"Wolfe v3: went back to modified wolfe + EDTA and switched CuSO4 to CUCl2",300,"final sampling date"
"6e21064675bd1626771d39886cc9d88b","Q",0.037071000721909,"Bacteria","Firmicutes","Clostridia","Oscillospirales","Hungateiclostridiaceae","Ercella","midas_s_59197",2025-03-11,"Wolfe v3: went back to modified wolfe + EDTA and switched CuSO4 to CUCl2",300,"final sampling date"
"702860fda44c0d44ddacb5bd79fd5d24","Q",0.0351198954207559,"Archaea","Halobacterota","Methanosarcinia","Methanosarciniales","Methanosaetaceae","Methanothrix",NA,2025-03-11,"Wolfe v3: went back to modified wolfe + EDTA and switched CuSO4 to CUCl2",300,"final sampling date"
"2e8ba4a2f665cc3ad88530fc739b1f9c","Q",0.0331687901196028,"Bacteria","Firmicutes","Desulfotomaculia","Desulfotomaculales","Pelotomaculaceae","Cryptanaerobacter","midas_s_91628",2025-03-11,"Wolfe v3: went back to modified wolfe + EDTA and switched CuSO4 to CUCl2",300,"final sampling date"
"d98dabbea4fe10de13ec5310782324e8","Q",0.0331687901196028,"Bacteria","Proteobacteria","Alphaproteobacteria","Rhizobiales","Xanthobacteraceae","Azorhizobium","midas_s_17083",2025-03-11,"Wolfe v3: went back to modified wolfe + EDTA and switched CuSO4 to CUCl2",300,"final sampling date"
"c571cb007a7d9e2dfc56e8c0b4e24104","Q",0.0331687901196028,"Bacteria","Proteobacteria","Gammaproteobacteria","Enterobacterales","Enterobacteriaceae",NA,NA,2025-03-11,"Wolfe v3: went back to modified wolfe + EDTA and switched CuSO4 to CUCl2",300,"final sampling date"
"55f0a15d367f1f98823a8accf53c1ab4","Q",0.0331687901196028,"Bacteria","Proteobacteria","Gammaproteobacteria","Burkholderiales","Comamonadaceae",NA,NA,2025-03-11,"Wolfe v3: went back to modified wolfe + EDTA and switched CuSO4 to CUCl2",300,"final sampling date"
"af9554a6cc07a34c1cb6004e3dbb865a","Q",0.0312176848184497,"Bacteria","Bacteroidota","Bacteroidia","Bacteroidales","Dysgonomonadaceae","Petrimonas","midas_s_47397",2025-03-11,"Wolfe v3: went back to modified wolfe + EDTA and switched CuSO4 to CUCl2",300,"final sampling date"
"06b3a59bd107c34e25bf5ab87f8dbdeb","Q",0.0292665795172965,"Bacteria","Bacteroidota","Bacteroidia","Bacteroidales","Dysgonomonadaceae","Proteiniphilum","Proteiniphilum_saccharofermentans",2025-03-11,"Wolfe v3: went back to modified wolfe + EDTA and switched CuSO4 to CUCl2",300,"final sampling date"
"daac17ca54538cbc9aada8497262da96","Q",0.0292665795172965,"Bacteria","Firmicutes","Negativicutes","Veillonellales-Selenomonadales","Sporomusaceae","midas_g_76603",NA,2025-03-11,"Wolfe v3: went back to modified wolfe + EDTA and switched CuSO4 to CUCl2",300,"final sampling date"
"2abe61a0cef4e3df8717de8e17bd2f88","Q",0.0273154742161434,"Bacteria","Thermotogota","Thermotogae","Kosmotogales","Kosmotogaceae","Mesotoga",NA,2025-03-11,"Wolfe v3: went back to modified wolfe + EDTA and switched CuSO4 to CUCl2",300,"final sampling date"
"659d1fe872c9b31a9e0b81eef5ca6218","Q",0.0273154742161434,"Bacteria","Firmicutes","Desulfotomaculia","Desulfotomaculales","Pelotomaculaceae","Pelotomaculum","midas_s_95439",2025-03-11,"Wolfe v3: went back to modified wolfe + EDTA and switched CuSO4 to CUCl2",300,"final sampling date"
"0e9cc4c909306f5a9562d84888902e09","Q",0.0273154742161434,"Bacteria","Armatimonadota","Chthonomonadetes","Chthonomonadales","midas_f_6187","midas_g_6187","midas_s_6187",2025-03-11,"Wolfe v3: went back to modified wolfe + EDTA and switched CuSO4 to CUCl2",300,"final sampling date"
"10ba1c6a051a49b25b443bebd244b71c","Q",0.0273154742161434,"Bacteria","Firmicutes","Negativicutes","Veillonellales-Selenomonadales",NA,NA,NA,2025-03-11,"Wolfe v3: went back to modified wolfe + EDTA and switched CuSO4 to CUCl2",300,"final sampling date"
"1ad05a58bf23396d80f11695ad750b75","Q",0.0253643689149903,"Bacteria","Desulfobacterota","Desulfuromonadia","Geobacterales","Geobacteraceae",NA,NA,2025-03-11,"Wolfe v3: went back to modified wolfe + EDTA and switched CuSO4 to CUCl2",300,"final sampling date"
"430c875622713c0d7662add2d8e7db60","Q",0.0253643689149903,"Bacteria","Desulfobacterota","Desulfovibrionia","Desulfovibrionales","Desulfovibrionaceae","Desulfovibrio","midas_s_43704",2025-03-11,"Wolfe v3: went back to modified wolfe + EDTA and switched CuSO4 to CUCl2",300,"final sampling date"
"85b80813a3be5e162f462e085b709b85","Q",0.0253643689149903,"Bacteria","Firmicutes","Clostridia","Christensenellales","Christensenellaceae","Christensenellaceae_R-7_group","midas_s_59948",2025-03-11,"Wolfe v3: went back to modified wolfe + EDTA and switched CuSO4 to CUCl2",300,"final sampling date"
"1cbf580d763d0eb5497ff2d6468e7668","Q",0.0234132636138372,"Bacteria","Firmicutes","Clostridia","Monoglobales","Monoglobaceae","Monoglobus","midas_s_78171",2025-03-11,"Wolfe v3: went back to modified wolfe + EDTA and switched CuSO4 to CUCl2",300,"final sampling date"
"cae75e1117d316c3a8f12909f766135b","Q",0.0214621583126841,"Bacteria","Actinobacteriota","Actinobacteria","Propionibacteriales","Propionibacteriaceae",NA,NA,2025-03-11,"Wolfe v3: went back to modified wolfe + EDTA and switched CuSO4 to CUCl2",300,"final sampling date"
"4f3989d95e7611bb6b5307454d75d3ce","Q",0.0214621583126841,"Bacteria","Bacteroidota","Bacteroidia","Bacteroidales","Dysgonomonadaceae","Proteiniphilum","midas_s_93948",2025-03-11,"Wolfe v3: went back to modified wolfe + EDTA and switched CuSO4 to CUCl2",300,"final sampling date"
"b4eac52cfa36ce63f24be2fc530ad204","Q",0.0214621583126841,"Bacteria","Bacteroidota","Bacteroidia","Bacteroidales","Dysgonomonadaceae","Proteiniphilum","Proteiniphilum_saccharofermentans",2025-03-11,"Wolfe v3: went back to modified wolfe + EDTA and switched CuSO4 to CUCl2",300,"final sampling date"
"3badde1c4760a921d723409ee05fead0","Q",0.0214621583126841,"Bacteria","Synergistota","Synergistia","Synergistales","Synergistaceae","JGI-0000079-D21","midas_s_976",2025-03-11,"Wolfe v3: went back to modified wolfe + EDTA and switched CuSO4 to CUCl2",300,"final sampling date"
"42655605abb4cc7bd5f1be954adf23b0","Q",0.0214621583126841,"Bacteria","Firmicutes","Clostridia","Oscillospirales","Hungateiclostridiaceae","Ruminiclostridium","midas_s_97058",2025-03-11,"Wolfe v3: went back to modified wolfe + EDTA and switched CuSO4 to CUCl2",300,"final sampling date"
"be9dcf562f0ab066c0b252d527a42d19","Q",0.0175599477103779,"Bacteria","Firmicutes","Clostridia","Peptostreptococcales-Tissierellales","Peptostreptococcaceae","Romboutsia","Romboutsia_lituseburensis",2025-03-11,"Wolfe v3: went back to modified wolfe + EDTA and switched CuSO4 to CUCl2",300,"final sampling date"
"25c54c57b4a4283237b33fdae82003c0","Q",0.0175599477103779,"Bacteria","Synergistota","Synergistia","Synergistales","Synergistaceae","EBM-39",NA,2025-03-11,"Wolfe v3: went back to modified wolfe + EDTA and switched CuSO4 to CUCl2",300,"final sampling date"
"8c740d5ca21893b47c7619df1247c75d","Q",0.0175599477103779,"Bacteria","Firmicutes","Clostridia","Christensenellales","Christensenellaceae","Christensenellaceae_R-7_group",NA,2025-03-11,"Wolfe v3: went back to modified wolfe + EDTA and switched CuSO4 to CUCl2",300,"final sampling date"
"ac9e79a82beb3b70c0c7193fff0a8524","Q",0.0156088424092248,"Bacteria","Firmicutes","Clostridia","Peptostreptococcales-Tissierellales","Anaerovoracaceae","Anaerovorax","midas_s_8128",2025-03-11,"Wolfe v3: went back to modified wolfe + EDTA and switched CuSO4 to CUCl2",300,"final sampling date"
"4aff8b715435747567cbc4ee9c82fb8b","Q",0.0156088424092248,"Bacteria","Firmicutes","Desulfitobacteriia","Desulfitobacteriales","Syntrophobotulaceae",NA,NA,2025-03-11,"Wolfe v3: went back to modified wolfe + EDTA and switched CuSO4 to CUCl2",300,"final sampling date"
"f93a48c1620894d23f4ad77d07df3c0d","Q",0.0156088424092248,"Bacteria","Firmicutes","Clostridia","Gracilibacteraceae","Lutispora","midas_g_94288","midas_s_99172",2025-03-11,"Wolfe v3: went back to modified wolfe + EDTA and switched CuSO4 to CUCl2",300,"final sampling date"
"7874e26358588d579568c866df84e136","Q",0.0136577371080717,"Archaea","Euryarchaeota","Methanobacteria","Methanobacteriales","Methanobacteriaceae","Methanobacterium","Methanobacterium_beijingense",2025-03-11,"Wolfe v3: went back to modified wolfe + EDTA and switched CuSO4 to CUCl2",300,"final sampling date"
"e98db0b2dd9e9c33ddf733f57c1ec866","Q",0.0136577371080717,"Bacteria","WS1","midas_c_796","midas_o_796","midas_f_2296","midas_g_3409","midas_s_3951",2025-03-11,"Wolfe v3: went back to modified wolfe + EDTA and switched CuSO4 to CUCl2",300,"final sampling date"
"f2fbdc2b912ea775653691981335232f","Q",0.0136577371080717,"Bacteria","Chloroflexi","Anaerolineae","RBG-13-54-9","midas_f_20645","midas_g_35108","midas_s_35108",2025-03-11,"Wolfe v3: went back to modified wolfe + EDTA and switched CuSO4 to CUCl2",300,"final sampling date"
"d42912a22b570ab99938b745999ae2cc","Q",0.0136577371080717,"Bacteria","Bacteroidota","Bacteroidia","Bacteroidales","Bacteroidaceae","Bacteroides","midas_s_56922",2025-03-11,"Wolfe v3: went back to modified wolfe + EDTA and switched CuSO4 to CUCl2",300,"final sampling date"
"6de274487e1c875df3c574ec3fcd05d0","Q",0.0136577371080717,"Bacteria","Firmicutes","Clostridia","Peptostreptococcales-Tissierellales","Anaerovoracaceae","Anaerovorax","midas_s_8128",2025-03-11,"Wolfe v3: went back to modified wolfe + EDTA and switched CuSO4 to CUCl2",300,"final sampling date"
"cead0ca51f97bc24bf11b1d1d12aee6e","Q",0.0136577371080717,"Bacteria","Firmicutes","Clostridia","Christensenellales","Christensenellaceae","Christensenellaceae_R-7_group",NA,2025-03-11,"Wolfe v3: went back to modified wolfe + EDTA and switched CuSO4 to CUCl2",300,"final sampling date"
"868a2dd217365ddd6d6ab64d48aeed4a","Q",0.0136577371080717,"Bacteria","Firmicutes",NA,NA,NA,NA,NA,2025-03-11,"Wolfe v3: went back to modified wolfe + EDTA and switched CuSO4 to CUCl2",300,"final sampling date"
"20d1b4770481360a89bb379b281db93a","Q",0.0136577371080717,"Bacteria","Bacteroidota","Bacteroidia","Bacteroidales","Dysgonomonadaceae","Proteiniphilum",NA,2025-03-11,"Wolfe v3: went back to modified wolfe + EDTA and switched CuSO4 to CUCl2",300,"final sampling date"
"e0aa5d72484a7001d9f3237d5e0afdbe","Q",0.0117066318069186,"Archaea","Euryarchaeota","Methanobacteria","Methanobacteriales","Methanobacteriaceae","Methanobacterium","Methanobacterium_beijingense",2025-03-11,"Wolfe v3: went back to modified wolfe + EDTA and switched CuSO4 to CUCl2",300,"final sampling date"
"ce264b1fd05f8dfc0dd2941a2b170a3a","Q",0.0117066318069186,"Bacteria","Chloroflexi","Anaerolineae","Anaerolineales","Anaerolineaceae","Pelolinea","midas_s_78044",2025-03-11,"Wolfe v3: went back to modified wolfe + EDTA and switched CuSO4 to CUCl2",300,"final sampling date"
"41a37ee9d1bf5c5de939f2062f3add2f","Q",0.0117066318069186,"Bacteria","Chloroflexi","Anaerolineae","SBR1031","midas_f_1469","midas_g_2178","midas_s_5149",2025-03-11,"Wolfe v3: went back to modified wolfe + EDTA and switched CuSO4 to CUCl2",300,"final sampling date"
"49c2b5d0aaf2ac8b0ee6cae5b6c5a8f4","Q",0.0117066318069186,"Bacteria","Proteobacteria","Alphaproteobacteria","Rhizobiales","Xanthobacteraceae","Pseudolabrys","midas_s_19889",2025-03-11,"Wolfe v3: went back to modified wolfe + EDTA and switched CuSO4 to CUCl2",300,"final sampling date"
"c4118088ab2644671a1d9d540c060b19","Q",0.0117066318069186,"Bacteria","Firmicutes","Limnochordia","Limnochordales","Limnochordaceae","midas_g_92370",NA,2025-03-11,"Wolfe v3: went back to modified wolfe + EDTA and switched CuSO4 to CUCl2",300,"final sampling date"
"8ceb27fb1241cb4a8c0e2673011e1f03","Q",0.0117066318069186,"Bacteria","Synergistota","Synergistia","Synergistales","Synergistaceae","Syner-01",NA,2025-03-11,"Wolfe v3: went back to modified wolfe + EDTA and switched CuSO4 to CUCl2",300,"final sampling date"
"380c64674875dbcea485ba8f1ce26a6c","Q",0.0117066318069186,"Bacteria","Firmicutes","Clostridia","Oscillospirales","Hungateiclostridiaceae","midas_g_98124","midas_s_99703",2025-03-11,"Wolfe v3: went back to modified wolfe + EDTA and switched CuSO4 to CUCl2",300,"final sampling date"
"ce96aba4d82cdb5ffa5b76128cfbb917","Q",0.0117066318069186,"Bacteria","Firmicutes","Clostridia","Clostridia_vadinBB60_group","midas_f_84699","midas_g_114155","midas_s_114155",2025-03-11,"Wolfe v3: went back to modified wolfe + EDTA and switched CuSO4 to CUCl2",300,"final sampling date"
"b6e342d9f4e409f24eea3859aa76e82a","Q",0.0117066318069186,"Bacteria","Firmicutes","midas_c_4","midas_o_4","midas_f_222","midas_g_97311","midas_s_97311",2025-03-11,"Wolfe v3: went back to modified wolfe + EDTA and switched CuSO4 to CUCl2",300,"final sampling date"
"5c47bc05a863e9774f4c18b376dcea96","Q",0.00975552650576552,"Bacteria","Actinobacteriota","Actinobacteria","Propionibacteriales","Propionibacteriaceae",NA,NA,2025-03-11,"Wolfe v3: went back to modified wolfe + EDTA and switched CuSO4 to CUCl2",300,"final sampling date"
"5aedbe3e251e0d4e14e560c494c760fc","Q",0.00975552650576552,"Bacteria","Chloroflexi","Anaerolineae","Anaerolineales","Anaerolineaceae","Bellilinea","Bellilinea_caldifistulae",2025-03-11,"Wolfe v3: went back to modified wolfe + EDTA and switched CuSO4 to CUCl2",300,"final sampling date"
"17d8fa3800f4832276885d97131badb2","Q",0.00975552650576552,"Bacteria","Firmicutes","Clostridia",NA,NA,NA,NA,2025-03-11,"Wolfe v3: went back to modified wolfe + EDTA and switched CuSO4 to CUCl2",300,"final sampling date"
"4bea53b2aad77f2569a0182f6b84255e","Q",0.00975552650576552,"Bacteria","Bacteroidota","Bacteroidia","Bacteroidales","Dysgonomonadaceae","Dysgonomonas","midas_s_30643",2025-03-11,"Wolfe v3: went back to modified wolfe + EDTA and switched CuSO4 to CUCl2",300,"final sampling date"
"c8db0a5ed83ab440ce7a40a38a4031a8","Q",0.00975552650576552,"Bacteria","Synergistota","Synergistia","Synergistales","Synergistaceae","Aminivibrio","midas_s_58933",2025-03-11,"Wolfe v3: went back to modified wolfe + EDTA and switched CuSO4 to CUCl2",300,"final sampling date"
"b4ececcefd46ce904966bef46cd47514","Q",0.00975552650576552,"Bacteria","Synergistota","Synergistia","Synergistales","Synergistaceae","Aminivibrio","midas_s_58933",2025-03-11,"Wolfe v3: went back to modified wolfe + EDTA and switched CuSO4 to CUCl2",300,"final sampling date"
"a82691ab5fd4e8d3d3b23b7958c8e764","Q",0.00975552650576552,"Bacteria","Firmicutes","Thermoanaerobacteria","Thermoanaerobacterales","SRB2","midas_g_97954","midas_s_97954",2025-03-11,"Wolfe v3: went back to modified wolfe + EDTA and switched CuSO4 to CUCl2",300,"final sampling date"
"0d1f62d4f2f7227766a17f0340567129","Q",0.00975552650576552,"Bacteria","Firmicutes","Syntrophomonadia","Syntrophomonadales","Syntrophomonadaceae","Syntrophomonas",NA,2025-03-11,"Wolfe v3: went back to modified wolfe + EDTA and switched CuSO4 to CUCl2",300,"final sampling date"
"e4af2f174fa032b023bacc623536ce9b","Q",0.00780442120461241,"Archaea","Euryarchaeota","Methanobacteria","Methanobacteriales","Methanobacteriaceae","Methanobacterium","midas_s_9526",2025-03-11,"Wolfe v3: went back to modified wolfe + EDTA and switched CuSO4 to CUCl2",300,"final sampling date"
"67a8dc9f44ef6f2d8399c4dd22d04cf2","Q",0.00780442120461241,"Archaea","Euryarchaeota","Methanobacteria","Methanobacteriales","Methanobacteriaceae","Methanobacterium","midas_s_9526",2025-03-11,"Wolfe v3: went back to modified wolfe + EDTA and switched CuSO4 to CUCl2",300,"final sampling date"
"19083703874fec5c0e976f6ca4fa6bc9","Q",0.00780442120461241,"Bacteria","Actinobacteriota","Actinobacteria","Corynebacteriales","Nocardiaceae","Rhodococcus",NA,2025-03-11,"Wolfe v3: went back to modified wolfe + EDTA and switched CuSO4 to CUCl2",300,"final sampling date"
"86d8b22d008c02c166ab930218a92e10","Q",0.00780442120461241,"Bacteria","Chloroflexi","Anaerolineae","RBG-13-54-9","midas_f_20645","midas_g_98374","midas_s_100532",2025-03-11,"Wolfe v3: went back to modified wolfe + EDTA and switched CuSO4 to CUCl2",300,"final sampling date"
"60e0146e03242db09941a466fe9f9ffd","Q",0.00780442120461241,"Bacteria","Chloroflexi","Anaerolineae","SBR1031","Flexifilaceae","midas_g_8129","midas_s_8129",2025-03-11,"Wolfe v3: went back to modified wolfe + EDTA and switched CuSO4 to CUCl2",300,"final sampling date"
"deb262fd92af4fdcd3b6240303048b2a","Q",0.00780442120461241,"Bacteria","WPS-2","midas_c_55","midas_o_1194","midas_f_1770","midas_g_2901","midas_s_3072",2025-03-11,"Wolfe v3: went back to modified wolfe + EDTA and switched CuSO4 to CUCl2",300,"final sampling date"
"8b4cfe4840293e7b9083d23016487900","Q",0.00780442120461241,"Bacteria","Proteobacteria","Gammaproteobacteria","Xanthomonadales","Xanthomonadaceae","Stenotrophomonas",NA,2025-03-11,"Wolfe v3: went back to modified wolfe + EDTA and switched CuSO4 to CUCl2",300,"final sampling date"
"0e94028fc4f20d3a8f9df973f3a93e58","Q",0.00780442120461241,"Bacteria","Proteobacteria","Gammaproteobacteria","Burkholderiales","Comamonadaceae",NA,NA,2025-03-11,"Wolfe v3: went back to modified wolfe + EDTA and switched CuSO4 to CUCl2",300,"final sampling date"
"82864a780f7d57947ef3451dd7539740","Q",0.00780442120461241,"Bacteria","Firmicutes","Clostridia","Peptostreptococcales-Tissierellales","Family_XI","Soehngenia","midas_s_93169",2025-03-11,"Wolfe v3: went back to modified wolfe + EDTA and switched CuSO4 to CUCl2",300,"final sampling date"
"201a9f507c9b354eb162adf1f311c607","Q",0.00780442120461241,"Bacteria","Firmicutes","midas_c_4","DTU014","midas_f_148","midas_g_515",NA,2025-03-11,"Wolfe v3: went back to modified wolfe + EDTA and switched CuSO4 to CUCl2",300,"final sampling date"
"b5b93f7fc3d0a88dff0ced83eb0bb5ab","Q",0.00780442120461241,"Bacteria","Firmicutes","D8A-2","midas_o_13","midas_f_13","midas_g_554","midas_s_116552",2025-03-11,"Wolfe v3: went back to modified wolfe + EDTA and switched CuSO4 to CUCl2",300,"final sampling date"
"af085531a8a743571fb9ed6c2e5935bd","Q",0.00780442120461241,"Bacteria","Synergistota","Synergistia","Synergistales","Synergistaceae","Aminivibrio","midas_s_58933",2025-03-11,"Wolfe v3: went back to modified wolfe + EDTA and switched CuSO4 to CUCl2",300,"final sampling date"
"1e58237ad5030f0effcef3a43dc356f9","Q",0.00780442120461241,"Bacteria","Synergistota","Synergistia","Synergistales","Synergistaceae","Syner-01",NA,2025-03-11,"Wolfe v3: went back to modified wolfe + EDTA and switched CuSO4 to CUCl2",300,"final sampling date"
"b7161212930481a22c4413f74a63b3c3","Q",0.00780442120461241,"Bacteria","Synergistota","Synergistia","Synergistales","Synergistaceae",NA,NA,2025-03-11,"Wolfe v3: went back to modified wolfe + EDTA and switched CuSO4 to CUCl2",300,"final sampling date"
"ed8d4ddbcd038b4a641db9544d629437","Q",0.00780442120461241,"Bacteria","Firmicutes","Clostridia","Christensenellales","Christensenellaceae","Christensenellaceae_R-7_group",NA,2025-03-11,"Wolfe v3: went back to modified wolfe + EDTA and switched CuSO4 to CUCl2",300,"final sampling date"
"ee14afe4571845779465f8dc9646c7b4","Q",0.00780442120461241,"Bacteria","Firmicutes","Clostridia","Christensenellales","Christensenellaceae","Christensenellaceae_R-7_group",NA,2025-03-11,"Wolfe v3: went back to modified wolfe + EDTA and switched CuSO4 to CUCl2",300,"final sampling date"
"7c1e9dffa226af1a81a5d6129e8d546d","Q",0.00780442120461241,"Bacteria","Firmicutes","Clostridia","Oscillospirales","Oscillospiraceae","Oscillibacter",NA,2025-03-11,"Wolfe v3: went back to modified wolfe + EDTA and switched CuSO4 to CUCl2",300,"final sampling date"
"f437261ff1458ebf1aa7f6dc7bf69e58","Q",0.00780442120461241,"Bacteria","Firmicutes","Clostridia","Oscillospirales","Ruminococcaceae","Caproiciproducens",NA,2025-03-11,"Wolfe v3: went back to modified wolfe + EDTA and switched CuSO4 to CUCl2",300,"final sampling date"
"99a197229849c15140fc329cff0ccb90","Q",0.00780442120461241,"Bacteria","Firmicutes","Clostridia","Oscillospirales","Hungateiclostridiaceae","midas_g_2604","midas_s_2604",2025-03-11,"Wolfe v3: went back to modified wolfe + EDTA and switched CuSO4 to CUCl2",300,"final sampling date"
"acbbb1d2ae3e703c4ab7ef5605b5c849","Q",0.00585331590345931,"Archaea","Euryarchaeota","Methanobacteria","Methanobacteriales","Methanobacteriaceae","Methanobacterium",NA,2025-03-11,"Wolfe v3: went back to modified wolfe + EDTA and switched CuSO4 to CUCl2",300,"final sampling date"
"35dbde30af820a2c3bcd85216229ad6a","Q",0.00585331590345931,"Archaea","Halobacterota","Methanosarcinia","Methanosarciniales","Methanosarcinaceae","Methanosarcina",NA,2025-03-11,"Wolfe v3: went back to modified wolfe + EDTA and switched CuSO4 to CUCl2",300,"final sampling date"
"f00e64bb0f0ab722c6b69d93a165e4a7","Q",0.00585331590345931,"Archaea","Euryarchaeota","Methanobacteria","Methanobacteriales","Methanobacteriaceae","Methanobacterium","Methanobacterium_beijingense",2025-03-11,"Wolfe v3: went back to modified wolfe + EDTA and switched CuSO4 to CUCl2",300,"final sampling date"
"d7abc0a1de5d0d90ef2082eb3ec06f6d","Q",0.00585331590345931,"Archaea","Euryarchaeota","Methanobacteria","Methanobacteriales","Methanobacteriaceae","Methanobacterium","Methanobacterium_beijingense",2025-03-11,"Wolfe v3: went back to modified wolfe + EDTA and switched CuSO4 to CUCl2",300,"final sampling date"
"a64cb893b96d0feaea202198ea9346e7","Q",0.00585331590345931,"Archaea","Euryarchaeota","Methanobacteria","Methanobacteriales","Methanobacteriaceae","Methanobacterium",NA,2025-03-11,"Wolfe v3: went back to modified wolfe + EDTA and switched CuSO4 to CUCl2",300,"final sampling date"
"1fcda56a65c09f1d3002f1b791ae043e","Q",0.00585331590345931,"Bacteria","WS1","midas_c_796","midas_o_796","midas_f_2296","midas_g_3409","midas_s_3951",2025-03-11,"Wolfe v3: went back to modified wolfe + EDTA and switched CuSO4 to CUCl2",300,"final sampling date"
"74de096962bf01d10b3efd06738df1ea","Q",0.00585331590345931,"Bacteria","WS1","midas_c_796","midas_o_796","midas_f_2296","midas_g_3409","midas_s_3951",2025-03-11,"Wolfe v3: went back to modified wolfe + EDTA and switched CuSO4 to CUCl2",300,"final sampling date"
"469da3cc4a3e8928f310c6030cffd8b7","Q",0.00585331590345931,"Bacteria","WS1","midas_c_796","midas_o_796","midas_f_2296","midas_g_3409","midas_s_3951",2025-03-11,"Wolfe v3: went back to modified wolfe + EDTA and switched CuSO4 to CUCl2",300,"final sampling date"
"7e7413a80f5f54097c840aa6fc290316","Q",0.00585331590345931,"Bacteria",NA,NA,NA,NA,NA,NA,2025-03-11,"Wolfe v3: went back to modified wolfe + EDTA and switched CuSO4 to CUCl2",300,"final sampling date"
"92e0c9bd9d744628064195609caeb38e","Q",0.00585331590345931,"Bacteria","Chloroflexi","Anaerolineae","RBG-13-54-9","midas_f_4245","midas_g_84729",NA,2025-03-11,"Wolfe v3: went back to modified wolfe + EDTA and switched CuSO4 to CUCl2",300,"final sampling date"
"a07b2ad3ee34db785c97d9c45f88d7f8","Q",0.00585331590345931,"Bacteria","Chloroflexi","Anaerolineae","SBR1031","midas_f_1469","midas_g_2178","midas_s_5149",2025-03-11,"Wolfe v3: went back to modified wolfe + EDTA and switched CuSO4 to CUCl2",300,"final sampling date"
"9cc421e9d947ad1f8cb10be3306b8f7d","Q",0.00585331590345931,"Bacteria",NA,NA,NA,NA,NA,NA,2025-03-11,"Wolfe v3: went back to modified wolfe + EDTA and switched CuSO4 to CUCl2",300,"final sampling date"
"5af69ae9514114185c91b175dbed2054","Q",0.00585331590345931,"Bacteria","Firmicutes","Desulfotomaculia","Desulfotomaculales","Pelotomaculaceae",NA,NA,2025-03-11,"Wolfe v3: went back to modified wolfe + EDTA and switched CuSO4 to CUCl2",300,"final sampling date"
"f5edfe58c5a39656d8758989e54a025d","Q",0.00585331590345931,"Bacteria","Firmicutes","Desulfotomaculia","Desulfotomaculales","Pelotomaculaceae","Cryptanaerobacter",NA,2025-03-11,"Wolfe v3: went back to modified wolfe + EDTA and switched CuSO4 to CUCl2",300,"final sampling date"
"becd617ee75c6fa3b44dc64387a49d69","Q",0.00585331590345931,"Bacteria","Bacteroidota","Bacteroidia","Bacteroidales","Rikenellaceae","midas_g_36215","midas_s_87061",2025-03-11,"Wolfe v3: went back to modified wolfe + EDTA and switched CuSO4 to CUCl2",300,"final sampling date"
"d258dca6623596db00e28d2680d9fb5a","Q",0.00585331590345931,"Bacteria","Bacteroidota","Bacteroidia","Bacteroidales","Dysgonomonadaceae","Petrimonas",NA,2025-03-11,"Wolfe v3: went back to modified wolfe + EDTA and switched CuSO4 to CUCl2",300,"final sampling date"
"8393196bb25f89533e3f8d0e9ab270e4","Q",0.00585331590345931,"Bacteria","Bacteroidota","Bacteroidia","Bacteroidales","Dysgonomonadaceae","Petrimonas",NA,2025-03-11,"Wolfe v3: went back to modified wolfe + EDTA and switched CuSO4 to CUCl2",300,"final sampling date"
"75177c23d41ead53f764d1f59baa615e","Q",0.00585331590345931,"Bacteria","Bacteroidota","Bacteroidia","Sphingobacteriales","Lentimicrobiaceae","Lentimicrobium",NA,2025-03-11,"Wolfe v3: went back to modified wolfe + EDTA and switched CuSO4 to CUCl2",300,"final sampling date"
"2d36e8ae4ed9d0628a90b01480935e14","Q",0.00585331590345931,"Bacteria","Proteobacteria","Alphaproteobacteria","Rhizobiales",NA,NA,NA,2025-03-11,"Wolfe v3: went back to modified wolfe + EDTA and switched CuSO4 to CUCl2",300,"final sampling date"
"6219ede074ea18c403811253abfc21e5","Q",0.00585331590345931,"Bacteria","Bacteroidota","Bacteroidia","Sphingobacteriales","Lentimicrobiaceae","Lentimicrobium",NA,2025-03-11,"Wolfe v3: went back to modified wolfe + EDTA and switched CuSO4 to CUCl2",300,"final sampling date"
"dd07e924156039f8e953d5ea58ab5023","Q",0.00585331590345931,"Bacteria","SAR324_cladeMarine_group_B","midas_c_814","midas_o_928","Ca_Phosphitivoracaceae","Ca_Phosphitivorax","Ca_Phosphitivorax_butyraticus",2025-03-11,"Wolfe v3: went back to modified wolfe + EDTA and switched CuSO4 to CUCl2",300,"final sampling date"
"f70762d9b448700daaee95afc0a81947","Q",0.00585331590345931,"Bacteria","Proteobacteria","Gammaproteobacteria","Burkholderiales",NA,NA,NA,2025-03-11,"Wolfe v3: went back to modified wolfe + EDTA and switched CuSO4 to CUCl2",300,"final sampling date"
"5fe0c6a4c2aa7f9ffa8470268bc73eac","Q",0.00585331590345931,"Bacteria","Campylobacterota","Campylobacteria","Campylobacterales","Sulfurospirillaceae","Sulfurospirillum","Sulfurospirillum_cavolei",2025-03-11,"Wolfe v3: went back to modified wolfe + EDTA and switched CuSO4 to CUCl2",300,"final sampling date"
"0ef28e9911f6d91c6782d8c482c9c3dd","Q",0.00585331590345931,"Bacteria","Spirochaetota","Spirochaetia","Spirochaetales","Spirochaetaceae","Sphaerochaeta","midas_s_92051",2025-03-11,"Wolfe v3: went back to modified wolfe + EDTA and switched CuSO4 to CUCl2",300,"final sampling date"
"9b320388c2907b8af20c2e70aed9cdf6","Q",0.00585331590345931,"Bacteria","Firmicutes","Bacilli","Erysipelotrichales","Erysipelotrichaceae","Erysipelothrix","midas_s_114219",2025-03-11,"Wolfe v3: went back to modified wolfe + EDTA and switched CuSO4 to CUCl2",300,"final sampling date"
"5a6520a634bb27352c524ba237fd0d64","Q",0.00585331590345931,"Bacteria","Firmicutes","Bacilli","Erysipelotrichales","Erysipelotrichaceae","Erysipelothrix","midas_s_22101",2025-03-11,"Wolfe v3: went back to modified wolfe + EDTA and switched CuSO4 to CUCl2",300,"final sampling date"
"e78a4809f944f61c69e56a00efdf3600","Q",0.00585331590345931,"Bacteria","Firmicutes","Bacilli","Erysipelotrichales","Erysipelotrichaceae","Erysipelothrix","midas_s_114219",2025-03-11,"Wolfe v3: went back to modified wolfe + EDTA and switched CuSO4 to CUCl2",300,"final sampling date"
"c7a6f08022f5e609e9ccd58496796e55","Q",0.00585331590345931,"Bacteria","Firmicutes","Clostridia","Christensenellales","Christensenellaceae","Christensenellaceae_R-7_group",NA,2025-03-11,"Wolfe v3: went back to modified wolfe + EDTA and switched CuSO4 to CUCl2",300,"final sampling date"
"f66e0bd048f99f9348c92d765e755e39","Q",0.00585331590345931,"Bacteria","Synergistota","Synergistia","Synergistales","Synergistaceae","Aminivibrio","midas_s_58933",2025-03-11,"Wolfe v3: went back to modified wolfe + EDTA and switched CuSO4 to CUCl2",300,"final sampling date"
"5be77bcb71808d5620f46714bcd5152e","Q",0.00585331590345931,"Bacteria","Synergistota","Synergistia","Synergistales","Synergistaceae","Syner-01",NA,2025-03-11,"Wolfe v3: went back to modified wolfe + EDTA and switched CuSO4 to CUCl2",300,"final sampling date"
"02e5aa8b2279bb6d9eef1591c1bd5c44","Q",0.00585331590345931,"Bacteria","Firmicutes","Clostridia","Christensenellales","Christensenellaceae","Christensenellaceae_R-7_group","midas_s_99049",2025-03-11,"Wolfe v3: went back to modified wolfe + EDTA and switched CuSO4 to CUCl2",300,"final sampling date"
"f847d5bbe9c5a3555db3988cfa1b838f","Q",0.00585331590345931,"Bacteria","Firmicutes","Clostridia","Peptococcales","Peptococcaceae","Dehalobacterium",NA,2025-03-11,"Wolfe v3: went back to modified wolfe + EDTA and switched CuSO4 to CUCl2",300,"final sampling date"
"33c0c1759b577b9af58fdf74532f850a","Q",0.00585331590345931,"Bacteria","Firmicutes","Clostridia","Oscillospirales","Hungateiclostridiaceae",NA,NA,2025-03-11,"Wolfe v3: went back to modified wolfe + EDTA and switched CuSO4 to CUCl2",300,"final sampling date"
"5538dfd735d36dd62ae5ba7c93293ea3","Q",0.00585331590345931,"Bacteria","Firmicutes","Clostridia","Oscillospirales","UCG-010","midas_g_112760","midas_s_112760",2025-03-11,"Wolfe v3: went back to modified wolfe + EDTA and switched CuSO4 to CUCl2",300,"final sampling date"
"aa7963b37050e92d962d2fd26aea35d4","Q",0.00390221060230621,"Bacteria",NA,NA,NA,NA,NA,NA,2025-03-11,"Wolfe v3: went back to modified wolfe + EDTA and switched CuSO4 to CUCl2",300,"final sampling date"
"a97816a0b52b71fe5a7fc8bd537232e1","Q",0.00390221060230621,"Bacteria","Thermotogota","Thermotogae","Kosmotogales","Kosmotogaceae","Mesotoga",NA,2025-03-11,"Wolfe v3: went back to modified wolfe + EDTA and switched CuSO4 to CUCl2",300,"final sampling date"
"e1c573f885ed4c9191a32116f583d78a","Q",0.00390221060230621,"Bacteria","Armatimonadota","midas_c_216","midas_o_92789","midas_f_92789","midas_g_114295","midas_s_114295",2025-03-11,"Wolfe v3: went back to modified wolfe + EDTA and switched CuSO4 to CUCl2",300,"final sampling date"
"d1a1aa662f58882236fe1052f54f54e4","Q",0.00390221060230621,"Bacteria","Chloroflexi","Anaerolineae","RBG-13-54-9",NA,NA,NA,2025-03-11,"Wolfe v3: went back to modified wolfe + EDTA and switched CuSO4 to CUCl2",300,"final sampling date"
"d5e939a80cd935256424832c8135ab67","Q",0.00390221060230621,"Archaea","Euryarchaeota","Methanobacteria","Methanobacteriales","Methanobacteriaceae","Methanobrevibacter","Methanobrevibacter_olleyae",2025-03-11,"Wolfe v3: went back to modified wolfe + EDTA and switched CuSO4 to CUCl2",300,"final sampling date"
"940021f82a61b343178e7948608b3049","Q",0.00390221060230621,"Bacteria","Chloroflexi","Anaerolineae","Caldilineales","Caldilineaceae","midas_g_3064",NA,2025-03-11,"Wolfe v3: went back to modified wolfe + EDTA and switched CuSO4 to CUCl2",300,"final sampling date"
"41462a2ea2ecfae926f39321194827f4","Q",0.00390221060230621,"Bacteria","Bacteroidota","Bacteroidia","Bacteroidales","Dysgonomonadaceae","Petrimonas",NA,2025-03-11,"Wolfe v3: went back to modified wolfe + EDTA and switched CuSO4 to CUCl2",300,"final sampling date"
"366733dfd74c03f461869ba27c83b891","Q",0.00390221060230621,"Bacteria","Bacteroidota","Bacteroidia","Bacteroidales","Dysgonomonadaceae","Petrimonas",NA,2025-03-11,"Wolfe v3: went back to modified wolfe + EDTA and switched CuSO4 to CUCl2",300,"final sampling date"
"3115ae1d2080a58703f7d1b3f173f747","Q",0.00390221060230621,"Bacteria","Bacteroidota","Bacteroidia","Bacteroidales",NA,NA,NA,2025-03-11,"Wolfe v3: went back to modified wolfe + EDTA and switched CuSO4 to CUCl2",300,"final sampling date"
"44f36296fa6c3d11f304f1300a6aa365","Q",0.00390221060230621,"Bacteria","Firmicutes","Bacilli","Erysipelotrichales","Erysipelotrichaceae",NA,NA,2025-03-11,"Wolfe v3: went back to modified wolfe + EDTA and switched CuSO4 to CUCl2",300,"final sampling date"
"17d21713cdb0026b84bd804c7e7ee88f","Q",0.00390221060230621,"Bacteria","Desulfobacterota","Desulfuromonadia","Desulfuromonadales","Desulfuromonadaceae","midas_g_30443","midas_s_47294",2025-03-11,"Wolfe v3: went back to modified wolfe + EDTA and switched CuSO4 to CUCl2",300,"final sampling date"
"9e13d93777151eb613fe284d55d30c88","Q",0.00390221060230621,"Bacteria","Proteobacteria","Alphaproteobacteria","Rhizobiales","Xanthobacteraceae","Xanthobacter",NA,2025-03-11,"Wolfe v3: went back to modified wolfe + EDTA and switched CuSO4 to CUCl2",300,"final sampling date"
"1ac4b8ed3e2b40be0cbd32ecc6bb0b1e","Q",0.00390221060230621,"Bacteria","Proteobacteria","Alphaproteobacteria","Sphingomonadales","Sphingomonadaceae",NA,NA,2025-03-11,"Wolfe v3: went back to modified wolfe + EDTA and switched CuSO4 to CUCl2",300,"final sampling date"
"2c452b25c7f3c62be462d8f47ed179e3","Q",0.00390221060230621,"Bacteria","Desulfobacterota","Desulfobulbia","Desulfobulbales","Desulfobulbaceae","Desulfobulbus",NA,2025-03-11,"Wolfe v3: went back to modified wolfe + EDTA and switched CuSO4 to CUCl2",300,"final sampling date"
"3b7d2fa3c33af3bb532f7f99632313ab","Q",0.00390221060230621,"Bacteria",NA,NA,NA,NA,NA,NA,2025-03-11,"Wolfe v3: went back to modified wolfe + EDTA and switched CuSO4 to CUCl2",300,"final sampling date"
"d29af3edf47d3da3fdb5125ab44e9e9e","Q",0.00390221060230621,"Bacteria","Firmicutes","Clostridia","Peptostreptococcales-Tissierellales","Anaerovoracaceae","Anaerovorax",NA,2025-03-11,"Wolfe v3: went back to modified wolfe + EDTA and switched CuSO4 to CUCl2",300,"final sampling date"
"974ef761042d5fbf7b56f8ce47c2835b","Q",0.00390221060230621,"Bacteria","Synergistota","Synergistia","Synergistales","Synergistaceae","Aminivibrio","midas_s_58933",2025-03-11,"Wolfe v3: went back to modified wolfe + EDTA and switched CuSO4 to CUCl2",300,"final sampling date"
"410e17c91b71140623127a81fc9c1394","Q",0.00390221060230621,"Bacteria","Synergistota","Synergistia","Synergistales","Synergistaceae","Aminivibrio","midas_s_58933",2025-03-11,"Wolfe v3: went back to modified wolfe + EDTA and switched CuSO4 to CUCl2",300,"final sampling date"
"7a930632221fc23ee8e8a505e317770b","Q",0.00390221060230621,"Bacteria","Synergistota","Synergistia","Synergistales","Synergistaceae","Syner-01",NA,2025-03-11,"Wolfe v3: went back to modified wolfe + EDTA and switched CuSO4 to CUCl2",300,"final sampling date"
"562cf6de43317542399213abb9dcf723","Q",0.00390221060230621,"Bacteria","Synergistota","Synergistia","Synergistales","Synergistaceae","Aminiphilus",NA,2025-03-11,"Wolfe v3: went back to modified wolfe + EDTA and switched CuSO4 to CUCl2",300,"final sampling date"
"2c4835acd29039a6271cf50ec873938b","Q",0.00390221060230621,"Bacteria","Synergistota","Synergistia","Synergistales","Synergistaceae","JGI-0000079-D21","midas_s_976",2025-03-11,"Wolfe v3: went back to modified wolfe + EDTA and switched CuSO4 to CUCl2",300,"final sampling date"
"b26eb5a5ca6820d220d5433b1cffa5e6","Q",0.0019511053011531,"Bacteria","Proteobacteria","Alphaproteobacteria","Sphingomonadales","Sphingomonadaceae","Sphingopyxis",NA,2025-03-11,"Wolfe v3: went back to modified wolfe + EDTA and switched CuSO4 to CUCl2",300,"final sampling date"
"fef9026196726437d83021276c40e95c","Q",0.0019511053011531,"Bacteria","Firmicutes","Negativicutes","Veillonellales-Selenomonadales","Sporomusaceae","midas_g_76603","midas_s_76603",2025-03-11,"Wolfe v3: went back to modified wolfe + EDTA and switched CuSO4 to CUCl2",300,"final sampling date"
"0a080f68f8c16188fe250be4dbeecae5","Q",0.0019511053011531,"Bacteria","Firmicutes","Negativicutes","Veillonellales-Selenomonadales","Sporomusaceae","midas_g_76603","midas_s_76603",2025-03-11,"Wolfe v3: went back to modified wolfe + EDTA and switched CuSO4 to CUCl2",300,"final sampling date"
"08550dab9a71f9121b07319c50f5eec7","Q",0.0019511053011531,"Bacteria","Firmicutes","Clostridia","Christensenellales","Christensenellaceae","Christensenellaceae_R-7_group",NA,2025-03-11,"Wolfe v3: went back to modified wolfe + EDTA and switched CuSO4 to CUCl2",300,"final sampling date"
"c4617cb108d1c36a232c9f12ec46034d","Q",0,"Archaea","Euryarchaeota","Methanobacteria","Methanobacteriales","Methanobacteriaceae","Methanobacterium",NA,2025-03-11,"Wolfe v3: went back to modified wolfe + EDTA and switched CuSO4 to CUCl2",300,"final sampling date"
"4ccc31c7fb4e7861ba66efdf9c5706c0","Q",0,"Archaea","Euryarchaeota","Methanobacteria","Methanobacteriales","Methanobacteriaceae","Methanobacterium",NA,2025-03-11,"Wolfe v3: went back to modified wolfe + EDTA and switched CuSO4 to CUCl2",300,"final sampling date"
"0e2e50ea2d7a3366dcca1f3262040bb0","Q",0,"Archaea","Euryarchaeota","Methanobacteria","Methanobacteriales","Methanobacteriaceae","Methanobacterium","Methanobacterium_formicicum",2025-03-11,"Wolfe v3: went back to modified wolfe + EDTA and switched CuSO4 to CUCl2",300,"final sampling date"
"7b93ff9b2b7ff23722305deb2a9ef5a6","Q",0,"Archaea","Halobacterota","Methanosarcinia","Methanosarciniales","Methanosarcinaceae","Methanosarcina",NA,2025-03-11,"Wolfe v3: went back to modified wolfe + EDTA and switched CuSO4 to CUCl2",300,"final sampling date"
"1aede2d5c2e052cf33e4fbbc76abf4bb","Q",0,"Archaea","Halobacterota","Methanosarcinia","Methanosarciniales","Methanosarcinaceae","Methanosarcina",NA,2025-03-11,"Wolfe v3: went back to modified wolfe + EDTA and switched CuSO4 to CUCl2",300,"final sampling date"
"136c27e1efa2b99fb71cdff938615daa","Q",0,"Archaea","Euryarchaeota","Methanobacteria","Methanobacteriales","Methanobacteriaceae","Methanobacterium","midas_s_9526",2025-03-11,"Wolfe v3: went back to modified wolfe + EDTA and switched CuSO4 to CUCl2",300,"final sampling date"
"c63c5d8abeb7abd9c7086b6175696ed0","Q",0,"Archaea","Euryarchaeota","Methanobacteria","Methanobacteriales","Methanobacteriaceae","Methanobacterium","midas_s_9526",2025-03-11,"Wolfe v3: went back to modified wolfe + EDTA and switched CuSO4 to CUCl2",300,"final sampling date"
"456e90bd81f384fccd85730d1b5088e5","Q",0,"Archaea","Euryarchaeota","Methanobacteria","Methanobacteriales","Methanobacteriaceae","Methanobacterium","midas_s_9526",2025-03-11,"Wolfe v3: went back to modified wolfe + EDTA and switched CuSO4 to CUCl2",300,"final sampling date"
"2f62caf32ac0a5313dea4b421d6dd293","Q",0,"Archaea","Euryarchaeota","Methanobacteria","Methanobacteriales","Methanobacteriaceae","Methanobacterium","midas_s_9526",2025-03-11,"Wolfe v3: went back to modified wolfe + EDTA and switched CuSO4 to CUCl2",300,"final sampling date"
"4a9c9a6afe331e03642369eb4d2e9537","Q",0,"Archaea","Euryarchaeota","Methanobacteria","Methanobacteriales","Methanobacteriaceae","Methanobacterium","midas_s_9526",2025-03-11,"Wolfe v3: went back to modified wolfe + EDTA and switched CuSO4 to CUCl2",300,"final sampling date"
"c8589a883bfbd1ec85db21de49da6dec","Q",0,"Archaea","Euryarchaeota","Methanobacteria","Methanobacteriales","Methanobacteriaceae","Methanobacterium","midas_s_9526",2025-03-11,"Wolfe v3: went back to modified wolfe + EDTA and switched CuSO4 to CUCl2",300,"final sampling date"
"c9b1d29de9ba6aaa6bd23b386b8c8331","Q",0,"Archaea","Euryarchaeota","Methanobacteria","Methanobacteriales","Methanobacteriaceae","Methanobacterium","midas_s_9526",2025-03-11,"Wolfe v3: went back to modified wolfe + EDTA and switched CuSO4 to CUCl2",300,"final sampling date"
"090bf82b7f5b559151f7ac51857d5054","Q",0,"Archaea","Euryarchaeota","Methanobacteria","Methanobacteriales","Methanobacteriaceae","Methanobacterium","midas_s_9526",2025-03-11,"Wolfe v3: went back to modified wolfe + EDTA and switched CuSO4 to CUCl2",300,"final sampling date"
"829161d9eeb2bc71c936ceac625d9240","Q",0,"Archaea","Euryarchaeota","Methanobacteria","Methanobacteriales","Methanobacteriaceae",NA,NA,2025-03-11,"Wolfe v3: went back to modified wolfe + EDTA and switched CuSO4 to CUCl2",300,"final sampling date"
"023bd97712c56fd071cfd4e6b41ee9c5","Q",0,"Archaea","Euryarchaeota","Methanobacteria","Methanobacteriales","Methanobacteriaceae",NA,NA,2025-03-11,"Wolfe v3: went back to modified wolfe + EDTA and switched CuSO4 to CUCl2",300,"final sampling date"
"cbca50b47704f15a44a0f88d3c8f1218","Q",0,"Archaea","Euryarchaeota","Methanobacteria","Methanobacteriales","Methanobacteriaceae",NA,NA,2025-03-11,"Wolfe v3: went back to modified wolfe + EDTA and switched CuSO4 to CUCl2",300,"final sampling date"
"2ecbfbee8195efa717b514b97081f80e","Q",0,"Archaea","Euryarchaeota","Methanobacteria","Methanobacteriales","Methanobacteriaceae",NA,NA,2025-03-11,"Wolfe v3: went back to modified wolfe + EDTA and switched CuSO4 to CUCl2",300,"final sampling date"
"e36ac8cd7dc84d43bd2784fdc182f91a","Q",0,"Archaea","Euryarchaeota","Methanobacteria","Methanobacteriales","Methanobacteriaceae",NA,NA,2025-03-11,"Wolfe v3: went back to modified wolfe + EDTA and switched CuSO4 to CUCl2",300,"final sampling date"
"15d6fc9acd8a80fde2e63f2ab46bf4e1","Q",0,"Archaea","Euryarchaeota","Methanobacteria","Methanobacteriales","Methanobacteriaceae",NA,NA,2025-03-11,"Wolfe v3: went back to modified wolfe + EDTA and switched CuSO4 to CUCl2",300,"final sampling date"
"21fcd2fcaa0378a40f3a9db0b3bd948c","Q",0,"Bacteria","WS1","midas_c_796","midas_o_796","midas_f_2296","midas_g_3409","midas_s_3951",2025-03-11,"Wolfe v3: went back to modified wolfe + EDTA and switched CuSO4 to CUCl2",300,"final sampling date"
"8298bcdb584afbb1bdb72e7abb796243","Q",0,"Bacteria","Actinobacteriota","Actinobacteria","Propionibacteriales","Propionibacteriaceae","Propionicicella",NA,2025-03-11,"Wolfe v3: went back to modified wolfe + EDTA and switched CuSO4 to CUCl2",300,"final sampling date"
"f78abd34d9f99dfc6481d847ff918abb","Q",0,"Bacteria","Actinobacteriota","Actinobacteria","Corynebacteriales","Nocardiaceae","Gordonia",NA,2025-03-11,"Wolfe v3: went back to modified wolfe + EDTA and switched CuSO4 to CUCl2",300,"final sampling date"
"21e3bd1eaad54c1813a64b44db28a503","Q",0,"Bacteria","Actinobacteriota","Coriobacteriia","OPB41","midas_f_6325",NA,NA,2025-03-11,"Wolfe v3: went back to modified wolfe + EDTA and switched CuSO4 to CUCl2",300,"final sampling date"
"626ceecfac444a7e053d5ae2c76833df","Q",0,"Bacteria","Actinobacteriota","WCHB1-81","midas_o_765","midas_f_765","midas_g_765","midas_s_4411",2025-03-11,"Wolfe v3: went back to modified wolfe + EDTA and switched CuSO4 to CUCl2",300,"final sampling date"
"df90b0490f4050027cdd5765ccfb83c4","Q",0,"Bacteria","Bacteroidota","Bacteroidia","Bacteroidales","Dysgonomonadaceae","Petrimonas","Petrimonas_sulfuriphila",2025-03-11,"Wolfe v3: went back to modified wolfe + EDTA and switched CuSO4 to CUCl2",300,"final sampling date"
"1b6a74219c50e2431e29f79c7759fe5c","Q",0,"Bacteria","Bacteroidota","Bacteroidia","Bacteroidales","Dysgonomonadaceae","Petrimonas","Petrimonas_sulfuriphila",2025-03-11,"Wolfe v3: went back to modified wolfe + EDTA and switched CuSO4 to CUCl2",300,"final sampling date"
"816049bb0d04d104e9bc79d797b7b2e9","Q",0,"Bacteria","Bacteroidota","Bacteroidia","Bacteroidales","Dysgonomonadaceae","Petrimonas","Petrimonas_sulfuriphila",2025-03-11,"Wolfe v3: went back to modified wolfe + EDTA and switched CuSO4 to CUCl2",300,"final sampling date"
"c30580a91a58b792d695b191782389a4","Q",0,"Bacteria","Bacteroidota","Bacteroidia","Bacteroidales","Dysgonomonadaceae","Petrimonas","Petrimonas_sulfuriphila",2025-03-11,"Wolfe v3: went back to modified wolfe + EDTA and switched CuSO4 to CUCl2",300,"final sampling date"
"04749d839f517a8461ff731c4a0a4b60","Q",0,"Bacteria","Bacteroidota","Bacteroidia","Bacteroidales","Dysgonomonadaceae","Petrimonas","Petrimonas_sulfuriphila",2025-03-11,"Wolfe v3: went back to modified wolfe + EDTA and switched CuSO4 to CUCl2",300,"final sampling date"
"d10ef1cc3876e7ca96d49bab29ceec47","Q",0,"Bacteria","Bacteroidota","Bacteroidia","Bacteroidales","Paludibacteraceae","midas_g_9269",NA,2025-03-11,"Wolfe v3: went back to modified wolfe + EDTA and switched CuSO4 to CUCl2",300,"final sampling date"
"7e07d92eab06d89b09f0c89c8e30de6b","Q",0,"Bacteria","Bacteroidota","Bacteroidia","Bacteroidales","Dysgonomonadaceae","Dysgonomonas","midas_s_30643",2025-03-11,"Wolfe v3: went back to modified wolfe + EDTA and switched CuSO4 to CUCl2",300,"final sampling date"
"3ae3a933b6350ff99dc0ec6278de0963","Q",0,"Bacteria","Bacteroidota","Bacteroidia","Bacteroidales","Rikenellaceae","midas_g_36215","midas_s_82500",2025-03-11,"Wolfe v3: went back to modified wolfe + EDTA and switched CuSO4 to CUCl2",300,"final sampling date"
"b79b2f2c74f4f888f402ef44e0df495b","Q",0,"Bacteria","Bacteroidota","Bacteroidia","Sphingobacteriales","Lentimicrobiaceae","Lentimicrobium",NA,2025-03-11,"Wolfe v3: went back to modified wolfe + EDTA and switched CuSO4 to CUCl2",300,"final sampling date"
"f2503a995bd8c1a94ce5d1e49159c7d1","Q",0,"Bacteria","Bacteroidota","Bacteroidia","Sphingobacteriales","Lentimicrobiaceae","Lentimicrobium","midas_s_63579",2025-03-11,"Wolfe v3: went back to modified wolfe + EDTA and switched CuSO4 to CUCl2",300,"final sampling date"
"c9b9c9ee04be1386fdb2288190da9b54","Q",0,"Bacteria","Bacteroidota","Bacteroidia","Sphingobacteriales","Lentimicrobiaceae","Lentimicrobium",NA,2025-03-11,"Wolfe v3: went back to modified wolfe + EDTA and switched CuSO4 to CUCl2",300,"final sampling date"
"a279fb62a47697ac7088fbfeb831c6cf","Q",0,"Bacteria","Bacteroidota","Bacteroidia","Sphingobacteriales","Lentimicrobiaceae","Lentimicrobium",NA,2025-03-11,"Wolfe v3: went back to modified wolfe + EDTA and switched CuSO4 to CUCl2",300,"final sampling date"
"dec17ecd030a71bf1867316e52e3532c","Q",0,"Bacteria","Bacteroidota","Bacteroidia","Sphingobacteriales","Lentimicrobiaceae","Lentimicrobium",NA,2025-03-11,"Wolfe v3: went back to modified wolfe + EDTA and switched CuSO4 to CUCl2",300,"final sampling date"
"98250dc58799b80cb124a1f158f2cf22","Q",0,"Bacteria","Bacteroidota","Bacteroidia","Sphingobacteriales","Lentimicrobiaceae","Lentimicrobium",NA,2025-03-11,"Wolfe v3: went back to modified wolfe + EDTA and switched CuSO4 to CUCl2",300,"final sampling date"
"74733b3a404e0fd05016159ab938bbc7","Q",0,"Bacteria","Bacteroidota","Bacteroidia","Sphingobacteriales","Lentimicrobiaceae","Lentimicrobium",NA,2025-03-11,"Wolfe v3: went back to modified wolfe + EDTA and switched CuSO4 to CUCl2",300,"final sampling date"
"2a7b75084dbd64dfb6a157319b8c65a9","Q",0,"Bacteria","Bacteroidota","Bacteroidia","Sphingobacteriales","Lentimicrobiaceae","Lentimicrobium",NA,2025-03-11,"Wolfe v3: went back to modified wolfe + EDTA and switched CuSO4 to CUCl2",300,"final sampling date"
"4b99ad27979703cf85b4166c91bfa04d","Q",0,"Bacteria","Bacteroidota","Bacteroidia","Sphingobacteriales","Lentimicrobiaceae","Lentimicrobium",NA,2025-03-11,"Wolfe v3: went back to modified wolfe + EDTA and switched CuSO4 to CUCl2",300,"final sampling date"
"f8c8cdc38f175e31f80c5dfa248268a3","Q",0,"Bacteria","Bacteroidota","Bacteroidia","Bacteroidales","Bacteroidaceae","Bacteroides","midas_s_56922",2025-03-11,"Wolfe v3: went back to modified wolfe + EDTA and switched CuSO4 to CUCl2",300,"final sampling date"
"d173baa99a72cc768d97c17cf7f2424c","Q",0,"Bacteria","Proteobacteria","Alphaproteobacteria","Rhizobiales","Rhizobiaceae","Aquamicrobium","Aquamicrobium_lusatiense",2025-03-11,"Wolfe v3: went back to modified wolfe + EDTA and switched CuSO4 to CUCl2",300,"final sampling date"
"333f32bb3f9df5675182ceda88bba911","Q",0,"Bacteria","Proteobacteria","Alphaproteobacteria","Rhizobiales","Beijerinckiaceae","Bosea",NA,2025-03-11,"Wolfe v3: went back to modified wolfe + EDTA and switched CuSO4 to CUCl2",300,"final sampling date"
"46220cd89f34c6795cf64aedde280616","Q",0,"Bacteria","Proteobacteria","Gammaproteobacteria","Enterobacterales","Enterobacteriaceae",NA,NA,2025-03-11,"Wolfe v3: went back to modified wolfe + EDTA and switched CuSO4 to CUCl2",300,"final sampling date"
"9ef2acf4017ed80d12e3d4eadf0b5855","Q",0,"Bacteria","Proteobacteria","Gammaproteobacteria","Enterobacterales","Enterobacteriaceae",NA,NA,2025-03-11,"Wolfe v3: went back to modified wolfe + EDTA and switched CuSO4 to CUCl2",300,"final sampling date"
"f51861ad57a6bca3ae14717b44b875f5","Q",0,"Bacteria","Proteobacteria","Gammaproteobacteria","Enterobacterales","Enterobacteriaceae",NA,NA,2025-03-11,"Wolfe v3: went back to modified wolfe + EDTA and switched CuSO4 to CUCl2",300,"final sampling date"
"87671eb172dd57036886a3c5e0c4da8d","Q",0,"Bacteria","Proteobacteria","Gammaproteobacteria","Enterobacterales","Enterobacteriaceae",NA,NA,2025-03-11,"Wolfe v3: went back to modified wolfe + EDTA and switched CuSO4 to CUCl2",300,"final sampling date"
"047ab7f37ccc35c6144cc1896bc32a69","Q",0,"Bacteria","Proteobacteria","Gammaproteobacteria","Enterobacterales","Enterobacteriaceae",NA,NA,2025-03-11,"Wolfe v3: went back to modified wolfe + EDTA and switched CuSO4 to CUCl2",300,"final sampling date"
"7eec3edf6a18be5d7a07ef87889ce62e","Q",0,"Bacteria","Proteobacteria","Gammaproteobacteria","Burkholderiales",NA,NA,NA,2025-03-11,"Wolfe v3: went back to modified wolfe + EDTA and switched CuSO4 to CUCl2",300,"final sampling date"
"6eca1e8c47d098b26976cba1c2bfdfb8","Q",0,"Bacteria","Proteobacteria","Gammaproteobacteria","Burkholderiales",NA,NA,NA,2025-03-11,"Wolfe v3: went back to modified wolfe + EDTA and switched CuSO4 to CUCl2",300,"final sampling date"
"a0376c2f2588fc343f6a4ed744cc771f","Q",0,"Bacteria","Proteobacteria","Gammaproteobacteria","Burkholderiales",NA,NA,NA,2025-03-11,"Wolfe v3: went back to modified wolfe + EDTA and switched CuSO4 to CUCl2",300,"final sampling date"
"d2e1fe03e75414adc4b52046947acc3b","Q",0,"Bacteria","Proteobacteria","Gammaproteobacteria","Burkholderiales",NA,NA,NA,2025-03-11,"Wolfe v3: went back to modified wolfe + EDTA and switched CuSO4 to CUCl2",300,"final sampling date"
"d8f2eba07489316f7c8a27d0e18fed13","Q",0,"Bacteria","Proteobacteria","Gammaproteobacteria","Burkholderiales","Rhodocyclaceae","Azoarcus","midas_s_70352",2025-03-11,"Wolfe v3: went back to modified wolfe + EDTA and switched CuSO4 to CUCl2",300,"final sampling date"
"6aa82af5289e004d50046c31ef22b2ae","Q",0,"Bacteria","Proteobacteria","Gammaproteobacteria","Burkholderiales","Rhodocyclaceae","Denitromonas",NA,2025-03-11,"Wolfe v3: went back to modified wolfe + EDTA and switched CuSO4 to CUCl2",300,"final sampling date"
"5ab25dcdb272bc212f8833c23f30c16e","Q",0,"Bacteria","Proteobacteria","Gammaproteobacteria","Burkholderiales","Alcaligenaceae","Alcaligenes","midas_s_9908",2025-03-11,"Wolfe v3: went back to modified wolfe + EDTA and switched CuSO4 to CUCl2",300,"final sampling date"
"95c870b95f0b1022135bf0d52a9eac52","Q",0,"Bacteria","Proteobacteria","Gammaproteobacteria","Burkholderiales","Alcaligenaceae","Alcaligenes","midas_s_9908",2025-03-11,"Wolfe v3: went back to modified wolfe + EDTA and switched CuSO4 to CUCl2",300,"final sampling date"
"8466f2635d9fbf9c51a04877474f3d09","Q",0,"Bacteria","Proteobacteria","Gammaproteobacteria","Burkholderiales","Alcaligenaceae","Alcaligenes","midas_s_9908",2025-03-11,"Wolfe v3: went back to modified wolfe + EDTA and switched CuSO4 to CUCl2",300,"final sampling date"
"132a867d0cff8733fee3f3f6603f7dc6","Q",0,"Bacteria","Proteobacteria","Gammaproteobacteria","Burkholderiales","Alcaligenaceae","Achromobacter","midas_s_18114",2025-03-11,"Wolfe v3: went back to modified wolfe + EDTA and switched CuSO4 to CUCl2",300,"final sampling date"
"6b15076713c80766ed3249e56161528a","Q",0,"Bacteria","Cloacimonadota","Cloacimonadia","Cloacimonadales","Cloacimonadaceae","LNR_A2-18",NA,2025-03-11,"Wolfe v3: went back to modified wolfe + EDTA and switched CuSO4 to CUCl2",300,"final sampling date"
"f9ceb4443de3c6d51433fa57c3ade975","Q",0,"Bacteria","Cloacimonadota","Cloacimonadia","Cloacimonadales","Cloacimonadaceae","LNR_A2-18",NA,2025-03-11,"Wolfe v3: went back to modified wolfe + EDTA and switched CuSO4 to CUCl2",300,"final sampling date"
"fb7748d46087f2d0011ea975e96c3aba","Q",0,"Bacteria","Desulfobacterota","Desulfovibrionia","Desulfovibrionales","Desulfovibrionaceae","Desulfovibrio",NA,2025-03-11,"Wolfe v3: went back to modified wolfe + EDTA and switched CuSO4 to CUCl2",300,"final sampling date"
"226d43150cdde82b8714ccca9ee0349d","Q",0,"Bacteria","Desulfobacterota","Desulfovibrionia","Desulfovibrionales","Desulfovibrionaceae","Desulfovibrio",NA,2025-03-11,"Wolfe v3: went back to modified wolfe + EDTA and switched CuSO4 to CUCl2",300,"final sampling date"
"b727e013aceef325ef67a686dbf120ff","Q",0,"Bacteria","Desulfobacterota","Desulfovibrionia","Desulfovibrionales","Desulfovibrionaceae","Desulfovibrio",NA,2025-03-11,"Wolfe v3: went back to modified wolfe + EDTA and switched CuSO4 to CUCl2",300,"final sampling date"
"e946aa2640ed19e8e6ad303d9f69f9b4","Q",0,"Bacteria","Desulfobacterota","Desulfovibrionia","Desulfovibrionales","Desulfovibrionaceae","Desulfovibrio",NA,2025-03-11,"Wolfe v3: went back to modified wolfe + EDTA and switched CuSO4 to CUCl2",300,"final sampling date"
"57568ab86419e6655ce098557e7735c9","Q",0,"Bacteria","Desulfobacterota","Desulfovibrionia","Desulfovibrionales","Desulfovibrionaceae","Desulfovibrio",NA,2025-03-11,"Wolfe v3: went back to modified wolfe + EDTA and switched CuSO4 to CUCl2",300,"final sampling date"
"836ab52eed0e19a65986c20851198acc","Q",0,"Bacteria","Desulfobacterota","Desulfovibrionia","Desulfovibrionales","Desulfovibrionaceae",NA,NA,2025-03-11,"Wolfe v3: went back to modified wolfe + EDTA and switched CuSO4 to CUCl2",300,"final sampling date"
"43d2e766e975ed78249040b1bf9f754d","Q",0,"Bacteria","Armatimonadota","Chthonomonadetes","Chthonomonadales","midas_f_6187","midas_g_6187","midas_s_6187",2025-03-11,"Wolfe v3: went back to modified wolfe + EDTA and switched CuSO4 to CUCl2",300,"final sampling date"
"2d48175c104107d4d4e4f5e8dd9a0a22","Q",0,"Bacteria","Firmicutes","Clostridia","Eubacteriales","Eubacteriaceae","Acetobacterium",NA,2025-03-11,"Wolfe v3: went back to modified wolfe + EDTA and switched CuSO4 to CUCl2",300,"final sampling date"
"492b87ddf778ee01162054026ff289ae","Q",0,"Bacteria","Firmicutes","Clostridia","Eubacteriales","Eubacteriaceae","Acetobacterium",NA,2025-03-11,"Wolfe v3: went back to modified wolfe + EDTA and switched CuSO4 to CUCl2",300,"final sampling date"
"bfeb406eac391881a6599911d4643acb","Q",0,"Bacteria","Firmicutes","Bacilli","Bacillales","Bacillaceae","Bacillus","midas_s_108787",2025-03-11,"Wolfe v3: went back to modified wolfe + EDTA and switched CuSO4 to CUCl2",300,"final sampling date"
"4a3b431bc561efeda4cf35212d46ac9d","Q",0,"Bacteria","Firmicutes","Bacilli","Erysipelotrichales","Erysipelotrichaceae","Erysipelothrix","midas_s_114219",2025-03-11,"Wolfe v3: went back to modified wolfe + EDTA and switched CuSO4 to CUCl2",300,"final sampling date"
"840e058fa20744d5348c023c25e7d232","Q",0,"Bacteria","Firmicutes","Bacilli","Lactobacillales","Enterococcaceae","Enterococcus",NA,2025-03-11,"Wolfe v3: went back to modified wolfe + EDTA and switched CuSO4 to CUCl2",300,"final sampling date"
"9560e4972e8046c341e33c5455f39420","Q",0,"Bacteria","Firmicutes","Clostridia","Peptostreptococcales-Tissierellales","Family_XI","Anaerosalibacter","midas_s_79866",2025-03-11,"Wolfe v3: went back to modified wolfe + EDTA and switched CuSO4 to CUCl2",300,"final sampling date"
"09f86148f9153b2d226766afd418050f","Q",0,"Bacteria","Firmicutes","Clostridia","Peptostreptococcales-Tissierellales","Proteiniboraceae","Proteiniborus","Proteiniborus_ethanoligenes",2025-03-11,"Wolfe v3: went back to modified wolfe + EDTA and switched CuSO4 to CUCl2",300,"final sampling date"
"7ce0344088dc09b462f7d39fc4bd910a","Q",0,"Bacteria","Firmicutes","Clostridia","Peptostreptococcales-Tissierellales","Peptostreptococcaceae","Acetoanaerobium",NA,2025-03-11,"Wolfe v3: went back to modified wolfe + EDTA and switched CuSO4 to CUCl2",300,"final sampling date"
"124cf22125895521b8cfe8d7d8d56d8a","Q",0,"Bacteria","Firmicutes","Clostridia","Peptostreptococcales-Tissierellales","Anaerovoracaceae","Anaerovorax",NA,2025-03-11,"Wolfe v3: went back to modified wolfe + EDTA and switched CuSO4 to CUCl2",300,"final sampling date"
"478fa149d72ab4d5a1c35d4fd7c3f6d8","Q",0,"Bacteria","Firmicutes","Clostridia","Peptostreptococcales-Tissierellales","Anaerovoracaceae","Anaerovorax",NA,2025-03-11,"Wolfe v3: went back to modified wolfe + EDTA and switched CuSO4 to CUCl2",300,"final sampling date"
"931f5be1037c1c313cde89dcc9b3474e","Q",0,"Bacteria","Firmicutes","Clostridia","Peptostreptococcales-Tissierellales","Peptostreptococcaceae","Terrisporobacter",NA,2025-03-11,"Wolfe v3: went back to modified wolfe + EDTA and switched CuSO4 to CUCl2",300,"final sampling date"
"feec8d91c6be13d10b577e62ebd689e9","Q",0,"Bacteria","Firmicutes","Clostridia","Peptostreptococcales-Tissierellales","Peptostreptococcaceae","Romboutsia","Romboutsia_lituseburensis",2025-03-11,"Wolfe v3: went back to modified wolfe + EDTA and switched CuSO4 to CUCl2",300,"final sampling date"
"7412bba5944105a490c5da14366f3ed0","Q",0,"Bacteria","Firmicutes","Clostridia","Peptostreptococcales-Tissierellales","Peptostreptococcaceae","Romboutsia","Romboutsia_lituseburensis",2025-03-11,"Wolfe v3: went back to modified wolfe + EDTA and switched CuSO4 to CUCl2",300,"final sampling date"
"3cce44066ef2892851cfc148070ebd28","Q",0,"Bacteria","Firmicutes","Clostridia","Peptostreptococcales-Tissierellales","Peptostreptococcaceae","Paraclostridium","midas_s_2984",2025-03-11,"Wolfe v3: went back to modified wolfe + EDTA and switched CuSO4 to CUCl2",300,"final sampling date"
"4c31c3e198534eab45b6d92b61f75b10","Q",0,"Bacteria","Firmicutes","Clostridia","Peptostreptococcales-Tissierellales","Peptostreptococcaceae","Paraclostridium","midas_s_2984",2025-03-11,"Wolfe v3: went back to modified wolfe + EDTA and switched CuSO4 to CUCl2",300,"final sampling date"
"68c0d62cad841fbf52eb5c92f9f2f0ff","Q",0,"Bacteria","Synergistota","Synergistia","Synergistales","Synergistaceae","Syner-01",NA,2025-03-11,"Wolfe v3: went back to modified wolfe + EDTA and switched CuSO4 to CUCl2",300,"final sampling date"
"aa58fe86d0f5e4b909114de614e7a57e","Q",0,"Bacteria","Synergistota","Synergistia","Synergistales","Synergistaceae","Syner-01",NA,2025-03-11,"Wolfe v3: went back to modified wolfe + EDTA and switched CuSO4 to CUCl2",300,"final sampling date"
"3a70b97a9fdb1d2359a2aadcf8b85355","Q",0,"Bacteria","Synergistota","Synergistia","Synergistales","Synergistaceae","Syner-01",NA,2025-03-11,"Wolfe v3: went back to modified wolfe + EDTA and switched CuSO4 to CUCl2",300,"final sampling date"
"069542283eb54c7a749da63bb4204831","Q",0,"Bacteria","Synergistota","Synergistia","Synergistales","Synergistaceae","Aminivibrio","midas_s_58933",2025-03-11,"Wolfe v3: went back to modified wolfe + EDTA and switched CuSO4 to CUCl2",300,"final sampling date"
"ce2a49926750905304b346931b6b57f5","Q",0,"Bacteria","Synergistota","Synergistia","Synergistales","Synergistaceae","Aminivibrio","Aminivibrio_pyruvatiphilus",2025-03-11,"Wolfe v3: went back to modified wolfe + EDTA and switched CuSO4 to CUCl2",300,"final sampling date"
"ec80fe4d18e3e184ec3e7439c89cd31e","Q",0,"Bacteria","Synergistota","Synergistia","Synergistales","Synergistaceae","Aminivibrio","Aminivibrio_pyruvatiphilus",2025-03-11,"Wolfe v3: went back to modified wolfe + EDTA and switched CuSO4 to CUCl2",300,"final sampling date"
"05c8c19fcabf8d569dfa52c6641e2c9c","Q",0,"Bacteria","Synergistota","Synergistia","Synergistales","Synergistaceae","EBM-39",NA,2025-03-11,"Wolfe v3: went back to modified wolfe + EDTA and switched CuSO4 to CUCl2",300,"final sampling date"
"e351ff2570360ae0b6c68b9b864b0870","Q",0,"Bacteria","Synergistota","Synergistia","Synergistales","Synergistaceae","EBM-39",NA,2025-03-11,"Wolfe v3: went back to modified wolfe + EDTA and switched CuSO4 to CUCl2",300,"final sampling date"
"c3d05612644a8dea3120c0c0bef60144","Q",0,"Bacteria","Synergistota","Synergistia","Synergistales","Synergistaceae","EBM-39",NA,2025-03-11,"Wolfe v3: went back to modified wolfe + EDTA and switched CuSO4 to CUCl2",300,"final sampling date"
"ba6bc4c3f11394ddeb20d0be26876b26","Q",0,"Bacteria","Synergistota","Synergistia","Synergistales","Synergistaceae","EBM-39",NA,2025-03-11,"Wolfe v3: went back to modified wolfe + EDTA and switched CuSO4 to CUCl2",300,"final sampling date"
"2919ca12aa75e54dc25b4e3750d8712c","Q",0,"Bacteria","Synergistota","Synergistia","Synergistales","Synergistaceae","Thermovirga","midas_s_99362",2025-03-11,"Wolfe v3: went back to modified wolfe + EDTA and switched CuSO4 to CUCl2",300,"final sampling date"
"da47a34fd036b068ca0c5eaf185e2082","Q",0,"Bacteria","Synergistota","Synergistia","Synergistales","Synergistaceae","Thermovirga","midas_s_94423",2025-03-11,"Wolfe v3: went back to modified wolfe + EDTA and switched CuSO4 to CUCl2",300,"final sampling date"
"70dad951b3fa985e88aacd73b780572d","Q",0,"Bacteria","Synergistota","Synergistia","Synergistales","Synergistaceae","Thermovirga","midas_s_94423",2025-03-11,"Wolfe v3: went back to modified wolfe + EDTA and switched CuSO4 to CUCl2",300,"final sampling date"
"1f4fb4bfdca6c9d13106ed533362a62e","Q",0,"Bacteria","Firmicutes","Desulfitobacteriia","Desulfitobacteriales","Desulfitobacteriaceae","Desulfosporosinus",NA,2025-03-11,"Wolfe v3: went back to modified wolfe + EDTA and switched CuSO4 to CUCl2",300,"final sampling date"
"e53a3ca9a538872ba7ffd36516316cd9","Q",0,"Bacteria","Firmicutes","Desulfitobacteriia","Desulfitobacteriales","Syntrophobotulaceae",NA,NA,2025-03-11,"Wolfe v3: went back to modified wolfe + EDTA and switched CuSO4 to CUCl2",300,"final sampling date"
"472fdc0687378563f0c9da6da7638e1a","Q",0,"Bacteria","Firmicutes","Clostridia","Clostridiales","Clostridiaceae","Clostridium_sensu_stricto_13","midas_s_88977",2025-03-11,"Wolfe v3: went back to modified wolfe + EDTA and switched CuSO4 to CUCl2",300,"final sampling date"
"235cecb983088e1e7e515d60ffa5241b","Q",0,"Bacteria","Firmicutes","Clostridia","Clostridiales","Clostridiaceae","Clostridium_sensu_stricto_13","midas_s_88977",2025-03-11,"Wolfe v3: went back to modified wolfe + EDTA and switched CuSO4 to CUCl2",300,"final sampling date"
"5ee8401378df21501b0f606768f113b8","Q",0,"Bacteria","Firmicutes","Clostridia","Gracilibacteraceae","Lutispora","midas_g_94288","midas_s_99172",2025-03-11,"Wolfe v3: went back to modified wolfe + EDTA and switched CuSO4 to CUCl2",300,"final sampling date"
"9ca522266700affe72ba707b3e043cd5","Q",0,"Bacteria","Firmicutes","Clostridia","Gracilibacteraceae","Lutispora","midas_g_94288","midas_s_99172",2025-03-11,"Wolfe v3: went back to modified wolfe + EDTA and switched CuSO4 to CUCl2",300,"final sampling date"
"12198ade971f92bb157e2a699be09bc8","Q",0,"Bacteria","Firmicutes","Clostridia","Monoglobales","Monoglobaceae","Monoglobus","midas_s_119413",2025-03-11,"Wolfe v3: went back to modified wolfe + EDTA and switched CuSO4 to CUCl2",300,"final sampling date"
"f8a7dfd610756eae88194f6b418f8083","Q",0,"Bacteria","Firmicutes","Clostridia","Oscillospirales","Oscillospiraceae","Colidextribacter",NA,2025-03-11,"Wolfe v3: went back to modified wolfe + EDTA and switched CuSO4 to CUCl2",300,"final sampling date"
"6fe0584a633ebcfeff1eb9d0a28c29b6","Q",0,"Bacteria","Firmicutes","Clostridia","Oscillospirales","Oscillospiraceae","Oscillibacter",NA,2025-03-11,"Wolfe v3: went back to modified wolfe + EDTA and switched CuSO4 to CUCl2",300,"final sampling date"
"0f13e7c072d0c79f6afcdcc05dc4b022","Q",0,"Bacteria","Firmicutes","Clostridia","Oscillospirales","Oscillospiraceae","Oscillibacter",NA,2025-03-11,"Wolfe v3: went back to modified wolfe + EDTA and switched CuSO4 to CUCl2",300,"final sampling date"
"0d57a4282ea9934b8a1e149b3335c0d3","Q",0,"Bacteria","Firmicutes","Clostridia","Gracilibacteraceae","Gracilibacter","midas_g_669",NA,2025-03-11,"Wolfe v3: went back to modified wolfe + EDTA and switched CuSO4 to CUCl2",300,"final sampling date"
