node,degree,pos_degree,neg_degree,strength_abs_rho,community,phylum,top5_pos_neighbors,top5_neg_neighbors
Thermovirga.2,39,24,15,31.23895510911165,0,Synergistota,EBM-39.1 (+0.98); midas_g_114295.1 (+0.96); Fermentimonas.2 (+0.96); Methanosarcina.1 (+0.92); Clostridium_sensu_stricto_13.1 (+0.90),midas_g_76603.1 (-0.94); Aminiphilus.1 (-0.89); Methanobacterium.5 (-0.88); Methanobacterium.4 (-0.87); Petrimonas.2 (-0.85)
Aminiphilus.1,38,21,17,29.914013132758143,5,Synergistota,midas_g_76603.1 (+0.95); Petrimonas.2 (+0.92); Methanobacterium.5 (+0.91); Christensenellaceae_R-7_group.2 (+0.87); Methanobacterium.4 (+0.85),Clostridium_sensu_stricto_13.1 (-0.90); Fermentimonas.2 (-0.90); Thermovirga.2 (-0.89); EBM-39.1 (-0.88); Methanosarcina.1 (-0.87)
EBM-39.1,37,23,14,29.981172966074322,0,Synergistota,Thermovirga.2 (+0.98); midas_g_114295.1 (+0.96); Fermentimonas.2 (+0.95); Methanosarcina.1 (+0.92); Clostridium_sensu_stricto_13.1 (+0.90),midas_g_76603.1 (-0.93); Aminiphilus.1 (-0.88); Methanobacterium.4 (-0.87); Methanobacterium.5 (-0.87); Christensenellaceae_R-7_group.2 (-0.83)
midas_g_49937.1,37,19,18,29.657804808116758,5,Chloroflexi,midas_g_84729.1 (+0.99); Methanobacterium.5 (+0.94); midas_g_92370.1 (+0.91); Methanothrix.1 (+0.89); Ercella.1 (+0.87),Acinetobacter.1 (-0.84); Fermentimonas.2 (-0.84); Thermovirga.2 (-0.84); EBM-39.1 (-0.83); Clostridium_sensu_stricto_13.1 (-0.83)
midas_g_76603.1,36,19,17,28.960267711162764,5,Firmicutes,Aminiphilus.1 (+0.95); Petrimonas.2 (+0.94); Methanobacterium.5 (+0.92); Christensenellaceae_R-7_group.2 (+0.88); midas_g_84729.1 (+0.86),Methanosarcina.1 (-0.94); Thermovirga.2 (-0.94); EBM-39.1 (-0.93); Fermentimonas.2 (-0.90); Clostridium_sensu_stricto_13.1 (-0.90)
Fermentimonas.2,36,23,13,29.01708854641052,0,Bacteroidota,Thermovirga.2 (+0.96); EBM-39.1 (+0.95); midas_g_114295.1 (+0.94); Clostridium_sensu_stricto_13.1 (+0.90); Christensenellaceae_R-7_group.4 (+0.89),midas_g_76603.1 (-0.90); Aminiphilus.1 (-0.90); Methanobacterium.4 (-0.86); Methanobacterium.5 (-0.85); midas_g_49937.1 (-0.84)
midas_g_84729.1,36,19,17,28.845945389338496,5,Chloroflexi,midas_g_49937.1 (+0.99); Methanobacterium.5 (+0.93); Methanothrix.1 (+0.93); midas_g_92370.1 (+0.89); Ercella.1 (+0.88),Acinetobacter.1 (-0.83); Fermentimonas.2 (-0.83); Thermovirga.2 (-0.83); EBM-39.1 (-0.83); Clostridium_sensu_stricto_13.1 (-0.81)
Methanobacterium.5,35,18,17,28.717426816728263,5,Euryarchaeota,midas_g_49937.1 (+0.94); midas_g_84729.1 (+0.93); midas_g_76603.1 (+0.92); Ercella.1 (+0.91); Aminiphilus.1 (+0.91),Thermovirga.2 (-0.88); EBM-39.1 (-0.87); Methanosarcina.1 (-0.86); Taibaiella.1 (-0.86); Acinetobacter.1 (-0.85)
Ercella.1,32,18,14,25.140438682589227,5,Firmicutes,Methanobacterium.5 (+0.91); midas_g_84729.1 (+0.88); midas_g_49937.1 (+0.87); Petrimonas.2 (+0.85); Aminiphilus.1 (+0.84),Taibaiella.1 (-0.90); Clostridium_sensu_stricto_13.1 (-0.83); Comamonadaceae.3 (-0.83); Desulfovibrio.2 (-0.81); Acinetobacter.1 (-0.80)
Aquamicrobium.2,31,23,8,24.19136143044334,0,Proteobacteria,midas_g_97954.1 (+0.95); EBM-39.1 (+0.88); midas_g_114295.1 (+0.86); Azoarcus.2 (+0.86); Thermovirga.2 (+0.85),Methanobacterium.4 (-0.82); midas_g_30443.1 (-0.81); Christensenellaceae_R-7_group.2 (-0.77); midas_g_76603.1 (-0.72); midas_g_49937.1 (-0.72)
midas_g_114295.1,31,21,10,25.306096266996168,0,Armatimonadota,EBM-39.1 (+0.96); Thermovirga.2 (+0.96); Fermentimonas.2 (+0.94); Romboutsia.1 (+0.90); Methanosarcina.1 (+0.89),midas_g_76603.1 (-0.90); Aminiphilus.1 (-0.85); Methanobacterium.5 (-0.83); Methanobacterium.4 (-0.83); midas_g_49937.1 (-0.83)
Petrimonas.2,31,17,14,24.657574674685158,5,Bacteroidota,midas_g_76603.1 (+0.94); Aminiphilus.1 (+0.92); Methanobacterium.5 (+0.88); midas_g_84729.1 (+0.85); Ercella.1 (+0.85),Methanosarcina.1 (-0.90); Clostridium_sensu_stricto_13.1 (-0.89); Thermovirga.2 (-0.85); Acinetobacter.1 (-0.84); Fermentimonas.2 (-0.83)
Methanobacterium.4,31,10,21,24.35128937614518,5,Euryarchaeota,Aminiphilus.1 (+0.85); Methanobacterium.5 (+0.83); midas_g_30443.1 (+0.83); midas_g_76603.1 (+0.82); Christensenellaceae_R-7_group.2 (+0.79),Christensenellaceae_R-7_group.4 (-0.89); Acinetobacter.2 (-0.88); EBM-39.1 (-0.87); Thermovirga.2 (-0.87); Fermentimonas.2 (-0.86)
midas_g_92370.1,30,16,14,22.99636773377715,5,Firmicutes,midas_g_49937.1 (+0.91); midas_g_84729.1 (+0.89); Desulfurispora.1 (+0.87); Methanobacterium.5 (+0.83); Ercella.1 (+0.82),Desulfovibrio.2 (-0.78); EBM-39.1 (-0.78); Acinetobacter.1 (-0.77); Comamonadaceae.3 (-0.77); Fermentimonas.2 (-0.77)
Desulfuromonadaceae.1,29,27,2,22.715914541365187,0,Desulfobacterota,Acinetobacter.2 (+0.93); Thauera.1 (+0.88); Christensenellaceae_R-7_group.4 (+0.87); Azoarcus.2 (+0.86); Hyphomonas.1 (+0.84),Methanobacterium.4 (-0.84); Lentimicrobium.1 (-0.70)
Acinetobacter.1,29,15,14,22.60286435897202,2,Proteobacteria,Taibaiella.1 (+0.85); Romboutsia.1 (+0.83); Lachnoclostridium.1 (+0.82); Fermentimonas.2 (+0.82); midas_g_114295.1 (+0.81),Methanobacterium.5 (-0.85); Petrimonas.2 (-0.84); midas_g_49937.1 (-0.84); midas_g_84729.1 (-0.83); Methanobacterium.1 (-0.83)
Comamonadaceae.3,28,15,13,20.950357285183603,0,Proteobacteria,midas_g_97954.1 (+0.87); Syntrophomonas.1 (+0.80); Desulfovibrio.2 (+0.78); Aquamicrobium.2 (+0.77); Fermentimonas.2 (+0.75),Methanobacterium.5 (-0.84); Ercella.1 (-0.83); Christensenellaceae_R-7_group.2 (-0.83); midas_g_49937.1 (-0.79); midas_g_2178.1 (-0.79)
Methanosarcina.1,28,15,13,22.569403468137462,0,Halobacterota,Thermovirga.2 (+0.92); EBM-39.1 (+0.92); Clostridium_sensu_stricto_13.1 (+0.91); midas_g_114295.1 (+0.89); Fermentimonas.2 (+0.86),midas_g_76603.1 (-0.94); Petrimonas.2 (-0.90); Aminiphilus.1 (-0.87); Methanobacterium.5 (-0.86); Methanobacterium.4 (-0.83)
Christensenellaceae_R-7_group.2,27,14,13,21.2311259065409,5,Firmicutes,midas_g_76603.1 (+0.88); Aminiphilus.1 (+0.87); Methanobacterium.5 (+0.87); midas_g_2178.1 (+0.85); Ercella.1 (+0.82),EBM-39.1 (-0.83); Comamonadaceae.3 (-0.83); Thermovirga.2 (-0.80); Methanosarcina.1 (-0.80); Clostridium_sensu_stricto_13.1 (-0.78)
Methanothrix.1,26,15,11,20.018810809652624,5,Halobacterota,midas_g_84729.1 (+0.93); midas_g_49937.1 (+0.89); Desulfurispora.1 (+0.88); Methanobacterium.5 (+0.86); Thermovirga.1 (+0.85),Methanosarcina.1 (-0.77); Acinetobacter.1 (-0.75); Fermentimonas.2 (-0.75); Thermovirga.2 (-0.75); EBM-39.1 (-0.75)
Clostridium_sensu_stricto_13.1,26,14,12,21.131046813394157,0,Firmicutes,Methanosarcina.1 (+0.91); Thermovirga.2 (+0.90); EBM-39.1 (+0.90); Fermentimonas.2 (+0.90); midas_g_114295.1 (+0.89),Aminiphilus.1 (-0.90); midas_g_76603.1 (-0.90); Petrimonas.2 (-0.89); Ercella.1 (-0.83); Methanobacterium.5 (-0.83)
Christensenellaceae_R-7_group.4,25,17,8,19.515426920322135,0,Firmicutes,Acinetobacter.2 (+0.89); Fermentimonas.2 (+0.89); Thermovirga.2 (+0.88); Desulfuromonadaceae.1 (+0.87); EBM-39.1 (+0.84),Methanobacterium.4 (-0.89); Lentimicrobium.1 (-0.84); midas_g_76603.1 (-0.79); Aminiphilus.1 (-0.78); midas_g_36215.2 (-0.71)
Romboutsia.1,25,18,7,19.42610282862356,0,Firmicutes,midas_g_114295.1 (+0.90); Fermentimonas.2 (+0.87); EBM-39.1 (+0.87); Terrisporobacter.1 (+0.86); Thermovirga.2 (+0.84),midas_g_49937.1 (-0.78); midas_g_84729.1 (-0.77); Methanobacterium.5 (-0.76); Methanobacterium.4 (-0.76); midas_g_92370.1 (-0.75)
Methanobacterium.1,25,16,9,19.52381201718482,5,Euryarchaeota,Christensenellaceae_R-7_group.1 (+0.87); Methanobacterium.5 (+0.87); Ercella.1 (+0.82); midas_g_49937.1 (+0.82); midas_g_84729.1 (+0.80),Monoglobus.2 (-0.95); Taibaiella.1 (-0.92); Dysgonomonas.1 (-0.84); Acinetobacter.1 (-0.83); Lachnoclostridium.1 (-0.82)
midas_g_97954.1,24,18,6,18.92509475990453,0,Firmicutes,Aquamicrobium.2 (+0.95); Azoarcus.2 (+0.90); Acinetobacter.2 (+0.89); Comamonadaceae.3 (+0.87); Fermentimonas.2 (+0.82),Methanobacterium.4 (-0.84); midas_g_30443.1 (-0.80); Christensenellaceae_R-7_group.2 (-0.76); Methanobacterium.5 (-0.72); midas_g_49937.1 (-0.72)
Acinetobacter.2,23,22,1,18.235392040134176,0,Proteobacteria,Desulfuromonadaceae.1 (+0.93); Azoarcus.2 (+0.89); Christensenellaceae_R-7_group.4 (+0.89); midas_g_97954.1 (+0.89); Hyphomonas.1 (+0.85),Methanobacterium.4 (-0.88)
Terrisporobacter.1,23,19,4,17.01034454656442,0,Firmicutes,Romboutsia.1 (+0.86); Paraclostridium.1 (+0.82); Rhodococcus.1 (+0.81); Aquamicrobium.2 (+0.81); Fermentimonas.2 (+0.77),midas_g_84729.1 (-0.73); midas_g_49937.1 (-0.73); midas_g_92370.1 (-0.72); Methanothrix.1 (-0.69)
Aminivibrio.1,22,15,7,16.54196657510838,0,Synergistota,Clostridium_sensu_stricto_13.1 (+0.88); Intestinimonas.1 (+0.84); EBM-39.1 (+0.84); Aquamicrobium.2 (+0.83); midas_g_114295.1 (+0.82),midas_g_30443.1 (-0.73); Aminiphilus.1 (-0.73); midas_g_76603.1 (-0.73); midas_g_92370.1 (-0.72); Petrimonas.2 (-0.70)
Lachnoclostridium.1,21,10,11,15.765157670079132,2,Firmicutes,Monoglobus.2 (+0.82); Acinetobacter.1 (+0.82); midas_g_114295.1 (+0.80); Taibaiella.1 (+0.78); Methanosarcina.1 (+0.74),Methanobacterium.1 (-0.82); Methanobacterium.5 (-0.81); Petrimonas.2 (-0.78); Christensenellaceae_R-7_group.1 (-0.77); Aminiphilus.1 (-0.75)
Taibaiella.1,20,9,11,15.692398615474836,2,Bacteroidota,Dysgonomonas.1 (+0.86); Acinetobacter.1 (+0.85); Desulfovibrio.2 (+0.83); Monoglobus.2 (+0.82); Lachnoclostridium.1 (+0.78),Methanobacterium.1 (-0.92); Ercella.1 (-0.90); Methanobacterium.5 (-0.86); Christensenellaceae_R-7_group.1 (-0.83); midas_g_49937.1 (-0.80)
Christensenellaceae_R-7_group.1,19,13,6,14.664757074492076,5,Firmicutes,Methanobacterium.1 (+0.87); Ercella.1 (+0.84); Proteiniphilum.2 (+0.82); Methanobacterium.5 (+0.81); midas_g_49937.1 (+0.81),Taibaiella.1 (-0.83); Monoglobus.2 (-0.80); Lachnoclostridium.1 (-0.77); Clostridium_sensu_stricto_13.1 (-0.76); Acinetobacter.1 (-0.73)
Monoglobus.2,19,9,10,14.479436993933618,2,Firmicutes,Lachnoclostridium.1 (+0.82); Taibaiella.1 (+0.82); Dysgonomonas.1 (+0.78); Acinetobacter.1 (+0.77); Enterobacteriaceae.1 (+0.77),Methanobacterium.1 (-0.95); Methanobacterium.5 (-0.80); Christensenellaceae_R-7_group.1 (-0.80); midas_g_49937.1 (-0.78); midas_g_84729.1 (-0.76)
Desulfovibrio.2,18,7,11,13.861423745626421,2,Desulfobacterota,Dysgonomonas.1 (+0.87); Taibaiella.1 (+0.83); Desulfovibrio.4 (+0.79); Comamonadaceae.3 (+0.78); Acinetobacter.1 (+0.71),Geobacteraceae.1 (-0.82); midas_g_3409.1 (-0.82); Ercella.1 (-0.81); midas_g_49937.1 (-0.80); midas_g_84729.1 (-0.80)
Dysgonomonas.1,18,7,11,13.803869232208466,2,Bacteroidota,Desulfovibrio.2 (+0.87); Taibaiella.1 (+0.86); Acinetobacter.1 (+0.79); Monoglobus.2 (+0.78); Gordonia.1 (+0.77),Methanobacterium.1 (-0.84); midas_g_49937.1 (-0.81); midas_g_84729.1 (-0.80); Geobacteraceae.1 (-0.77); midas_g_92370.1 (-0.76)
Petrimonas.1,18,12,6,13.816090446055728,0,Bacteroidota,Methanosarcina.1 (+0.84); Clostridium_sensu_stricto_13.1 (+0.83); midas_g_15299.1 (+0.79); Intestinimonas.1 (+0.78); Thermovirga.2 (+0.78),Aminiphilus.1 (-0.82); midas_g_76603.1 (-0.81); Petrimonas.2 (-0.79); Proteiniphilum.1 (-0.75); Christensenellaceae_R-7_group.2 (-0.73)
Azoarcus.2,17,15,2,13.430780402012289,0,Proteobacteria,midas_g_97954.1 (+0.90); Acinetobacter.2 (+0.89); Desulfuromonadaceae.1 (+0.86); Aquamicrobium.2 (+0.86); Hyphomonas.1 (+0.85),Methanobacterium.4 (-0.80); Lentimicrobium.1 (-0.69)
Desulfurispora.1,17,13,4,12.58783430268343,5,Firmicutes,Methanothrix.1 (+0.88); midas_g_92370.1 (+0.87); midas_g_49937.1 (+0.83); midas_g_84729.1 (+0.81); Methanobacterium.5 (+0.79),Acinetobacter.1 (-0.69); Comamonadaceae.3 (-0.69); Fermentimonas.2 (-0.69); Thermovirga.2 (-0.69)
Hyphomonas.1,17,16,1,12.776417708761802,0,Proteobacteria,Acinetobacter.2 (+0.85); Azoarcus.2 (+0.85); Desulfuromonadaceae.1 (+0.84); midas_g_97954.1 (+0.80); Pseudarcobacter.1 (+0.79),Methanobacterium.4 (-0.70)
Geobacteraceae.1,17,11,6,12.725201066119093,5,Desulfobacterota,midas_g_3409.1 (+0.88); LNR_A2-18.1 (+0.81); LNR_A2-18.2 (+0.81); Thiobacillus.1 (+0.80); midas_g_49937.1 (+0.73),Desulfovibrio.2 (-0.82); Dysgonomonas.1 (-0.77); Desulfosporosinus.1 (-0.75); Monoglobus.2 (-0.70); Monoglobus.1 (-0.69)
midas_g_30443.1,16,8,8,11.775834637617844,5,Desulfobacterota,Methanobacterium.4 (+0.83); Christensenellaceae_R-7_group.2 (+0.81); Aminiphilus.1 (+0.76); Erysipelothrix.3 (+0.71); Methanobacterium.5 (+0.71),Aquamicrobium.2 (-0.81); midas_g_97954.1 (-0.80); Comamonadaceae.3 (-0.73); Aminivibrio.1 (-0.73); EBM-39.1 (-0.72)
Acetobacterium.1,16,14,2,12.188409586354645,3,Firmicutes,midas_g_15299.1 (+0.89); Methanobacteriaceae.1 (+0.85); Desulfuromonadaceae.1 (+0.84); Desulfobulbus.1 (+0.82); Mesotoga.1 (+0.82),Methanobacterium.4 (-0.75); Lentimicrobium.1 (-0.72)
Thauera.1,16,16,0,12.177883302589727,3,Proteobacteria,Desulfuromonadaceae.1 (+0.88); Desulfovibrio.1 (+0.83); Christensenellaceae_R-7_group.3 (+0.83); Acinetobacter.2 (+0.81); Azoarcus.2 (+0.79),
Trichloromonas.1,15,14,1,11.216990066858303,0,Desulfobacterota,Proteiniclasticum.1 (+0.92); Devosia.1 (+0.84); Desulfuromonadaceae.1 (+0.81); EBM-39.1 (+0.77); midas_g_114295.1 (+0.76),midas_g_94288.1 (-0.69)
Thermovirga.1,14,11,3,10.522205469084136,5,Synergistota,Methanothrix.1 (+0.85); Ca_Caldatribacterium.1 (+0.84); Petrimonas.2 (+0.79); Methanobacterium.5 (+0.76); Ercella.1 (+0.75),Acinetobacter.1 (-0.78); Taibaiella.1 (-0.75); Dysgonomonas.1 (-0.74)
midas_g_15299.1,14,9,5,10.70574507364956,3,Bacteroidota,Mesotoga.1 (+0.90); Acetobacterium.1 (+0.89); Sulfurospirillum.1 (+0.80); Desulfuromonadaceae.1 (+0.79); Petrimonas.1 (+0.79),Desulfovibrio.3 (-0.80); Desulfosporosinus.2 (-0.79); Aminiphilus.1 (-0.72); Methanobacterium.4 (-0.70); midas_g_36215.3 (-0.69)
midas_g_2178.1,14,10,4,10.548156060719712,5,Chloroflexi,Christensenellaceae_R-7_group.2 (+0.85); Methanobacterium.5 (+0.76); midas_g_76603.1 (+0.76); midas_g_49937.1 (+0.75); midas_g_84729.1 (+0.75),Syntrophomonas.1 (-0.83); Desulfovibrio.4 (-0.79); Comamonadaceae.3 (-0.79); Desulfovibrio.2 (-0.69)
Intestinimonas.1,14,10,4,10.482236936068755,0,Firmicutes,Aminivibrio.1 (+0.84); Clostridium_sensu_stricto_13.1 (+0.78); Petrimonas.1 (+0.78); Aquamicrobium.2 (+0.75); EBM-39.1 (+0.74),midas_g_76603.1 (-0.75); Petrimonas.2 (-0.74); Aminiphilus.1 (-0.73); Christensenellaceae_R-7_group.2 (-0.71)
Thiobacillus.1,14,9,5,10.374444359319966,5,Proteobacteria,Geobacteraceae.1 (+0.80); LNR_A2-18.2 (+0.78); midas_g_3409.1 (+0.77); Christensenellaceae_R-7_group.1 (+0.77); LNR_A2-18.1 (+0.75),Desulfosporosinus.1 (-0.80); Burkholderiales.1 (-0.76); Monoglobus.1 (-0.75); Methanobacterium.2 (-0.71); Stenotrophomonas.1 (-0.70)
Lentimicrobium.1,14,7,7,10.436608076452845,5,Bacteroidota,midas_g_36215.1 (+0.84); midas_g_36215.2 (+0.81); Methanobacterium.4 (+0.77); Christensenellaceae_R-7_group.2 (+0.75); midas_g_76603.1 (+0.73),Christensenellaceae_R-7_group.4 (-0.84); Thermovirga.2 (-0.74); EBM-39.1 (-0.72); Acetobacterium.1 (-0.72); Desulfuromonadaceae.1 (-0.70)
Mesotoga.1,13,6,7,9.903908486376874,3,Thermotogota,midas_g_15299.1 (+0.90); Acetobacterium.1 (+0.82); Sulfurospirillum.1 (+0.77); Desulfobulbus.1 (+0.75); Desulfuromonadaceae.1 (+0.73),Desulfosporosinus.2 (-0.84); Desulfovibrio.3 (-0.81); Monoglobus.1 (-0.75); Rhizobiaceae.1 (-0.73); Aquamicrobium.1 (-0.72)
Monoglobus.1,13,7,6,9.687243632575552,2,Firmicutes,Desulfosporosinus.1 (+0.93); Methanobacterium.2 (+0.77); Burkholderiales.1 (+0.75); Erysipelothrix.1 (+0.71); Desulfosporosinus.2 (+0.71),Desulfobulbus.1 (-0.78); Desulfovibrio.1 (-0.76); Thiobacillus.1 (-0.75); Mesotoga.1 (-0.75); Christensenellaceae_R-7_group.3 (-0.69)
Proteiniphilum.1,12,7,5,8.956103062145138,5,Bacteroidota,Anaerovorax.1 (+0.88); midas_g_76603.1 (+0.81); Petrimonas.2 (+0.75); midas_g_36215.2 (+0.75); Aminiphilus.1 (+0.74),Methanosarcina.1 (-0.78); Petrimonas.1 (-0.75); Lachnoclostridium.1 (-0.70); EBM-39.1 (-0.69); Thermovirga.2 (-0.69)
Methanobacterium.2,12,8,4,8.97735392936903,2,Euryarchaeota,Pannonibacter.1 (+0.82); Gordonia.1 (+0.81); Sphingopyxis.1 (+0.77); Monoglobus.1 (+0.77); Burkholderiales.1 (+0.71),Hydrogenophaga.1 (-0.77); Methanobacterium.1 (-0.75); Proteiniphilum.2 (-0.75); Thiobacillus.1 (-0.71)
midas_g_3409.1,12,9,3,9.11107559950851,5,WS1,Geobacteraceae.1 (+0.88); midas_g_84729.1 (+0.78); Thiobacillus.1 (+0.77); Ercella.1 (+0.75); midas_g_49937.1 (+0.75),Desulfovibrio.2 (-0.82); Dysgonomonas.1 (-0.74); Burkholderiales.1 (-0.69)
Desulfobulbus.1,12,10,2,8.967367857811125,3,Desulfobacterota,Acetobacterium.1 (+0.82); Methanobacteriaceae.1 (+0.81); Desulfuromonadaceae.1 (+0.81); Mesotoga.1 (+0.75); Thauera.1 (+0.74),Monoglobus.1 (-0.78); Desulfovibrio.3 (-0.68)
Desulfovibrio.1,12,8,4,9.306239482235977,3,Desulfobacterota,Christensenellaceae_R-7_group.3 (+0.92); Thauera.1 (+0.83); Ercella.2 (+0.83); Syner-01.1 (+0.78); Pseudarcobacter.1 (+0.78),Monoglobus.1 (-0.76); midas_g_98124.1 (-0.75); Desulfosporosinus.1 (-0.74); Propionicicella.1 (-0.72)
Christensenellaceae_R-7_group.3,12,8,4,9.231145411789141,3,Firmicutes,Desulfovibrio.1 (+0.92); Syner-01.1 (+0.87); Thauera.1 (+0.83); Ercella.2 (+0.82); Pseudarcobacter.1 (+0.77),midas_g_98124.1 (-0.73); Propionicicella.1 (-0.70); Desulfosporosinus.1 (-0.69); Monoglobus.1 (-0.69)
Sulfurospirillum.1,11,4,7,8.126424253681563,3,Campylobacterota,midas_g_15299.1 (+0.80); Mesotoga.1 (+0.77); Petrimonas.1 (+0.72); Desulfuromonadaceae.1 (+0.70),midas_g_36215.1 (-0.77); midas_g_36215.2 (-0.77); Aminiphilus.1 (-0.74); Desulfosporosinus.2 (-0.74); midas_g_76603.1 (-0.71)
Pseudarcobacter.1,10,10,0,7.542035785759658,3,Campylobacterota,Acinetobacter.2 (+0.82); Desulfuromonadaceae.1 (+0.79); Hyphomonas.1 (+0.79); Desulfovibrio.1 (+0.78); Christensenellaceae_R-7_group.3 (+0.77),
Desulfovibrio.3,10,6,4,7.616230118979321,6,Desulfobacterota,Desulfosporosinus.2 (+0.96); Rhizobiaceae.1 (+0.82); Stappia.1 (+0.75); midas_g_36215.3 (+0.72); Monoglobus.1 (+0.70),Mesotoga.1 (-0.81); midas_g_15299.1 (-0.80); Desulfobulbus.1 (-0.68); Sulfurospirillum.1 (-0.68)
Desulfosporosinus.2,10,7,3,7.890576340858711,6,Firmicutes,Desulfovibrio.3 (+0.96); Rhizobiaceae.1 (+0.86); Desulfosporosinus.3 (+0.83); midas_g_36215.3 (+0.74); Stenotrophomonas.2 (+0.71),Mesotoga.1 (-0.84); midas_g_15299.1 (-0.79); Sulfurospirillum.1 (-0.74)
Burkholderiales.1,10,5,5,7.3344215911366595,2,Proteobacteria,midas_g_98124.1 (+0.77); Monoglobus.1 (+0.75); Methanobacterium.2 (+0.71); Monoglobus.2 (+0.71); Erysipelothrix.1 (+0.69),Methanobacterium.1 (-0.76); Thiobacillus.1 (-0.76); Hydrogenophaga.1 (-0.76); Ercella.2 (-0.73); midas_g_3409.1 (-0.69)
Syner-01.1,10,9,1,7.515121297990111,3,Synergistota,Christensenellaceae_R-7_group.3 (+0.87); Syner-01.2 (+0.85); Desulfovibrio.1 (+0.78); Desulfuromonadaceae.1 (+0.74); Pseudarcobacter.1 (+0.74),midas_g_98124.1 (-0.72)
midas_g_36215.1,10,8,2,7.639165469086347,5,Bacteroidota,midas_g_36215.2 (+0.97); Lentimicrobium.1 (+0.84); Anaerovorax.1 (+0.79); midas_g_2178.1 (+0.73); midas_g_76603.1 (+0.72),Sulfurospirillum.1 (-0.77); Christensenellaceae_R-7_group.4 (-0.69)
Syner-01.2,10,8,2,7.506806035417362,3,Synergistota,Syner-01.1 (+0.85); Desulfovibrio.1 (+0.78); Christensenellaceae_R-7_group.3 (+0.77); Hyphomonas.1 (+0.76); Thauera.1 (+0.74),Bacteroides.1 (-0.70); Propionicicella.1 (-0.70)
Devosia.1,10,9,1,7.447627041599715,0,Proteobacteria,Trichloromonas.1 (+0.84); JGI-0000079-D21.1 (+0.79); Romboutsia.1 (+0.77); Terrisporobacter.1 (+0.76); Proteiniclasticum.1 (+0.74),midas_g_94288.1 (-0.75)
Proteiniclasticum.1,10,9,1,7.50177322473333,0,Firmicutes,Trichloromonas.1 (+0.92); JGI-0000079-D21.1 (+0.81); Aquamicrobium.2 (+0.74); Devosia.1 (+0.74); midas_g_114295.1 (+0.74),Sphaerochaeta.1 (-0.72)
Desulfosporosinus.1,9,3,6,6.711475364440538,2,Firmicutes,Monoglobus.1 (+0.93); midas_g_98124.1 (+0.71); Methanobacterium.2 (+0.69),Thiobacillus.1 (-0.80); Geobacteraceae.1 (-0.75); Desulfovibrio.1 (-0.74); Mesotoga.1 (-0.70); LNR_A2-18.2 (-0.70)
Anaerovorax.1,9,7,2,6.863385846470845,5,Firmicutes,Proteiniphilum.1 (+0.88); midas_g_76603.1 (+0.81); midas_g_36215.1 (+0.79); midas_g_36215.2 (+0.79); Aminiphilus.1 (+0.74),Methanosarcina.1 (-0.73); Thermovirga.2 (-0.70)
Ercella.2,9,7,2,6.741441647289058,3,Firmicutes,Desulfovibrio.1 (+0.83); Christensenellaceae_R-7_group.3 (+0.82); Methanobacteriaceae.1 (+0.73); Hydrogenophaga.1 (+0.71); Thauera.1 (+0.71),midas_g_98124.1 (-0.82); Burkholderiales.1 (-0.73)
Desulfosporosinus.3,8,5,3,5.760799897951168,6,Firmicutes,Desulfosporosinus.2 (+0.83); Rhizobiaceae.1 (+0.76); Stenotrophomonas.1 (+0.71); Pannonibacter.1 (+0.70); Desulfovibrio.3 (+0.70),Mesotoga.1 (-0.70); LNR_A2-18.1 (-0.68); LNR_A2-18.2 (-0.68)
midas_g_98124.1,8,3,5,5.914192316803914,2,Firmicutes,Burkholderiales.1 (+0.77); Desulfosporosinus.1 (+0.71); Monoglobus.1 (+0.71),Ercella.2 (-0.82); Desulfovibrio.1 (-0.75); Christensenellaceae_R-7_group.3 (-0.73); Syner-01.1 (-0.72); Hydrogenophaga.1 (-0.71)
midas_g_36215.2,8,6,2,6.234182415090713,5,Bacteroidota,midas_g_36215.1 (+0.97); Lentimicrobium.1 (+0.81); Anaerovorax.1 (+0.79); Proteiniphilum.1 (+0.75); midas_g_76603.1 (+0.72),Sulfurospirillum.1 (-0.77); Christensenellaceae_R-7_group.4 (-0.71)
JGI-0000079-D21.1,7,6,1,5.269998739324875,6,Synergistota,Syntrophobacter.1 (+0.82); Proteiniclasticum.1 (+0.81); Devosia.1 (+0.79); Trichloromonas.1 (+0.73); Terrisporobacter.1 (+0.71),Sphaerochaeta.1 (-0.72)
Hydrogenophaga.1,7,2,5,5.1599818670774775,3,Proteobacteria,Ercella.2 (+0.71); Desulfurispora.1 (+0.71),Pannonibacter.1 (-0.80); Methanobacterium.2 (-0.77); Burkholderiales.1 (-0.76); midas_g_98124.1 (-0.71); Propionicicella.1 (-0.70)
Syntrophobacter.1,6,6,0,4.567456036371886,6,Desulfobacterota,Paraclostridium.1 (+0.84); JGI-0000079-D21.1 (+0.82); Stenotrophomonas.2 (+0.77); Terrisporobacter.1 (+0.76); Rhodococcus.1 (+0.70),
Pannonibacter.1,6,5,1,4.572863940581196,2,Proteobacteria,Gordonia.1 (+0.85); Methanobacterium.2 (+0.82); Propionicicella.1 (+0.70); Dysgonomonas.1 (+0.70); Desulfosporosinus.3 (+0.70),Hydrogenophaga.1 (-0.80)
Gordonia.1,6,6,0,4.633345481739923,2,Actinobacteriota,Pannonibacter.1 (+0.85); Rhodococcus.1 (+0.81); Methanobacterium.2 (+0.81); Dysgonomonas.1 (+0.77); Stenotrophomonas.2 (+0.70),
Syntrophomonas.1,6,3,3,4.516968378725457,0,Firmicutes,Comamonadaceae.3 (+0.80); midas_g_97954.1 (+0.75); Aquamicrobium.2 (+0.68),midas_g_2178.1 (-0.83); Christensenellaceae_R-7_group.2 (-0.76); midas_g_30443.1 (-0.70)
Rhizobiaceae.1,6,5,1,4.642178742144669,6,Proteobacteria,Desulfosporosinus.2 (+0.86); Desulfovibrio.3 (+0.82); Desulfosporosinus.3 (+0.76); Leucobacter.1 (+0.74); Stenotrophomonas.2 (+0.73),Mesotoga.1 (-0.73)
midas_g_9269.1,6,5,1,4.359592615415782,5,Bacteroidota,midas_g_49937.1 (+0.77); midas_g_92370.1 (+0.76); midas_g_84729.1 (+0.76); Geobacteraceae.1 (+0.69); Sphaerochaeta.1 (+0.69),Desulfovibrio.2 (-0.69)
Paraclostridium.1,6,6,0,4.60708096889315,6,Firmicutes,Rhodococcus.1 (+0.84); Syntrophobacter.1 (+0.84); Terrisporobacter.1 (+0.82); Hyphomonas.1 (+0.72); Comamonadaceae.2 (+0.70),
Rhodococcus.1,6,5,1,4.61691871043521,6,Actinobacteriota,Paraclostridium.1 (+0.84); Terrisporobacter.1 (+0.81); Gordonia.1 (+0.81); Comamonadaceae.2 (+0.75); Syntrophobacter.1 (+0.70),Methanothrix.1 (-0.69)
Methanobacteriaceae.1,6,5,1,4.448346711861764,3,Euryarchaeota,Acetobacterium.1 (+0.85); Desulfobulbus.1 (+0.81); Ercella.2 (+0.73); Desulfuromonadaceae.1 (+0.69); Trichloromonas.1 (+0.68),Lentimicrobium.1 (-0.68)
Ca_Caldatribacterium.1,6,6,0,4.43426514955511,5,Caldatribacteriota,Thermovirga.1 (+0.84); Methanothrix.1 (+0.79); Christensenellaceae_R-7_group.1 (+0.73); Methanobacterium.1 (+0.70); Desulfurispora.1 (+0.69),
LNR_A2-18.2,5,3,2,3.9581535992229293,5,Cloacimonadota,LNR_A2-18.1 (+0.98); Geobacteraceae.1 (+0.81); Thiobacillus.1 (+0.78),Desulfosporosinus.1 (-0.70); Desulfosporosinus.3 (-0.68)
Oscillibacter.2,5,4,1,3.6675614517363253,6,Firmicutes,Comamonadaceae.2 (+0.83); Comamonadaceae.3 (+0.72); midas_g_97954.1 (+0.72); Enterobacteriaceae.1 (+0.68),Methanobacterium.5 (-0.71)
Desulfovibrio.4,5,4,1,3.702887928540507,0,Desulfobacterota,Desulfovibrio.2 (+0.79); Christensenellaceae_R-7_group.4 (+0.75); Comamonadaceae.3 (+0.69); Fermentimonas.2 (+0.69),midas_g_2178.1 (-0.79)
midas_g_36215.3,5,4,1,3.6641396141585085,6,Bacteroidota,Stappia.1 (+0.78); Bacteria (unclassified).1 (+0.74); Desulfosporosinus.2 (+0.74); Desulfovibrio.3 (+0.72),midas_g_15299.1 (-0.69)
Propionicicella.1,5,1,4,3.519607259075672,2,Actinobacteriota,Pannonibacter.1 (+0.70),Desulfovibrio.1 (-0.72); Syner-01.2 (-0.70); Christensenellaceae_R-7_group.3 (-0.70); Hydrogenophaga.1 (-0.70)
Proteiniphilum.2,5,2,3,3.802122963125609,5,Bacteroidota,Christensenellaceae_R-7_group.1 (+0.82); Methanobacterium.1 (+0.73),Sphingopyxis.1 (-0.80); Methanobacterium.2 (-0.75); Monoglobus.2 (-0.71)
Sphingopyxis.1,5,3,2,3.7629148424612233,2,Proteobacteria,Methanobacterium.2 (+0.77); Acinetobacter.1 (+0.74); Monoglobus.2 (+0.71),Proteiniphilum.2 (-0.80); Methanobacterium.1 (-0.74)
Stenotrophomonas.2,4,4,0,2.908749888682487,6,Proteobacteria,Syntrophobacter.1 (+0.77); Rhizobiaceae.1 (+0.73); Desulfosporosinus.2 (+0.71); Gordonia.1 (+0.70),
Stenotrophomonas.1,4,3,1,2.778868455632696,6,Proteobacteria,Desulfosporosinus.3 (+0.71); Leucobacter.1 (+0.69); Comamonadaceae.2 (+0.69),Thiobacillus.1 (-0.70)
LNR_A2-18.1,4,3,1,3.2234580334073994,5,Cloacimonadota,LNR_A2-18.2 (+0.98); Geobacteraceae.1 (+0.81); Thiobacillus.1 (+0.75),Desulfosporosinus.3 (-0.68)
Stappia.1,4,4,0,3.0128402803128207,6,Proteobacteria,midas_g_36215.3 (+0.78); Bacteria (unclassified).1 (+0.78); Desulfovibrio.3 (+0.75); Desulfosporosinus.2 (+0.71),
Comamonadaceae.2,4,4,0,2.9598307126589387,6,Proteobacteria,Oscillibacter.2 (+0.83); Rhodococcus.1 (+0.75); Paraclostridium.1 (+0.70); Stenotrophomonas.1 (+0.69),
Sphaerochaeta.1,3,1,2,2.1315016038928283,5,Spirochaetota,midas_g_9269.1 (+0.69),JGI-0000079-D21.1 (-0.72); Proteiniclasticum.1 (-0.72)
Pseudomonas.2,3,3,0,2.1822653411733564,3,Proteobacteria,Thauera.1 (+0.77); Acinetobacter.2 (+0.71); Pseudarcobacter.1 (+0.70),
midas_g_9269.3,3,3,0,2.689427716764476,7,Bacteroidota,midas_g_9269.2 (+1.00); Erysipelothrix.3 (+0.99); midas_g_30443.1 (+0.70),
Ruminiclostridium.1,3,3,0,2.141733986976968,3,Firmicutes,Syner-01.2 (+0.74); Syner-01.1 (+0.71); Terrisporobacter.1 (+0.69),
midas_g_9269.2,3,3,0,2.689427716764476,7,Bacteroidota,midas_g_9269.3 (+1.00); Erysipelothrix.3 (+0.99); midas_g_30443.1 (+0.70),
Erysipelothrix.3,3,3,0,2.6925273569427883,7,Firmicutes,midas_g_9269.2 (+0.99); midas_g_9269.3 (+0.99); midas_g_30443.1 (+0.71),
Erysipelothrix.1,3,3,0,2.1613192858472083,2,Firmicutes,Bacteroides.1 (+0.76); Monoglobus.1 (+0.71); Burkholderiales.1 (+0.69),
Bacteroides.1,2,1,1,1.4631274348274146,2,Bacteroidota,Erysipelothrix.1 (+0.76),Syner-01.2 (-0.70)
Comamonadaceae.1,2,2,0,1.5348233051871811,4,Proteobacteria,Azoarcus.2 (+0.78); Devosia.2 (+0.75),
midas_g_94288.1,2,0,2,1.4455518366200297,-1,Firmicutes,,Devosia.1 (-0.75); Trichloromonas.1 (-0.69)
Enterobacteriaceae.1,2,2,0,1.4552064799472877,2,Proteobacteria,Monoglobus.2 (+0.77); Oscillibacter.2 (+0.68),
Achromobacter.1,2,1,1,1.5693656686383788,1,Proteobacteria,Achromobacter.2 (+0.88),Methanobacterium.3 (-0.69)
Achromobacter.2,2,1,1,1.5736099822433518,1,Proteobacteria,Achromobacter.1 (+0.88),Anaerovorax.2 (-0.70)
Xanthobacter.1,2,1,1,1.4194237141760906,5,Proteobacteria,Aminiphilus.1 (+0.70),Lachnoclostridium.1 (-0.72)
Leucobacter.1,2,2,0,1.4327071603497534,6,Actinobacteriota,Rhizobiaceae.1 (+0.74); Stenotrophomonas.1 (+0.69),
Methanobacterium.3,2,1,1,1.4238672649621547,2,Euryarchaeota,Lachnoclostridium.1 (+0.73),Achromobacter.1 (-0.69)
Bacteria (unclassified).1,2,2,0,1.511549055756317,6,Bacteria (unclassified),Stappia.1 (+0.78); midas_g_36215.3 (+0.74),
Devosia.2,1,1,0,0.7510137813776575,4,Proteobacteria,Comamonadaceae.1 (+0.75),
Aquamicrobium.1,1,0,1,0.7152770897999906,-1,Proteobacteria,,Mesotoga.1 (-0.72)
Ochrobactrum.1,1,0,1,0.6921073652562993,-1,Proteobacteria,,Methanothrix.1 (-0.69)
Anaerovorax.2,1,0,1,0.697101456462116,-1,Firmicutes,,Achromobacter.2 (-0.70)
