Node,Phylum,Domain,Relative_abundance,Role,Module
Monoglobus.13,Firmicutes,Bacteria,0.0474,,1
EBM-39.1,Synergistota,Bacteria,4.1403,,5
Petrimonas.4,Bacteroidota,Bacteria,0.0701,,1
Methanobacterium.5,Euryarchaeota,Archaea,0.5551,,1
Thermovirga.2,Synergistota,Bacteria,0.9271,,5
Ca_Phosphitivorax.1,SAR324_cladeMarine_group_B,Bacteria,0.0505,,1
midas_g_76603.1,Firmicutes,Bacteria,0.1107,,1
midas_g_114295.1,Armatimonadota,Bacteria,0.1688,,5
midas_g_49937.1,Chloroflexi,Bacteria,0.2635,,1
Aminiphilus.1,Synergistota,Bacteria,0.2243,,1
midas_g_84729.1,Chloroflexi,Bacteria,0.1581,,1
Fermentimonas.2,Bacteroidota,Bacteria,0.3792,,5
Aquamicrobium.2,Proteobacteria,Bacteria,0.3597,,5
Petrimonas.2,Bacteroidota,Bacteria,0.5061,,1
Methanobacterium.4,Euryarchaeota,Archaea,1.0151,,1
Proteiniborus.5,Firmicutes,Bacteria,0.0109,,4
Methanosarcina.1,Halobacterota,Archaea,0.6033,,5
midas_g_82137.2,Firmicutes,Bacteria,0.0272,,4
Christensenellaceae_R-7_group.2,Firmicutes,Bacteria,0.1107,,1
Christensenellaceae.7,Firmicutes,Bacteria,0.015,,4
Acinetobacter.1,Proteobacteria,Bacteria,1.7906,,5
midas_g_97954.1,Firmicutes,Bacteria,0.1624,,5
Christensenellaceae_R-7_group.38,Firmicutes,Bacteria,0.022,,4
Caproiciproducens.1,Firmicutes,Bacteria,0.0148,,4
Clostridium_sensu_stricto_1.7,Firmicutes,Bacteria,0.0053,,4
midas_g_669.2,Firmicutes,Bacteria,0.0812,,5
Camelimonas.2,Proteobacteria,Bacteria,0.048,,5
Desulfuromonadaceae.1,Desulfobacterota,Bacteria,0.2823,,5
Ercella.1,Firmicutes,Bacteria,0.1012,,1
Propionicicella.4,Actinobacteriota,Bacteria,0.0766,,4
Methanothrix.1,Halobacterota,Archaea,0.155,,1
Pelolinea.3,Chloroflexi,Bacteria,0.0348,,1
midas_g_92370.1,Firmicutes,Bacteria,0.1139,,1
Cryptanaerobacter.1,Firmicutes,Bacteria,0.0785,,1
Colidextribacter.6,Firmicutes,Bacteria,0.0042,,4
Syntrophomonas.2,Firmicutes,Bacteria,0.0194,,4
midas_g_95534.1,Firmicutes,Bacteria,0.0183,,1
Anaerostignum.2,Firmicutes,Bacteria,0.0744,,5
Romboutsia.1,Firmicutes,Bacteria,0.869,,5
Bellilinea.1,Chloroflexi,Bacteria,0.0443,,1
Christensenellaceae_R-7_group.57,Firmicutes,Bacteria,0.0701,,4
Rhizobiaceae.1,Proteobacteria,Bacteria,0.7355,,4
Phenylobacterium.1,Proteobacteria,Bacteria,0.0069,,4
midas_g_5574.2,Actinobacteriota,Bacteria,0.0714,,5
Clostridium_sensu_stricto_13.1,Firmicutes,Bacteria,0.0996,,5
midas_g_36376.1,Planctomycetota,Bacteria,0.0514,,5
Syner-01.9,Synergistota,Bacteria,0.0902,,1
midas_g_5574.1,Actinobacteriota,Bacteria,0.0415,,5
Christensenellaceae_R-7_group.42,Firmicutes,Bacteria,0.023,,10
Brevundimonas.3,Proteobacteria,Bacteria,0.083,,5
midas_g_35108.1,Chloroflexi,Bacteria,0.0348,,1
Acinetobacter.2,Proteobacteria,Bacteria,0.1095,,5
Christensenellaceae_R-7_group.4,Firmicutes,Bacteria,0.1942,,5
Reyranella.2,Proteobacteria,Bacteria,0.0021,,4
midas_g_93469.1,Firmicutes,Bacteria,0.0217,,5
Proteiniphilum.15,Bacteroidota,Bacteria,0.0933,,4
Christensenellaceae_R-7_group.63,Firmicutes,Bacteria,0.0424,,5
Methanobacterium.1,Euryarchaeota,Archaea,49.6594,,1
Azoarcus.2,Proteobacteria,Bacteria,2.3878,,5
Alcaligenes.3,Proteobacteria,Bacteria,0.0465,,2
Oscillibacter.3,Firmicutes,Bacteria,0.092,,5
midas_g_112760.1,Firmicutes,Bacteria,0.0696,,1
midas_g_77185.2,Cyanobacteria,Bacteria,0.0029,,4
Desulfovibrio.3,Desulfobacterota,Bacteria,1.2585,,4
Comamonadaceae.3,Proteobacteria,Bacteria,0.5092,,5
Mesotoga.1,Thermotogota,Bacteria,3.8098,,5
Parapusillimonas.1,Proteobacteria,Bacteria,0.0285,,4
Proteiniphilum.14,Bacteroidota,Bacteria,0.0302,,10
midas_g_98017.1,Firmicutes,Bacteria,0.0459,,5
Taibaiella.1,Bacteroidota,Bacteria,0.1946,,9
Lachnoclostridium.1,Firmicutes,Bacteria,1.4198,,9
Lachnoclostridium.2,Firmicutes,Bacteria,0.0131,,4
Devosia.9,Proteobacteria,Bacteria,0.006,,4
Veillonellales-Selenomonadales.6,Firmicutes,Bacteria,0.0169,,4
Clostridiaceae.1,Firmicutes,Bacteria,0.0276,,4
Methanobacterium.96,Euryarchaeota,Archaea,0.014,,4
HN-HF0106.10,Firmicutes,Bacteria,0.0168,,4
midas_g_91392.1,Firmicutes,Bacteria,0.0037,,6
Phenylobacterium.4,Proteobacteria,Bacteria,0.0221,,2
Hydrogenophaga.5,Proteobacteria,Bacteria,0.0286,,6
Methanobacterium.20,Euryarchaeota,Archaea,0.0456,,10
Syntrophobotulaceae.7,Firmicutes,Bacteria,0.0506,,1
Thermovirga.1,Synergistota,Bacteria,0.1834,,1
Trichloromonas.1,Desulfobacterota,Bacteria,0.1522,,2
Romboutsia.3,Firmicutes,Bacteria,0.0275,,6
Rhodococcus.4,Actinobacteriota,Bacteria,0.0218,,6
Synergistaceae.2,Synergistota,Bacteria,0.0119,,6
Lutispora.3,Firmicutes,Bacteria,0.0275,,4
Desulfosporosinus.2,Firmicutes,Bacteria,0.1425,,4
midas_g_3595.1,Firmicutes,Bacteria,0.0498,,5
Christensenellaceae_R-7_group.1,Firmicutes,Bacteria,0.3448,,1
Christensenellaceae_R-7_group.44,Firmicutes,Bacteria,0.0917,,1
Arenimonas.2,Proteobacteria,Bacteria,0.0075,,6
midas_g_2604.3,Firmicutes,Bacteria,0.028,,1
Monoglobus.2,Firmicutes,Bacteria,0.1884,,9
Flavobacterium.3,Bacteroidota,Bacteria,0.0237,,10
midas_g_2178.3,Chloroflexi,Bacteria,0.0373,,4
Oxobacteraceae.3,Firmicutes,Bacteria,0.0135,,10
midas_g_110683.3,Firmicutes,Bacteria,0.0215,,4
Aminivibrio.1,Synergistota,Bacteria,4.5582,,5
Pelotomaculum.4,Firmicutes,Bacteria,0.0125,,6
midas_g_82137.3,Firmicutes,Bacteria,0.0029,,4
Oscillibacter.4,Firmicutes,Bacteria,0.0127,,6
Colidextribacter.1,Firmicutes,Bacteria,0.0103,,4
Hydrogenophaga.7,Proteobacteria,Bacteria,0.0969,,5
Syntrophomonadaceae.1,Firmicutes,Bacteria,0.0138,,2
midas_g_77817.1,Firmicutes,Bacteria,0.0055,,2
Petrimonas.1,Bacteroidota,Bacteria,3.4013,,5
midas_g_15299.1,Bacteroidota,Bacteria,0.7273,,5
Dehalobacterium.1,Firmicutes,Bacteria,0.0088,,4
midas_g_95485.1,Firmicutes,Bacteria,0.0017,,4
midas_g_9269.1,Bacteroidota,Bacteria,2.7422,,1
Hyphomonas.1,Proteobacteria,Bacteria,0.1462,,5
Veillonellales-Selenomonadales.2,Firmicutes,Bacteria,0.0087,,10
Anaerovorax.12,Firmicutes,Bacteria,0.01,,6
Comamonadaceae.6,Proteobacteria,Bacteria,0.0039,,6
Acetobacterium.1,Firmicutes,Bacteria,1.5006,,5
Dysgonomonas.1,Bacteroidota,Bacteria,1.2464,,9
Azorhizobium.1,Proteobacteria,Bacteria,0.0759,,1
NK4A214_group.2,Firmicutes,Bacteria,0.0044,,10
Ruminiclostridium.13,Firmicutes,Bacteria,0.0314,,4
Thauera.1,Proteobacteria,Bacteria,0.283,,5
Desulfovibrio.2,Desulfobacterota,Bacteria,0.6214,,9
Paludibacter.3,Bacteroidota,Bacteria,0.0081,,10
Desulfosporosinus.3,Firmicutes,Bacteria,0.1485,,4
midas_g_82137.1,Firmicutes,Bacteria,0.0246,,4
Terrisporobacter.1,Firmicutes,Bacteria,0.3266,,5
Proteiniclasticum.1,Firmicutes,Bacteria,0.4416,,2
Proteiniphilum.12,Bacteroidota,Bacteria,0.0589,,1
Limnobacter.1,Proteobacteria,Bacteria,0.0304,,5
Bacteria (unclassified).39,Bacteria (unclassified),Bacteria,0.0071,,1
Devosia.1,Proteobacteria,Bacteria,0.1138,,2
midas_g_49834.1,Firmicutes,Bacteria,0.0111,,10
Syntrophomonas.15,Firmicutes,Bacteria,0.0043,,6
midas_g_554.2,Firmicutes,Bacteria,0.0187,,1
Desulfurispora.1,Firmicutes,Bacteria,0.2243,,1
Oscillospiraceae.8,Firmicutes,Bacteria,0.0039,,10
midas_g_91392.2,Firmicutes,Bacteria,0.0135,,1
Proteiniphilum.17,Bacteroidota,Bacteria,0.0411,,10
Methylobacter.1,Proteobacteria,Bacteria,0.022,,10
Christensenellaceae.15,Firmicutes,Bacteria,0.0089,,10
Ruminiclostridium.9,Firmicutes,Bacteria,0.0636,,6
Sphingopyxis.5,Proteobacteria,Bacteria,0.0788,,6
midas_g_2178.1,Chloroflexi,Bacteria,0.2944,,1
Hungateiclostridiaceae.28,Firmicutes,Bacteria,0.0034,,4
Bradyrhizobium.2,Proteobacteria,Bacteria,0.0187,,4
Sulfurospirillum.1,Campylobacterota,Bacteria,0.8968,,5
midas_g_30443.1,Desulfobacterota,Bacteria,0.1418,,1
midas_g_85764.2,Firmicutes,Bacteria,0.0184,,1
Methanobacterium.37,Euryarchaeota,Archaea,0.0133,,10
Methanoculleus.1,Halobacterota,Archaea,0.0071,,6
midas_g_8129.1,Chloroflexi,Bacteria,0.0747,,5
Leucobacter.1,Actinobacteriota,Bacteria,0.266,,6
Methanobacterium.89,Euryarchaeota,Archaea,0.0145,,4
midas_g_36215.9,Bacteroidota,Bacteria,0.0875,,4
Syntrophomonas.3,Firmicutes,Bacteria,0.0244,,10
Tissierella.5,Firmicutes,Bacteria,0.0042,,6
Lentimicrobium.1,Bacteroidota,Bacteria,7.9372,,1
Rummeliibacillus.2,Firmicutes,Bacteria,0.0049,,4
midas_g_3409.1,WS1,Bacteria,0.198,,1
midas_g_98374.1,Chloroflexi,Bacteria,0.005,,10
Methanobacterium.34,Euryarchaeota,Archaea,0.0228,,10
Intestinimonas.1,Firmicutes,Bacteria,0.1086,,5
Methanobacterium.55,Euryarchaeota,Archaea,0.0195,,10
Pelotomaculum.1,Firmicutes,Bacteria,0.0038,,6
Monoglobus.1,Firmicutes,Bacteria,0.1013,,4
Afipia.3,Proteobacteria,Bacteria,0.0027,,4
Syntrophomonas.22,Firmicutes,Bacteria,0.0014,,4
Sphingosinicella.1,Proteobacteria,Bacteria,0.0183,,2
Anaerovorax.13,Firmicutes,Bacteria,0.015,,4
Brevundimonas.5,Proteobacteria,Bacteria,0.0121,,6
Syntrophomonas.1,Firmicutes,Bacteria,0.1165,,5
XBB1006.1,Firmicutes,Bacteria,0.0146,,6
Ruminiclostridium.10,Firmicutes,Bacteria,0.0128,,6
Proteiniphilum.5,Bacteroidota,Bacteria,0.0114,,6
Syner-01.1,Synergistota,Bacteria,0.8968,,5
midas_g_3064.1,Chloroflexi,Bacteria,0.028,,1
Dehalobacter.2,Firmicutes,Bacteria,0.0776,,6
Lachnospiraceae.3,Firmicutes,Bacteria,0.014,,6
midas_g_36215.3,Bacteroidota,Bacteria,0.1732,,4
Christensenellaceae_R-7_group.51,Firmicutes,Bacteria,0.0112,,1
Pseudolabrys.2,Proteobacteria,Bacteria,0.0091,,10
Methanomethylophilaceae.1,Thermoplasmatota,Archaea,0.0138,,5
midas_g_70329.2,Firmicutes,Bacteria,0.0039,,6
Proteiniphilum.1,Bacteroidota,Bacteria,1.1544,,1
Enterococcus.5,Firmicutes,Bacteria,0.0025,,4
midas_g_21833.1,Actinobacteriota,Bacteria,0.0814,,2
Shinella.1,Proteobacteria,Bacteria,0.0146,,6
JGI-0000079-D21.1,Synergistota,Bacteria,0.1273,,2
Actinomyces.4,Actinobacteriota,Bacteria,0.0397,,9
Christensenellaceae_R-7_group.19,Firmicutes,Bacteria,0.0357,,6
Caproiciproducens.2,Firmicutes,Bacteria,0.0282,,6
Thiobacillus.1,Proteobacteria,Bacteria,0.291,,1
Anaerovorax.1,Firmicutes,Bacteria,0.3112,,1
Geobacteraceae.1,Desulfobacterota,Bacteria,0.1615,,1
Methanomassiliicoccus.2,Thermoplasmatota,Archaea,0.0111,,2
Alcaligenaceae.1,Proteobacteria,Bacteria,0.0247,,5
Bacteria (unclassified).1,Bacteria (unclassified),Bacteria,0.4302,,4
Pseudomonas.2,Proteobacteria,Bacteria,0.1024,,6
Sporomusaceae.2,Firmicutes,Bacteria,0.0469,,6
Christensenellaceae_R-7_group.3,Firmicutes,Bacteria,0.1098,,5
Desulfobulbus.1,Desulfobacterota,Bacteria,0.1467,,5
Syntrophobacter.1,Desulfobacterota,Bacteria,0.2037,,2
Proteiniborus.4,Firmicutes,Bacteria,0.0014,,4
Propionibacteriaceae.3,Actinobacteriota,Bacteria,0.0449,,10
Ca_Caldatribacterium.1,Caldatribacteriota,Bacteria,0.6952,,1
Christensenellaceae_R-7_group.93,Firmicutes,Bacteria,0.0214,,6
Sphingopyxis.3,Proteobacteria,Bacteria,0.0127,,4
Desulfovibrio.1,Desulfobacterota,Bacteria,2.2295,,5
Methanobacterium.2,Euryarchaeota,Archaea,29.0393,,9
Colidextribacter.4,Firmicutes,Bacteria,0.0399,,6
Dysgonomonadaceae.1,Bacteroidota,Bacteria,0.0116,,4
Sphaerochaeta.7,Spirochaetota,Bacteria,0.0935,,10
Family_XI.4,Firmicutes,Bacteria,0.0158,,1
midas_g_36215.2,Bacteroidota,Bacteria,0.4316,,1
Fonticella.2,Firmicutes,Bacteria,0.0378,,6
Ralstonia.1,Proteobacteria,Bacteria,0.012,,4
Clostridiaceae.10,Firmicutes,Bacteria,0.0282,,6
Desulfovibrio.4,Desulfobacterota,Bacteria,0.1883,,6
Desulfosporosinus.1,Firmicutes,Bacteria,0.714,,4
Stappia.1,Proteobacteria,Bacteria,1.7705,,4
Aquamicrobium.1,Proteobacteria,Bacteria,0.5663,,10
midas_g_36215.1,Bacteroidota,Bacteria,0.8429,,1
Novosphingobium.1,Proteobacteria,Bacteria,0.0055,,2
Burkholderiales.1,Proteobacteria,Bacteria,33.9233,,4
Clostridiaceae.6,Firmicutes,Bacteria,0.0599,,4
Syner-01.2,Synergistota,Bacteria,0.4878,,5
Pelotomaculum.2,Firmicutes,Bacteria,0.0732,,10
NK4A214_group.4,Firmicutes,Bacteria,0.0111,,2
Pseudarcobacter.1,Campylobacterota,Bacteria,0.4696,,5
Firmicutes.26,Firmicutes,Bacteria,0.0581,,5
midas_g_2901.1,WPS-2,Bacteria,0.0977,,5
Dehalobacterium.2,Firmicutes,Bacteria,0.0318,,6
midas_g_4301.4,Firmicutes,Bacteria,0.0177,,5
Bacteria (unclassified).35,Bacteria (unclassified),Bacteria,0.0095,,6
Clostridium_sensu_stricto_7.2,Firmicutes,Bacteria,0.0022,,4
Pseudoxanthomonas.2,Proteobacteria,Bacteria,0.0127,,1
Dehalobacterium.3,Firmicutes,Bacteria,0.0049,,6
midas_g_110557.1,Firmicutes,Bacteria,0.0062,,10
midas_g_9269.2,Bacteroidota,Bacteria,0.4603,,10
Soehngenia.5,Firmicutes,Bacteria,0.0401,,1
Erysipelothrix.3,Firmicutes,Bacteria,0.6645,,10
Pannonibacter.1,Proteobacteria,Bacteria,0.5282,,9
midas_g_9269.3,Bacteroidota,Bacteria,0.1341,,10
midas_g_97311.1,Firmicutes,Bacteria,0.0538,,1
Paraclostridium.1,Firmicutes,Bacteria,0.1319,,5
midas_g_44684.1,Chloroflexi,Bacteria,0.0037,,10
Sphaerochaeta.1,Spirochaetota,Bacteria,0.149,,-1
Hyphomicrobium.16,Proteobacteria,Bacteria,0.0039,,6
Clostridia.9,Firmicutes,Bacteria,0.0304,,2
Hungateiclostridiaceae.12,Firmicutes,Bacteria,0.0214,,10
Sphingopyxis.1,Proteobacteria,Bacteria,0.2522,,9
midas_g_94288.1,Firmicutes,Bacteria,3.5099,,-1
Dechlorobacter.1,Proteobacteria,Bacteria,0.0483,,6
midas_g_76594.1,Firmicutes,Bacteria,0.1109,,6
HN-HF0106.5,Firmicutes,Bacteria,0.0282,,5
Clostridium_sensu_stricto_5.1,Firmicutes,Bacteria,0.0122,,10
Christensenellaceae_R-7_group.25,Firmicutes,Bacteria,0.035,,5
Symbiobacterium.2,Firmicutes,Bacteria,0.0008,,6
midas_g_51070.2,Firmicutes,Bacteria,0.0038,,6
HN-HF0106.17,Firmicutes,Bacteria,0.0023,,10
Anaerovorax.8,Firmicutes,Bacteria,0.0518,,10
midas_g_2604.2,Firmicutes,Bacteria,0.0032,,6
Christensenellaceae.4,Firmicutes,Bacteria,0.0041,,6
Thermobrachium.2,Firmicutes,Bacteria,0.048,,6
midas_g_515.2,Firmicutes,Bacteria,0.0528,,6
Rhodococcus.1,Actinobacteriota,Bacteria,0.4952,,5
Oscillibacter.2,Firmicutes,Bacteria,0.2975,,5
Pelotomaculum.3,Firmicutes,Bacteria,0.09,,6
Allorhizobium-Neorhizobium-Pararhizobium-Rhizobium.1,Proteobacteria,Bacteria,0.0031,,10
Gordonia.1,Actinobacteriota,Bacteria,0.1612,,9
midas_g_103381.1,Firmicutes,Bacteria,0.0068,,4
LNR_A2-18.2,Cloacimonadota,Bacteria,0.7894,,1
LNR_A2-18.1,Cloacimonadota,Bacteria,0.8321,,1
Christensenellaceae_R-7_group.56,Firmicutes,Bacteria,0.0168,,1
Acetomicrobium.1,Synergistota,Bacteria,0.0011,,10
Christensenellaceae_R-7_group.61,Firmicutes,Bacteria,0.056,,4
midas_g_2424.1,Firmicutes,Bacteria,0.1034,,10
Bacteria (unclassified).33,Bacteria (unclassified),Bacteria,0.0166,,2
Anaerovorax.14,Firmicutes,Bacteria,0.0194,,2
Proteiniphilum.2,Bacteroidota,Bacteria,0.2396,,1
Desulfitibacter.9,Firmicutes,Bacteria,0.0186,,5
Stenotrophomonas.1,Proteobacteria,Bacteria,0.5512,,4
Bosea.5,Proteobacteria,Bacteria,0.0136,,6
Ercella.2,Firmicutes,Bacteria,0.1088,,5
midas_g_98124.1,Firmicutes,Bacteria,0.2545,,4
Ercella.6,Firmicutes,Bacteria,0.014,,10
midas_g_51070.3,Firmicutes,Bacteria,0.0224,,10
midas_g_119665.1,Firmicutes,Bacteria,0.0108,,6
Devosia.2,Proteobacteria,Bacteria,0.1167,,6
Sedimentibacter.18,Firmicutes,Bacteria,0.0155,,6
Paracoccus.4,Proteobacteria,Bacteria,0.0796,,1
Comamonadaceae.2,Proteobacteria,Bacteria,0.1034,,5
Comamonadaceae.1,Proteobacteria,Bacteria,0.2542,,5
Syntrophomonas.28,Firmicutes,Bacteria,0.0611,,1
Sedimentibacter.11,Firmicutes,Bacteria,0.0442,,9
Sedimentibacter.8,Firmicutes,Bacteria,0.0353,,9
Hungateiclostridiaceae.27,Firmicutes,Bacteria,0.0177,,9
midas_g_112829.1,Firmicutes,Bacteria,0.0065,,6
Ruminococcaceae.9,Firmicutes,Bacteria,0.0128,,10
Pseudomonas.10,Proteobacteria,Bacteria,0.0953,,6
Ruminiclostridium.1,Firmicutes,Bacteria,0.2692,,5
Proteiniphilum.13,Bacteroidota,Bacteria,0.0162,,10
Stenotrophomonas.2,Proteobacteria,Bacteria,0.1197,,2
Peptococcaceae.4,Firmicutes,Bacteria,0.0032,,6
NK4A214_group.3,Firmicutes,Bacteria,0.0007,,4
Methanobacterium.3,Euryarchaeota,Archaea,2.4544,,9
midas_g_6187.2,Armatimonadota,Bacteria,0.0636,,5
Lachnoclostridium.9,Firmicutes,Bacteria,0.0443,,5
Comamonadaceae.18,Proteobacteria,Bacteria,0.0506,,1
midas_g_93128.1,Firmicutes,Bacteria,0.0177,,5
midas_g_110651.1,Firmicutes,Bacteria,0.0079,,10
Proteiniphilum.6,Bacteroidota,Bacteria,0.0823,,1
Methanobacterium.61,Euryarchaeota,Archaea,0.0277,,5
Hydrogenophaga.1,Proteobacteria,Bacteria,0.2523,,-1
Ruminiclostridium.2,Firmicutes,Bacteria,0.0361,,4
Propionicicella.1,Actinobacteriota,Bacteria,0.1413,,7
Methanobacterium.6,Euryarchaeota,Archaea,9.6546,,10
Methanobacteriaceae.1,Euryarchaeota,Archaea,25.8604,,5
Achromobacter.1,Proteobacteria,Bacteria,0.2934,,0
Sporanaerobacter.1,Firmicutes,Bacteria,0.0988,,4
Pseudomonas.1,Proteobacteria,Bacteria,0.1148,,4
midas_g_669.3,Firmicutes,Bacteria,0.0549,,1
Christensenellaceae_R-7_group.65,Firmicutes,Bacteria,0.0553,,4
Stenotrophomonas.3,Proteobacteria,Bacteria,0.0622,,0
Achromobacter.2,Proteobacteria,Bacteria,0.2856,,0
Xanthobacter.1,Proteobacteria,Bacteria,0.1206,,10
Papillibacter.1,Firmicutes,Bacteria,0.0621,,-1
Ca_Soleaferrea.2,Firmicutes,Bacteria,0.0329,,4
Enterobacteriaceae.1,Proteobacteria,Bacteria,7.0032,,9
Christensenellaceae_R-7_group.87,Firmicutes,Bacteria,0.0138,,8
Veillonellales-Selenomonadales.5,Firmicutes,Bacteria,0.0707,,7
Microvirga.1,Proteobacteria,Bacteria,0.0274,,10
Stenotrophomonas.4,Proteobacteria,Bacteria,0.0975,,10
Fastidiosipila.2,Firmicutes,Bacteria,0.0083,,8
midas_g_98017.2,Firmicutes,Bacteria,0.0236,,4
Erysipelothrix.1,Firmicutes,Bacteria,0.7375,,3
Bacteroides.1,Bacteroidota,Bacteria,0.632,,3
Christensenellaceae_R-7_group.29,Firmicutes,Bacteria,0.0803,,-1
Acetoanaerobium.1,Firmicutes,Bacteria,0.7196,,5
