Source,Target,rho
Christensenellaceae_R-7_group.1,Monoglobus.2,-0.8541
Methanobacterium.5,EBM-39.1,-0.848
midas_g_76603.1,EBM-39.1,-0.8451
Acinetobacter.1,Thermovirga.1,-0.8384
Methanobacterium.4,EBM-39.1,-0.8369
Thermovirga.1,Oscillibacter.2,-0.8282
Methanobacterium.1,Monoglobus.2,-0.8213
EBM-39.1,Aminiphilus.1,-0.814
Proteiniphilum.1,Oscillibacter.3,-0.8136
Acinetobacter.1,Christensenellaceae_R-7_group.1,-0.8129
Methanobacterium.5,Acinetobacter.1,-0.8126
Romboutsia.1,Christensenellaceae_R-7_group.1,-0.8109
Desulfovibrio.2,Ercella.1,-0.8106
Acinetobacter.1,Cryptanaerobacter.1,-0.8075
Pannonibacter.1,Hydrogenophaga.1,-0.8059
Acinetobacter.1,midas_g_49937.1,-0.8056
midas_g_76603.1,Oscillibacter.3,-0.8054
LNR_A2-18.2,Stenotrophomonas.1,-0.8051
Methanobacterium.4,Hydrogenophaga.2,-0.8033
EBM-39.1,Ercella.1,-0.8033
Paraclostridium.1,midas_g_94288.1,-0.8021
Thiobacillus.1,Stenotrophomonas.1,-0.7985
Methanobacterium.5,midas_g_114295.1,-0.7954
Methanobacterium.5,Fermentimonas.2,-0.794
midas_g_49937.1,Monoglobus.2,-0.794
Thermovirga.2,Thermovirga.1,-0.7918
Methanosarcina.1,Petrimonas.2,-0.7898
Acinetobacter.1,Christensenellaceae_R-7_group.11,-0.7897
Acinetobacter.1,midas_g_84729.1,-0.7883
Fermentimonas.2,midas_g_76603.1,-0.7881
midas_g_30443.1,EBM-39.1,-0.7861
midas_g_9269.1,Desulfovibrio.2,-0.7851
midas_g_114295.1,Aminiphilus.1,-0.7837
EBM-39.1,Christensenellaceae_R-7_group.1,-0.7835
midas_g_114295.1,midas_g_76603.1,-0.7833
Methanothrix.1,Thermovirga.2,-0.7831
Methanobacterium.5,Monoglobus.2,-0.7825
Methanobacterium.4,Lachnoclostridium.1,-0.7821
EBM-39.1,Christensenellaceae_R-7_group.2,-0.7819
Taibaiella.1,Aminiphilus.1,-0.7818
midas_g_97954.1,Christensenellaceae_R-7_group.1,-0.7814
Methanosarcina.1,midas_g_76603.1,-0.7808
Dysgonomonas.1,midas_g_3409.1,-0.7796
midas_g_97954.1,Ercella.1,-0.7785
Thermovirga.2,Christensenellaceae_R-7_group.11,-0.7782
midas_g_30443.1,midas_g_669.1,-0.7778
Methanothrix.1,Oscillibacter.2,-0.776
Methanobacterium.5,Desulfovibrio.2,-0.7739
Thermovirga.2,Cryptanaerobacter.1,-0.7739
Desulfovibrio.2,Ca_Phosphitivorax.1,-0.7735
Methanobacterium.4,Romboutsia.1,-0.7723
Methanosarcina.1,Methanobacterium.4,-0.7717
Methanobacterium.5,Romboutsia.1,-0.7714
Methanobacterium.5,midas_g_669.1,-0.7706
Camelimonas.1,Ercella.1,-0.7705
Monoglobus.2,Ercella.1,-0.7704
Aminiphilus.1,Oscillibacter.3,-0.7701
Methanobacterium.5,Oscillibacter.2,-0.7701
midas_g_97954.1,midas_g_49937.1,-0.7697
Cryptanaerobacter.1,Oscillibacter.2,-0.7691
Petrimonas.3,Monoglobus.2,-0.7687
Methanobacterium.4,midas_g_114295.1,-0.7667
Christensenellaceae_R-7_group.2,Oscillibacter.3,-0.7667
Desulfovibrio.2,Christensenellaceae_R-7_group.1,-0.7662
Comamonadaceae.3,Christensenellaceae_R-7_group.1,-0.7662
midas_g_114295.1,midas_g_49937.1,-0.7661
EBM-39.1,midas_g_112760.1,-0.7657
Methanobacterium.5,Comamonadaceae.3,-0.7655
Desulfovibrio.2,midas_g_49937.1,-0.7655
Methanothrix.1,Acinetobacter.1,-0.7648
Christensenellaceae_R-7_group.1,Oscillibacter.2,-0.7646
Taibaiella.1,Ercella.1,-0.7641
EBM-39.1,Monoglobus.3,-0.7623
Camelimonas.1,Christensenellaceae_R-7_group.1,-0.7615
Methanobacterium.4,Aquamicrobium.2,-0.7606
Fermentimonas.2,Aminiphilus.1,-0.7592
Acinetobacter.1,Ercella.1,-0.7581
Methanobacterium.5,Thermovirga.2,-0.758
Methanobacterium.4,Fermentimonas.2,-0.7577
midas_g_49937.1,Oscillibacter.2,-0.7569
Christensenellaceae_R-7_group.11,Oscillibacter.2,-0.7568
midas_g_76603.1,midas_g_669.1,-0.7564
Proteiniphilum.1,midas_g_114295.1,-0.7564
Taibaiella.1,Syner-01.3,-0.7559
Fermentimonas.2,Ercella.1,-0.7559
midas_g_114295.1,Christensenellaceae_R-7_group.1,-0.7554
midas_g_114295.1,midas_g_112760.1,-0.7551
Acinetobacter.1,Bellilinea.1,-0.7542
Fermentimonas.2,Christensenellaceae_R-7_group.1,-0.7542
Petrimonas.2,EBM-39.1,-0.754
Methanobacterium.5,Oscillibacter.3,-0.7537
Methanobacterium.4,midas_g_669.1,-0.7534
Comamonadaceae.3,Ercella.1,-0.7529
Taibaiella.1,midas_g_112760.1,-0.7525
Proteiniphilum.6,Mesotoga.1,-0.7516
Monoglobus.3,Oscillibacter.3,-0.7514
Limnobacter.1,Christensenellaceae_R-7_group.1,-0.7512
Thiobacillus.1,Desulfosporosinus.1,-0.7499
midas_g_114295.1,Ercella.1,-0.7498
midas_g_49937.1,EBM-39.1,-0.7495
Comamonadaceae.2,Desulfurispora.1,-0.7491
Aminiphilus.1,Monoglobus.2,-0.7479
Methanobacterium.5,Camelimonas.1,-0.7478
Desulfurispora.1,Oscillibacter.2,-0.7473
Romboutsia.1,Ercella.1,-0.7462
Methanobacterium.5,midas_g_97954.1,-0.7457
midas_g_76603.1,Thermovirga.2,-0.745
Fermentimonas.2,midas_g_49937.1,-0.7441
Proteiniphilum.7,Lachnoclostridium.1,-0.7441
Methanobacteriaceae.1,Achromobacter.2,-0.744
Methanobacterium.5,Taibaiella.1,-0.743
Azorhizobium.1,Thermovirga.2,-0.7427
Proteiniphilum.1,EBM-39.1,-0.7426
Desulfovibrio.2,midas_g_112760.1,-0.7425
Petrimonas.3,midas_g_669.1,-0.7414
midas_g_30443.1,midas_g_97954.1,-0.7414
Monoglobus.3,Monoglobus.2,-0.7409
midas_g_30443.1,midas_g_114295.1,-0.7407
Desulfovibrio.2,Bellilinea.1,-0.7407
midas_g_84729.1,Thermovirga.2,-0.74
Methanobacterium.4,Brevundimonas.1,-0.7399
Ca_Phosphitivorax.1,midas_g_97954.1,-0.7399
Petrimonas.3,Camelimonas.1,-0.7397
Fermentimonas.2,Thermovirga.1,-0.7395
Acinetobacter.1,midas_g_76603.1,-0.7392
Ca_Phosphitivorax.1,midas_g_114295.1,-0.7389
Fermentimonas.2,Christensenellaceae_R-7_group.2,-0.7376
Christensenellaceae_R-7_group.1,midas_g_669.1,-0.7375
Acinetobacter.1,Desulfurispora.1,-0.737
Camelimonas.1,midas_g_30443.1,-0.7367
Methanobacterium.4,midas_g_5574.1,-0.7367
Proteiniphilum.4,Oscillibacter.2,-0.7367
Desulfurispora.1,Thermovirga.2,-0.7363
midas_g_669.1,midas_g_112760.1,-0.732
Petrimonas.3,Acinetobacter.1,-0.7317
Taibaiella.1,Christensenellaceae_R-7_group.1,-0.7316
Comamonadaceae.2,Thermovirga.1,-0.7309
Thermovirga.1,Terrisporobacter.1,-0.7308
Burkholderiales.1,Ercella.2,-0.7307
Comamonadaceae.3,midas_g_49937.1,-0.7302
Petrimonas.3,midas_g_97954.1,-0.7301
Petrimonas.2,Monoglobus.2,-0.7297
Methanobacterium.4,Christensenellaceae_R-7_group.4,-0.7293
midas_g_114295.1,midas_g_84729.1,-0.7288
Proteiniphilum.6,Sulfurospirillum.1,-0.7287
Petrimonas.3,EBM-39.1,-0.7287
Syner-01.3,EBM-39.1,-0.7285
Ca_Phosphitivorax.1,Monoglobus.2,-0.728
Taibaiella.1,midas_g_30443.1,-0.7278
Fermentimonas.2,midas_g_112760.1,-0.7277
Petrimonas.3,Desulfovibrio.2,-0.7276
Proteiniphilum.4,Thermovirga.2,-0.7275
midas_g_76603.1,Monoglobus.2,-0.7275
midas_g_9269.1,midas_g_97954.1,-0.7271
Thermovirga.2,Christensenellaceae_R-7_group.1,-0.7255
Pannonibacter.1,Mesotoga.1,-0.7255
midas_g_84729.1,Oscillibacter.2,-0.7255
Acinetobacter.1,midas_g_35108.1,-0.7253
Methanobacterium.1,Oscillibacter.2,-0.7246
midas_g_97954.1,midas_g_112760.1,-0.7242
Monoglobus.2,midas_g_112760.1,-0.7234
Ercella.1,Oscillibacter.3,-0.7231
midas_g_97954.1,Aminiphilus.1,-0.723
Fermentimonas.2,Monoglobus.3,-0.7226
Dysgonomonas.1,Proteiniphilum.2,-0.7217
Ca_Phosphitivorax.1,Romboutsia.1,-0.7216
Methanosarcina.1,Methanobacterium.5,-0.7214
Methanobacterium.1,Desulfovibrio.2,-0.7213
Romboutsia.1,midas_g_112760.1,-0.7211
Methanobacterium.4,Taibaiella.1,-0.7209
Comamonadaceae.3,Desulfurispora.1,-0.7204
Fermentimonas.2,Syner-01.3,-0.72
midas_g_30443.1,Oscillibacter.3,-0.7193
Methanothrix.1,Paraclostridium.1,-0.7189
midas_g_35108.1,Thermovirga.2,-0.7188
Bellilinea.1,Oscillibacter.2,-0.7188
Camelimonas.1,midas_g_76603.1,-0.7186
midas_g_30443.1,Romboutsia.1,-0.7182
Desulfovibrio.2,midas_g_2178.1,-0.7178
Aquamicrobium.2,midas_g_76603.1,-0.7176
Camelimonas.1,Syner-01.3,-0.7174
Petrimonas.2,Oscillibacter.3,-0.7172
Methanothrix.1,Desulfovibrio.2,-0.7164
Methanobacterium.4,Trichloromonas.1,-0.7163
midas_g_112760.1,Oscillibacter.3,-0.7151
Christensenellaceae_R-7_group.1,Lachnoclostridium.1,-0.7148
midas_g_97954.1,Christensenellaceae_R-7_group.2,-0.7146
Camelimonas.1,Aminiphilus.1,-0.7137
Syntrophomonas.1,Christensenellaceae_R-7_group.2,-0.7135
midas_g_49937.1,midas_g_669.1,-0.7134
Methanothrix.1,Comamonadaceae.3,-0.7131
Ercella.1,Oscillibacter.2,-0.7124
Acinetobacter.1,Aminiphilus.1,-0.7124
Proteiniphilum.4,Acinetobacter.1,-0.7105
Christensenellaceae_R-7_group.3,Desulfosporosinus.1,-0.7099
Petrimonas.3,Oscillibacter.2,-0.7098
Syner-01.3,midas_g_669.1,-0.7098
Terrisporobacter.1,Christensenellaceae_R-7_group.11,-0.7093
Romboutsia.1,midas_g_97311.1,-0.7079
Fermentimonas.2,Petrimonas.3,-0.7078
Petrimonas.2,midas_g_114295.1,-0.7073
Petrimonas.2,Acinetobacter.1,-0.707
Ca_Phosphitivorax.1,Camelimonas.1,-0.7068
Azorhizobium.1,Oscillibacter.2,-0.7061
Christensenellaceae_R-7_group.1,Oscillibacter.3,-0.706
Fermentimonas.2,Christensenellaceae_R-7_group.11,-0.705
midas_g_15299.1,Christensenellaceae_R-7_group.9,-0.7049
Gordonia.1,midas_g_94288.1,-0.7046
Desulfovibrio.2,midas_g_92370.1,-0.7035
Rhodococcus.1,Thermovirga.1,-0.7032
Petrimonas.2,Romboutsia.1,-0.7031
Proteiniphilum.2,Oscillibacter.2,-0.703
Clostridium_sensu_stricto_13.1,Christensenellaceae_R-7_group.1,-0.7028
Petrimonas.3,Taibaiella.1,-0.7023
Comamonadaceae.3,Thermovirga.1,-0.7019
Bellilinea.1,Thermovirga.2,-0.7015
Petrimonas.1,Proteiniphilum.6,-0.7008
midas_g_97954.1,Monoglobus.3,-0.7006
Proteiniphilum.2,Monoglobus.2,-0.6999
Syner-01.1,Clostridiaceae.2,-0.6999
midas_g_97954.1,midas_g_84729.1,-0.6991
midas_g_76603.1,Romboutsia.1,-0.6986
Methanobacterium.4,midas_g_36376.1,-0.6976
midas_g_92370.1,Thermovirga.2,-0.697
EBM-39.1,Christensenellaceae_R-7_group.11,-0.6958
midas_g_49937.1,Oscillibacter.3,-0.6951
Aquamicrobium.2,Aminiphilus.1,-0.695
Petrimonas.2,Lachnoclostridium.1,-0.695
Fermentimonas.2,Azorhizobium.1,-0.6947
Mesotoga.1,Christensenellaceae_R-7_group.9,-0.6944
Thermovirga.2,Syntrophobotulaceae.1,-0.6944
Aquamicrobium.2,Christensenellaceae_R-7_group.1,-0.6941
Acinetobacter.1,midas_g_112760.1,-0.6939
Methanobacterium.5,Lachnoclostridium.1,-0.6935
Azorhizobium.1,Acinetobacter.1,-0.6934
Desulfovibrio.2,Thermovirga.1,-0.6933
Aquamicrobium.2,midas_g_30443.1,-0.6932
midas_g_84729.1,Monoglobus.2,-0.6931
Desulfobulbus.1,Christensenellaceae_R-7_group.9,-0.6927
Camelimonas.1,midas_g_112760.1,-0.6919
Aminiphilus.1,Romboutsia.1,-0.6917
midas_g_97954.1,midas_g_97311.1,-0.6914
Clostridium_sensu_stricto_13.1,Christensenellaceae_R-7_group.2,-0.6914
Thermovirga.2,Monoglobus.3,-0.6914
Christensenellaceae_R-7_group.2,midas_g_669.1,-0.6913
Syner-01.3,midas_g_114295.1,-0.6905
Petrimonas.1,Achromobacter.2,-0.6904
Desulfovibrio.2,midas_g_97311.1,-0.6901
Syntrophobotulaceae.1,Oscillibacter.2,-0.69
Desulfovibrio.2,midas_g_84729.1,-0.6898
Methanobacterium.4,midas_g_97954.1,-0.6896
Camelimonas.1,midas_g_49937.1,-0.6896
Thermovirga.2,Ercella.1,-0.6896
Proteiniphilum.4,Fermentimonas.2,-0.6891
Achromobacter.2,Mesotoga.1,-0.6891
Petrimonas.2,Fermentimonas.2,-0.6887
midas_g_114295.1,Monoglobus.3,-0.6887
Methanobacterium.1,Dysgonomonas.1,-0.6887
Ca_Phosphitivorax.1,Acinetobacter.1,-0.6885
Methanosarcina.1,midas_g_112760.1,-0.6884
Ca_Caldatribacterium.1,Thermovirga.2,-0.688
Xanthobacter.1,midas_g_669.1,-0.6876
midas_g_9269.1,Fermentimonas.2,-0.687
Comamonadaceae.2,Christensenellaceae_R-7_group.11,-0.6869
midas_g_49937.1,Romboutsia.1,-0.6861
Proteiniphilum.7,Hydrogenophaga.2,-0.686
Petrimonas.2,Camelimonas.1,-0.685
Dysgonomonas.1,Christensenellaceae_R-7_group.1,-0.6849
Thermovirga.2,Aminiphilus.1,-0.6845
Acinetobacter.1,midas_g_92370.1,-0.6845
midas_g_9269.1,Paraclostridium.1,-0.6841
LNR_A2-18.2,Desulfovibrio.2,-0.6835
Proteiniphilum.2,Romboutsia.1,-0.6834
Methanothrix.1,Gordonia.1,-0.6829
Ca_Phosphitivorax.1,EBM-39.1,-0.6818
midas_g_92370.1,Oscillibacter.2,-0.6814
Syner-01.3,midas_g_97954.1,-0.6814
Methanobacterium.4,Acinetobacter.1,-0.681
Proteiniphilum.2,Acinetobacter.1,-0.6809
Hydrogenophaga.1,Gordonia.1,-0.6804
midas_g_669.2,Monoglobus.2,-0.6803
midas_g_6187.1,Propionicicella.1,-0.6802
Christensenellaceae_R-7_group.2,Monoglobus.2,-0.6799
midas_g_92370.1,Terrisporobacter.1,-0.6795
Desulfosporosinus.1,Ercella.2,-0.679
midas_g_3409.1,Desulfosporosinus.2,-0.6786
Fermentimonas.2,Cryptanaerobacter.1,-0.6783
midas_g_2178.1,Thermovirga.2,-0.6778
Limnobacter.1,Thermovirga.1,-0.6776
Clostridium_sensu_stricto_13.1,Ercella.1,-0.6775
Allorhizobium-Neorhizobium-Pararhizobium-Rhizobium.1,Thermovirga.1,-0.6766
midas_g_35108.1,Oscillibacter.2,-0.6764
midas_g_3064.1,Oscillibacter.2,-0.676
Lentimicrobium.1,Christensenellaceae_R-7_group.4,-0.675
Fermentimonas.2,Desulfurispora.1,-0.6746
Petrimonas.3,Comamonadaceae.3,-0.6741
Desulfovibrio.2,Syner-01.3,-0.6741
Syner-01.3,Monoglobus.2,-0.6741
Methanobacterium.3,Achromobacter.1,-0.6736
Syner-01.3,Oscillibacter.3,-0.6733
Aquamicrobium.2,midas_g_112760.1,-0.673
Fermentimonas.2,midas_g_84729.1,-0.673
Taibaiella.1,midas_g_76603.1,-0.6725
Xanthobacter.1,midas_g_114295.1,-0.6721
Proteiniphilum.7,Romboutsia.1,-0.6721
Bellilinea.1,Terrisporobacter.1,-0.6718
Aquamicrobium.2,Ercella.1,-0.6714
Methanobacterium.5,Clostridium_sensu_stricto_13.1,-0.6701
Methanosarcina.1,Thermovirga.1,-0.6698
midas_g_114295.1,Cryptanaerobacter.1,-0.6696
Proteiniphilum.5,Sulfurospirillum.1,-0.6695
Petrimonas.3,Oscillibacter.3,-0.6692
Burkholderiales.1,Christensenellaceae_R-7_group.7,-0.6689
Desulfurispora.1,Gordonia.1,-0.6682
Acinetobacter.1,Christensenellaceae_R-7_group.2,-0.6671
EBM-39.1,Cryptanaerobacter.1,-0.6668
midas_g_95534.1,Monoglobus.2,-0.6667
Azorhizobium.1,Paraclostridium.1,-0.6666
Brevundimonas.3,midas_g_669.2,-0.6663
Comamonadaceae.2,Bellilinea.1,-0.6658
Methanobacterium.3,Achromobacter.2,-0.6657
Methanobacterium.4,midas_g_8129.1,-0.6657
midas_g_112760.1,Lachnoclostridium.1,-0.6656
Christensenellaceae_R-7_group.3,Desulfosporosinus.2,-0.6652
Desulfovibrio.3,Ruminiclostridium.1,-0.6647
Fermentimonas.2,midas_g_35108.1,-0.6643
Desulfovibrio.2,Christensenellaceae_R-7_group.11,-0.6642
Proteiniphilum.4,Paraclostridium.1,-0.6636
midas_g_3409.1,Desulfosporosinus.1,-0.6636
Hydrogenophaga.2,Aminiphilus.1,-0.6633
Ca_Caldatribacterium.1,Terrisporobacter.1,-0.6632
Desulfovibrio.2,midas_g_30443.1,-0.6631
Acetoanaerobium.1,Clostridiaceae.3,-0.6624
Methanosarcina.1,Ercella.1,-0.6623
Comamonadaceae.3,Christensenellaceae_R-7_group.2,-0.6613
Methanobacterium.5,Limnobacter.1,-0.6613
Acinetobacter.1,Christensenellaceae_R-7_group.12,-0.6612
Methanothrix.1,Terrisporobacter.1,-0.6611
Camelimonas.1,Monoglobus.3,-0.6611
midas_g_9269.1,Camelimonas.1,-0.6609
midas_g_9269.1,Hydrogenophaga.3,-0.6607
Aminiphilus.1,Lachnoclostridium.1,-0.6605
Thiobacillus.1,Dehalobacterium.1,-0.6599
midas_g_9269.1,Monoglobus.2,-0.6597
Bellilinea.1,EBM-39.1,-0.6597
Desulfovibrio.2,Geobacteraceae.1,-0.6596
Ca_Phosphitivorax.1,Oscillibacter.2,-0.659
Petrimonas.2,Intestinimonas.1,-0.659
Desulfovibrio.4,Sphaerochaeta.1,-0.6587
Desulfovibrio.2,Pelolinea.1,-0.658
Paraclostridium.1,Cryptanaerobacter.1,-0.6579
Christensenellaceae_R-7_group.12,Oscillibacter.2,-0.6579
Proteiniphilum.2,Comamonadaceae.2,-0.6576
Acinetobacter.1,midas_g_97311.1,-0.6571
Hydrogenophaga.1,Achromobacter.2,-0.6568
Comamonadaceae.2,Christensenellaceae_R-7_group.1,-0.6567
Acinetobacter.1,Pelolinea.1,-0.6555
midas_g_9269.1,Phenylobacterium.1,-0.6546
Christensenellaceae_R-7_group.9,Acetobacterium.1,-0.6545
Methanosarcina.1,midas_g_30443.1,-0.6543
midas_g_2901.1,Christensenellaceae_R-7_group.11,-0.6542
Ca_Phosphitivorax.1,Comamonadaceae.3,-0.6539
Pelotomaculum.3,Pelotomaculum.2,-0.6538
Desulfovibrio.2,Cryptanaerobacter.1,-0.6536
midas_g_35108.1,Monoglobus.2,-0.6535
Azorhizobium.1,midas_g_2901.1,-0.6532
Comamonadaceae.3,Cryptanaerobacter.1,-0.6514
Limnobacter.1,Ercella.1,-0.6514
Proteiniphilum.4,Comamonadaceae.3,-0.6512
Pelolinea.1,EBM-39.1,-0.6508
Fermentimonas.2,Syntrophobotulaceae.1,-0.6505
midas_g_112760.1,Oscillibacter.2,-0.6504
Desulfovibrio.3,Desulfobulbus.1,-0.6498
Hydrogenophaga.2,midas_g_112760.1,-0.6496
Pelolinea.1,Thermovirga.2,-0.6495
Proteiniphilum.4,Gordonia.1,-0.6491
Syner-01.1,Sporanaerobacter.1,-0.6487
Methanobacterium.5,Comamonadaceae.2,-0.6487
Comamonadaceae.2,Cryptanaerobacter.1,-0.6484
midas_g_84729.1,Terrisporobacter.1,-0.6484
Comamonadaceae.2,midas_g_49937.1,-0.6484
midas_g_76603.1,Oscillibacter.2,-0.6482
Comamonadaceae.3,midas_g_112760.1,-0.6481
Methanobacterium.4,midas_g_5574.2,-0.6473
Methanosarcina.1,Christensenellaceae_R-7_group.11,-0.6471
Comamonadaceae.3,Bellilinea.1,-0.6469
Ca_Phosphitivorax.1,Oscillibacter.3,-0.6446
Mesotoga.1,Lutispora.1,-0.6445
midas_g_9269.1,Desulfovibrio.4,-0.6443
Methanobacterium.3,Pelotomaculum.2,-0.6441
midas_g_97954.1,Bellilinea.1,-0.6441
Petrimonas.2,Taibaiella.1,-0.644
Proteiniphilum.6,LNR_A2-18.2,-0.6438
Fermentimonas.2,Pelolinea.1,-0.6435
midas_g_15299.1,Christensenellaceae_R-7_group.10,-0.6434
LNR_A2-18.1,Desulfovibrio.2,-0.6431
midas_g_49937.1,Clostridium_sensu_stricto_13.1,-0.6429
midas_g_3409.1,Desulfosporosinus.3,-0.6428
Desulfobulbus.1,midas_g_82137.1,-0.6427
Camelimonas.1,midas_g_84729.1,-0.6424
Desulfurispora.1,Rhodococcus.1,-0.6424
Sphingopyxis.1,Thermovirga.1,-0.6421
Azorhizobium.1,Comamonadaceae.2,-0.6421
Christensenellaceae_R-7_group.4,midas_g_76603.1,-0.642
Desulfovibrio.4,midas_g_2178.1,-0.6413
midas_g_15299.1,Proteiniphilum.5,-0.6411
Taibaiella.1,Christensenellaceae_R-7_group.2,-0.6405
Petrimonas.2,midas_g_97954.1,-0.6402
Romboutsia.1,midas_g_669.2,-0.6399
Methanobacterium.5,Christensenellaceae_R-7_group.4,-0.6397
Romboutsia.1,Christensenellaceae_R-7_group.2,-0.6395
Comamonadaceae.3,Aminiphilus.1,-0.6394
Christensenellaceae_R-7_group.4,Monoglobus.3,-0.6382
Proteiniphilum.4,Desulfovibrio.2,-0.638
midas_g_114295.1,Christensenellaceae_R-7_group.11,-0.6378
Comamonadaceae.3,midas_g_97311.1,-0.6378
Burkholderiales.1,midas_g_3064.1,-0.6376
Fermentimonas.2,Ca_Phosphitivorax.1,-0.6374
Desulfovibrio.2,midas_g_554.1,-0.6373
Stenotrophomonas.3,midas_g_8129.1,-0.6364
Proteiniphilum.7,Taibaiella.1,-0.6364
midas_g_3409.1,Dehalobacterium.1,-0.6362
midas_g_95534.1,midas_g_669.1,-0.6355
Acinetobacter.1,Syntrophobotulaceae.1,-0.6354
Petrimonas.3,Hydrogenophaga.2,-0.6343
midas_g_76603.1,midas_g_5574.2,-0.6342
Methanobacterium.3,Aquamicrobium.1,-0.6341
Terrisporobacter.1,Cryptanaerobacter.1,-0.634
midas_g_2901.1,Syntrophobotulaceae.1,-0.6337
Taibaiella.1,Monoglobus.3,-0.6333
Syner-01.3,Thermovirga.2,-0.6331
midas_g_9269.1,Romboutsia.2,-0.633
Acinetobacter.1,Monoglobus.3,-0.6328
Sulfurospirillum.1,Christensenellaceae_R-7_group.9,-0.6327
midas_g_30443.1,midas_g_93469.1,-0.6324
Syntrophobotulaceae.1,Monoglobus.2,-0.6323
Acinetobacter.2,midas_g_30443.1,-0.6318
Methanothrix.1,Rhodococcus.1,-0.6316
Thiobacillus.1,Monoglobus.1,-0.6315
Christensenellaceae_R-7_group.4,Aminiphilus.1,-0.6314
midas_g_5574.1,Aminiphilus.1,-0.6314
Clostridium_sensu_stricto_13.1,Monoglobus.3,-0.6313
Xanthobacter.1,Camelimonas.1,-0.6311
Methanosarcina.1,Syner-01.3,-0.6305
midas_g_2178.1,Dehalobacterium.1,-0.6295
Azorhizobium.1,Terrisporobacter.1,-0.6295
Methanobacterium.4,Alcaligenes.1,-0.6292
Fermentimonas.2,Bellilinea.1,-0.629
Methanobacterium.4,midas_g_3595.1,-0.6287
Romboutsia.1,Monoglobus.3,-0.628
Syner-01.3,Romboutsia.1,-0.628
Aquamicrobium.2,Monoglobus.3,-0.6277
Geobacteraceae.1,Dehalobacterium.1,-0.6276
Mesotoga.1,Propionicicella.2,-0.6272
Comamonadaceae.3,Christensenellaceae_R-7_group.11,-0.6265
Proteiniphilum.1,midas_g_2901.1,-0.6265
midas_g_30443.1,midas_g_5574.2,-0.6261
midas_g_30443.1,midas_g_36376.1,-0.6257
midas_g_114295.1,midas_g_95534.1,-0.6257
Dysgonomonas.1,Thermovirga.1,-0.6252
Fermentimonas.2,midas_g_97311.1,-0.6251
midas_g_95534.1,Oscillibacter.3,-0.625
Comamonadaceae.3,midas_g_92370.1,-0.6247
Ca_Phosphitivorax.1,Thermovirga.2,-0.6246
midas_g_30443.1,Clostridium_sensu_stricto_13.1,-0.6238
Xanthobacter.1,Oscillibacter.3,-0.6238
Mesotoga.1,Sedimentibacter.3,-0.6235
Allorhizobium-Neorhizobium-Pararhizobium-Rhizobium.1,Desulfurispora.1,-0.6232
EBM-39.1,midas_g_95534.1,-0.6232
Stenotrophomonas.1,midas_g_3409.1,-0.6228
Christensenellaceae_R-7_group.3,Desulfosporosinus.3,-0.6226
Acetobacterium.1,Pelotomaculum.2,-0.6226
Comamonadaceae.2,midas_g_3064.1,-0.6219
Desulfobulbus.1,Desulfosporosinus.1,-0.6216
Achromobacter.2,Lachnoclostridium.2,-0.6202
Ca_Phosphitivorax.1,Dehalobacterium.1,-0.6199
Ca_Caldatribacterium.1,Intestinimonas.1,-0.6196
midas_g_97954.1,midas_g_95534.1,-0.6187
Enterobacteriaceae.1,midas_g_669.2,-0.6186
Actinomyces.1,Ercella.1,-0.6185
Taibaiella.1,Pseudoxanthomonas.1,-0.6185
Camelimonas.1,midas_g_97311.1,-0.618
LNR_A2-18.2,midas_g_110683.1,-0.6175
Clostridium_sensu_stricto_13.1,midas_g_112760.1,-0.6174
Petrimonas.3,Aquamicrobium.2,-0.6172
Methanobacteriaceae.1,Aquamicrobium.1,-0.6165
Actinomyces.1,Aminiphilus.1,-0.6156
Cryptanaerobacter.1,midas_g_669.1,-0.6155
midas_g_84729.1,Romboutsia.1,-0.6154
midas_g_554.1,midas_g_669.1,-0.6152
LNR_A2-18.1,midas_g_110683.1,-0.6148
Hydrogenophaga.1,Syntrophomonas.2,-0.6148
Desulfobulbus.1,Propionicicella.2,-0.6144
Comamonadaceae.3,Syner-01.3,-0.614
LNR_A2-18.2,Christensenellaceae_R-7_group.9,-0.6136
midas_g_8129.1,Pelotomaculum.2,-0.6135
Proteiniphilum.1,Sedimentibacter.1,-0.6123
midas_g_92370.1,EBM-39.1,-0.6123
Bellilinea.1,Rhodococcus.1,-0.6116
Petrimonas.3,Clostridium_sensu_stricto_13.1,-0.6108
Burkholderiales.1,Syntrophobotulaceae.1,-0.6108
LNR_A2-18.2,Propionicicella.2,-0.6108
Proteiniphilum.7,Aquamicrobium.2,-0.6104
Proteiniphilum.1,Lachnoclostridium.1,-0.6103
Mesotoga.1,Desulfosporosinus.1,-0.6102
Stenotrophomonas.1,Pseudarcobacter.1,-0.6102
Bellilinea.1,Gordonia.1,-0.6099
Comamonadaceae.3,Pelolinea.1,-0.6094
LNR_A2-18.1,Propionicicella.2,-0.6091
Gordonia.1,Cryptanaerobacter.1,-0.6085
Romboutsia.1,Christensenellaceae_R-7_group.11,-0.6084
Methanosarcina.1,Pelolinea.1,-0.6084
Pelolinea.1,Oscillibacter.2,-0.6082
Comamonadaceae.3,midas_g_3409.1,-0.6082
midas_g_84729.1,midas_g_669.1,-0.608
Desulfovibrio.2,Monoglobus.3,-0.6079
Methanosarcina.1,Bellilinea.1,-0.6075
Bellilinea.1,Romboutsia.1,-0.6071
Taibaiella.1,Thermovirga.1,-0.6066
Petrimonas.2,Lachnoclostridium.2,-0.6066
Desulfosporosinus.2,Ercella.2,-0.6064
Rhodococcus.1,midas_g_92370.1,-0.6062
midas_g_114295.1,Bellilinea.1,-0.606
Methanothrix.1,midas_g_2901.1,-0.6055
midas_g_2178.1,Ruminiclostridium.3,-0.603
midas_g_114295.1,midas_g_35108.1,-0.6029
midas_g_9269.1,EBM-39.1,-0.6029
Proteiniphilum.2,Brevundimonas.3,-0.6028
Pannonibacter.1,Christensenellaceae_R-7_group.3,-0.602
Lentimicrobium.1,Acinetobacter.2,-0.6019
Limnobacter.1,Aminiphilus.1,-0.6018
Camelimonas.1,Cryptanaerobacter.1,-0.6015
Cryptanaerobacter.1,Monoglobus.2,-0.6014
Petrimonas.2,Limnobacter.1,-0.6013
Burkholderiales.1,midas_g_92370.1,-0.6005
Christensenellaceae_R-7_group.4,midas_g_112760.1,-0.6003
midas_g_97954.1,midas_g_92370.1,-0.6003
Allorhizobium-Neorhizobium-Pararhizobium-Rhizobium.1,Christensenellaceae_R-7_group.11,-0.6003
midas_g_35108.1,EBM-39.1,-0.6002
Xanthobacter.1,midas_g_8129.1,-0.6
midas_g_35108.1,Terrisporobacter.1,-0.5995
midas_g_92370.1,Monoglobus.2,-0.5994
Desulfurispora.1,Terrisporobacter.1,-0.599
Methanosarcina.1,Cryptanaerobacter.1,-0.5984
Methanobacterium.7,Taibaiella.1,-0.5981
Proteiniphilum.1,midas_g_97954.1,-0.5979
Methanothrix.1,Allorhizobium-Neorhizobium-Pararhizobium-Rhizobium.1,-0.5979
midas_g_9269.1,Oscillibacter.3,-0.5969
Comamonadaceae.3,Syntrophobotulaceae.1,-0.5967
midas_g_84729.1,Clostridium_sensu_stricto_13.1,-0.5965
Pseudarcobacter.1,Desulfosporosinus.1,-0.5962
Limnobacter.1,midas_g_112760.1,-0.5955
midas_g_3409.1,Rhodococcus.2,-0.5948
Gordonia.1,Thermovirga.1,-0.5942
midas_g_15299.1,Sedimentibacter.3,-0.5941
Christensenellaceae_R-7_group.11,Monoglobus.2,-0.5933
Petrimonas.2,midas_g_5574.2,-0.5932
Xanthobacter.1,Hydrogenophaga.2,-0.593
Proteiniphilum.1,Romboutsia.1,-0.5927
midas_g_9269.2,midas_g_8129.1,-0.5922
Petrimonas.3,Enterobacteriaceae.1,-0.592
Camelimonas.1,Christensenellaceae_R-7_group.11,-0.5908
midas_g_9269.1,Christensenellaceae_R-7_group.4,-0.5906
LNR_A2-18.1,Christensenellaceae_R-7_group.9,-0.5904
Comamonadaceae.2,Christensenellaceae_R-7_group.12,-0.5903
Proteiniphilum.1,midas_g_5574.1,-0.59
Pelolinea.1,Terrisporobacter.1,-0.5899
Methanobacterium.4,Azoarcus.2,-0.5898
Azorhizobium.1,Allorhizobium-Neorhizobium-Pararhizobium-Rhizobium.1,-0.5897
Ca_Caldatribacterium.1,midas_g_2901.1,-0.5897
Proteiniphilum.1,Taibaiella.1,-0.5896
midas_g_93469.1,Christensenellaceae_R-7_group.2,-0.5893
Desulfovibrio.4,Ca_Phosphitivorax.1,-0.589
Comamonadaceae.2,Pelolinea.1,-0.5886
LNR_A2-18.1,Lutispora.1,-0.5877
Dysgonomonas.1,Syner-01.3,-0.5875
midas_g_97311.1,Clostridium_sensu_stricto_13.1,-0.5868
Rhodococcus.1,Cryptanaerobacter.1,-0.5867
Camelimonas.1,Bellilinea.1,-0.5865
Xanthobacter.1,Comamonadaceae.3,-0.5855
Desulfovibrio.2,Azorhizobium.1,-0.585
midas_g_49937.1,Dehalobacterium.1,-0.5845
midas_g_76603.1,Terrisporobacter.1,-0.5844
Methanothrix.1,midas_g_97954.1,-0.5842
Proteiniphilum.2,midas_g_110683.1,-0.584
midas_g_3064.1,Thermovirga.2,-0.584
Azorhizobium.1,EBM-39.1,-0.5834
Syntrophomonas.1,Ercella.1,-0.5832
Mesotoga.1,Desulfosporosinus.3,-0.5831
Desulfobulbus.1,Desulfosporosinus.2,-0.5826
Methanobacterium.1,Clostridia.1,-0.5819
Petrimonas.3,Lachnoclostridium.1,-0.5817
midas_g_669.2,Clostridia.1,-0.5816
Desulfovibrio.2,midas_g_3064.1,-0.5813
midas_g_114295.1,Anaerovorax.1,-0.581
Hydrogenophaga.2,Ercella.1,-0.581
Limnobacter.1,Christensenellaceae_R-7_group.11,-0.5809
midas_g_76603.1,midas_g_93469.1,-0.5808
Paraclostridium.1,midas_g_2604.1,-0.5803
midas_g_2901.1,Monoglobus.3,-0.5788
Proteiniphilum.2,Stenotrophomonas.1,-0.5784
Methanobacterium.1,Romboutsia.1,-0.5756
Desulfurispora.1,midas_g_2901.1,-0.5755
midas_g_9269.3,midas_g_669.1,-0.5754
midas_g_76603.1,Actinomyces.1,-0.5749
midas_g_97954.1,Thermovirga.1,-0.5741
Proteiniphilum.1,Alcaligenes.1,-0.5741
midas_g_15299.1,Proteiniphilum.6,-0.5737
Proteiniphilum.5,midas_g_5574.2,-0.5732
Christensenellaceae_R-7_group.13,Monoglobus.2,-0.5731
Sphaerochaeta.1,Romboutsia.2,-0.5727
midas_g_94288.1,Clostridia.1,-0.5727
Proteiniphilum.7,Christensenellaceae_R-7_group.4,-0.5717
Proteiniphilum.6,Geobacteraceae.1,-0.5717
Allorhizobium-Neorhizobium-Pararhizobium-Rhizobium.1,Cryptanaerobacter.1,-0.5714
Thiobacillus.1,midas_g_110683.1,-0.5713
Pelolinea.1,Monoglobus.2,-0.57
midas_g_9269.2,midas_g_669.1,-0.57
Hydrogenophaga.3,midas_g_2178.1,-0.5697
midas_g_669.2,Oscillibacter.2,-0.5696
Methanobacteriaceae.1,Lutispora.1,-0.5694
Methanobacterium.5,Actinomyces.1,-0.5693
Methanobacterium.5,midas_g_2901.1,-0.5691
midas_g_97954.1,Pelolinea.1,-0.5689
Methanobacterium.4,Anaerostignum.1,-0.5686
Brevundimonas.1,midas_g_112760.1,-0.5675
Limnobacter.1,midas_g_49937.1,-0.5671
Bacteroides.1,Firmicutes.1,-0.5671
Comamonadaceae.3,midas_g_3064.1,-0.5667
Syner-01.2,midas_g_92370.1,-0.5661
Proteiniphilum.7,Oscillibacter.3,-0.5654
LNR_A2-18.1,Sedimentibacter.3,-0.5653
Terrisporobacter.1,Christensenellaceae_R-7_group.12,-0.5652
midas_g_15299.1,Sporanaerobacter.1,-0.5648
Proteiniphilum.7,Clostridia.1,-0.5639
Christensenellaceae_R-7_group.4,Ercella.1,-0.5635
midas_g_2901.1,midas_g_35108.1,-0.5631
Proteiniphilum.2,Camelimonas.1,-0.5627
Camelimonas.1,Ca_Caldatribacterium.1,-0.5626
Brevundimonas.3,Ca_Caldatribacterium.1,-0.5624
Methanosarcina.1,midas_g_35108.1,-0.5623
Pannonibacter.1,midas_g_3064.1,-0.5611
Methanobacterium.4,Limnobacter.1,-0.5597
Methanobacterium.7,Hydrogenophaga.2,-0.5595
midas_g_3409.1,Clostridiaceae.2,-0.5586
Methanosarcina.1,Azorhizobium.1,-0.5583
midas_g_30443.1,Trichloromonas.1,-0.5579
Geobacteraceae.1,Desulfosporosinus.1,-0.5574
Acinetobacter.1,midas_g_3064.1,-0.5572
Camelimonas.1,midas_g_669.2,-0.5561
Thermovirga.2,Christensenellaceae_R-7_group.12,-0.5561
Lentimicrobium.1,Desulfuromonadaceae.1,-0.5557
Syner-01.1,Sedimentibacter.3,-0.5555
Lentimicrobium.1,Trichloromonas.1,-0.5552
Rhodococcus.1,Christensenellaceae_R-7_group.12,-0.555
Gordonia.1,Christensenellaceae_R-7_group.11,-0.5548
Proteiniphilum.4,Allorhizobium-Neorhizobium-Pararhizobium-Rhizobium.1,-0.5547
Fermentimonas.2,Christensenellaceae_R-7_group.12,-0.5545
Methanobacterium.5,Dysgonomonas.1,-0.5541
midas_g_5574.1,Monoglobus.3,-0.5539
Methanobacterium.2,Anaerovorax.2,-0.5536
Christensenellaceae_R-7_group.13,Clostridium_sensu_stricto_13.1,-0.5533
midas_g_35108.1,midas_g_669.1,-0.5531
midas_g_554.1,EBM-39.1,-0.5529
Methanobacterium.7,midas_g_669.1,-0.5519
Petrimonas.3,Desulfovibrio.4,-0.5512
midas_g_97954.1,midas_g_35108.1,-0.5505
Pelolinea.1,Syntrophomonas.1,-0.5504
Brevundimonas.3,midas_g_49937.1,-0.5501
Proteiniphilum.7,midas_g_21833.1,-0.5499
Sedimentibacter.1,Christensenellaceae_R-7_group.2,-0.5495
midas_g_554.1,Christensenellaceae_R-7_group.4,-0.5489
midas_g_554.1,midas_g_97954.1,-0.5488
midas_g_3409.1,Pelotomaculum.1,-0.5487
Ochrobactrum.1,midas_g_3064.1,-0.5487
Aquamicrobium.1,Sporomusaceae.1,-0.5484
midas_g_554.1,Romboutsia.1,-0.5479
Stenotrophomonas.1,Christensenellaceae_R-7_group.3,-0.5477
Camelimonas.1,Christensenellaceae_R-7_group.13,-0.5467
Ochrobactrum.1,Christensenellaceae_R-7_group.11,-0.5459
Hydrogenophaga.1,Stenotrophomonas.3,-0.5456
Actinomyces.1,Monoglobus.3,-0.5445
Christensenellaceae_R-7_group.12,Monoglobus.2,-0.5437
Proteiniphilum.4,midas_g_97954.1,-0.5434
Geobacteraceae.1,midas_g_110683.1,-0.5424
midas_g_2178.1,Romboutsia.2,-0.5423
Methanobacterium.3,Ruminococcaceae.1,-0.5423
midas_g_15299.1,Propionicicella.2,-0.5398
Aminiphilus.1,Syntrophomonas.1,-0.5395
EBM-39.1,Syntrophobotulaceae.1,-0.5394
Comamonadaceae.1,Syner-01.2,-0.539
Desulfurispora.1,Intestinimonas.1,-0.5364
Mesotoga.1,midas_g_82137.1,-0.5356
Comamonadaceae.3,Monoglobus.3,-0.5351
Pelolinea.1,Paraclostridium.1,-0.5349
midas_g_114295.1,Pelolinea.1,-0.5341
Comamonadaceae.3,Christensenellaceae_R-7_group.12,-0.5337
Proteiniphilum.4,Burkholderiales.1,-0.5334
Aquamicrobium.1,midas_g_8129.1,-0.5332
Methanosarcina.1,Pseudoxanthomonas.1,-0.5326
Mesotoga.1,Sporanaerobacter.1,-0.5322
Christensenellaceae_R-7_group.13,Thermovirga.2,-0.5313
Aquamicrobium.1,Hydrogenophaga.1,-0.5312
Allorhizobium-Neorhizobium-Pararhizobium-Rhizobium.1,Bellilinea.1,-0.5307
Phenylobacterium.1,midas_g_49937.1,-0.5302
Methanobacterium.2,Christensenellaceae_R-7_group.14,-0.5302
Christensenellaceae_R-7_group.3,Monoglobus.1,-0.53
Hydrogenophaga.1,Christensenellaceae_R-7_group.9,-0.5293
Ca_Phosphitivorax.1,Rhodococcus.2,-0.5287
Methanobacterium.7,EBM-39.1,-0.5281
Pseudoxanthomonas.1,Terrisporobacter.1,-0.5267
Lentimicrobium.1,Shinella.1,-0.526
Limnobacter.1,Cryptanaerobacter.1,-0.5259
Sulfurospirillum.1,Lutispora.1,-0.5253
Sphingopyxis.1,Bellilinea.1,-0.5238
Acinetobacter.1,midas_g_2604.1,-0.5237
Azorhizobium.1,Bosea.1,-0.5235
Trichloromonas.1,Christensenellaceae_R-7_group.9,-0.5228
Methanobacterium.4,midas_g_93469.1,-0.5215
midas_g_35108.1,Syntrophomonas.1,-0.5212
Actinomyces.1,midas_g_95534.1,-0.5209
Allorhizobium-Neorhizobium-Pararhizobium-Rhizobium.1,Ca_Caldatribacterium.1,-0.52
Methanobacterium.5,midas_g_93469.1,-0.519
Pelolinea.1,midas_g_669.1,-0.5189
midas_g_30443.1,Desulfuromonadaceae.1,-0.5184
Petrimonas.2,Syntrophobotulaceae.2,-0.5182
Aquamicrobium.2,midas_g_92370.1,-0.5182
Methanosarcina.1,midas_g_95534.1,-0.5169
Methanothrix.1,Dehalobacterium.1,-0.5169
Syner-01.1,Christensenellaceae_R-7_group.10,-0.5163
Hydrogenophaga.2,midas_g_554.1,-0.5161
Bacteroides.1,Thauera.1,-0.516
Phenylobacterium.1,Sphaerochaeta.1,-0.5153
Geobacteraceae.1,Rhodococcus.2,-0.5147
Christensenellaceae_R-7_group.3,Clostridiaceae.2,-0.5145
midas_g_114295.1,Christensenellaceae_R-7_group.13,-0.5141
Pseudoxanthomonas.1,midas_g_669.1,-0.5139
midas_g_3409.1,Clostridiaceae.4,-0.513
Proteiniphilum.7,Christensenellaceae_R-7_group.8,-0.5129
Allorhizobium-Neorhizobium-Pararhizobium-Rhizobium.1,midas_g_84729.1,-0.5128
Petrimonas.1,Leucobacter.1,-0.5126
midas_g_9269.3,Pelotomaculum.3,-0.5124
Geobacteraceae.1,Romboutsia.2,-0.5122
Syner-01.2,midas_g_114155.1,-0.5121
Ca_Phosphitivorax.1,Phenylobacterium.1,-0.5117
Allorhizobium-Neorhizobium-Pararhizobium-Rhizobium.1,midas_g_35108.1,-0.5115
midas_g_15299.1,Monoglobus.1,-0.511
midas_g_84729.1,Dehalobacterium.1,-0.5108
Proteiniphilum.5,Desulfuromonadaceae.1,-0.5107
Comamonadaceae.1,Burkholderiales.1,-0.51
Methanosarcina.1,Christensenellaceae_R-7_group.12,-0.5097
Lentimicrobium.1,Caproiciproducens.1,-0.5096
Ca_Phosphitivorax.1,Clostridia.1,-0.5093
Xanthobacter.1,Trichloromonas.1,-0.5087
Methanobacterium.4,NK4A214_group.1,-0.5083
Thiobacillus.1,Desulfosporosinus.3,-0.5079
Christensenellaceae_R-7_group.13,midas_g_97954.1,-0.5078
Clostridiaceae.1,Ercella.2,-0.5074
Lentimicrobium.1,Bosea.2,-0.5072
Methanobacterium.4,midas_g_21833.1,-0.5072
Azorhizobium.1,Camelimonas.1,-0.5072
Pseudoxanthomonas.1,Rhodococcus.1,-0.5071
Ca_Phosphitivorax.1,Limnobacter.1,-0.5071
Ruminiclostridium.4,Ercella.2,-0.5067
Allorhizobium-Neorhizobium-Pararhizobium-Rhizobium.1,Oscillibacter.1,-0.5067
Desulfovibrio.2,midas_g_669.2,-0.5051
Methanobacterium.4,midas_g_4301.1,-0.5042
midas_g_92370.1,Dehalobacterium.1,-0.504
midas_g_15299.1,Syntrophomonas.2,-0.5028
Camelimonas.1,Desulfurispora.1,-0.5021
Limnobacter.1,Christensenellaceae_R-7_group.2,-0.5016
Erysipelothrix.1,Ruminiclostridium.2,-0.5012
Methanobacterium.1,Clostridiaceae.2,-0.5009
Alcaligenes.1,Propionibacteriaceae.1,-0.5003
midas_g_5574.2,Monoglobus.3,-0.4983
midas_g_92370.1,Syntrophomonas.1,-0.4979
Aquamicrobium.2,Christensenellaceae_R-7_group.12,-0.4968
Proteiniphilum.1,Sphingosinicella.1,-0.4966
Proteiniphilum.4,Dehalobacterium.1,-0.4966
midas_g_9269.3,Lachnoclostridium.1,-0.4954
Comamonadaceae.3,Soehngenia.1,-0.495
Limnobacter.1,midas_g_554.1,-0.4945
Methanobacterium.7,Rhodococcus.2,-0.4935
Methanobacterium.8,midas_g_5574.1,-0.4934
Christensenellaceae_R-7_group.3,Syntrophomonas.4,-0.4934
Sulfurospirillum.1,Leucobacter.1,-0.4915
Synergistaceae.1,midas_g_2178.1,-0.4909
Bradyrhizobium.1,Firmicutes.1,-0.4902
Ca_Phosphitivorax.1,Rhodococcus.1,-0.4896
NK4A214_group.1,Ercella.1,-0.4892
Sphingosinicella.1,Christensenellaceae_R-7_group.2,-0.4889
midas_g_30443.1,Ruminiclostridium.3,-0.4889
Phenylobacterium.1,midas_g_554.1,-0.4888
midas_g_5574.1,Christensenellaceae_R-7_group.6,-0.4881
midas_g_2604.1,Oscillibacter.2,-0.4876
Pseudoxanthomonas.1,EBM-39.1,-0.4869
Desulfovibrio.3,Ercella.2,-0.4854
midas_g_3064.1,Dehalobacterium.1,-0.4852
Thermovirga.2,midas_g_51070.1,-0.4844
midas_g_49937.1,Clostridia.1,-0.4836
midas_g_15299.1,Syntrophomonas.4,-0.4823
midas_g_5574.1,midas_g_95534.1,-0.4807
Flavobacterium.1,Hydrogenophaga.2,-0.4807
Christensenellaceae_R-7_group.12,Clostridia.1,-0.4799
Acinetobacter.1,Soehngenia.1,-0.4759
Syner-01.1,midas_g_2178.2,-0.4757
Lentimicrobium.1,Christensenellaceae_R-7_group.5,-0.4748
Trichloromonas.1,midas_g_51070.1,-0.4747
Comamonadaceae.3,Pseudoxanthomonas.1,-0.4742
Acinetobacter.2,Christensenellaceae_R-7_group.10,-0.4726
Thauera.1,Sporanaerobacter.1,-0.4719
Sphingopyxis.1,Pseudoxanthomonas.1,-0.4701
Bacteria.1,midas_g_97954.1,-0.4681
midas_g_97954.1,midas_g_91392.1,-0.4678
Bosea.1,midas_g_85764.1,-0.4671
Sedimentibacter.1,Christensenellaceae_R-7_group.10,-0.4671
midas_g_3409.1,Ruminiclostridium.3,-0.4662
Proteiniphilum.5,Sedimentibacter.1,-0.4659
Limnobacter.1,midas_g_95534.1,-0.4655
midas_g_49937.1,Ruminiclostridium.3,-0.4651
Camelimonas.1,Pelolinea.1,-0.4651
Camelimonas.1,Christensenellaceae_R-7_group.12,-0.4641
Proteiniphilum.7,Anaerostignum.1,-0.4624
Comamonadaceae.1,Rhodococcus.1,-0.4606
midas_g_97954.1,Soehngenia.1,-0.4598
Dehalobacterium.1,Monoglobus.3,-0.4597
midas_g_112760.1,NK4A214_group.1,-0.4589
Erysipelothrix.3,Oscillibacter.1,-0.4582
Geobacteraceae.1,Desulfosporosinus.2,-0.4582
midas_g_35108.1,Rhodococcus.2,-0.4578
Rhodococcus.2,midas_g_95534.1,-0.4575
Bradyrhizobium.1,Thiobacillus.1,-0.4531
Erysipelothrix.3,Pelotomaculum.3,-0.4527
midas_g_554.1,Rhodococcus.2,-0.4518
Methanobacterium.7,Sphingosinicella.1,-0.4516
Hydrogenophaga.2,Christensenellaceae.1,-0.4503
Proteiniphilum.4,Clostridia.1,-0.4487
Propionibacteriaceae.1,midas_g_93469.1,-0.4486
Devosia.2,Desulfobulbus.1,-0.4484
Proteiniphilum.3,Taibaiella.1,-0.4481
Pseudoxanthomonas.1,Oscillibacter.2,-0.4466
midas_g_36215.1,Anaerovorax.2,-0.4463
Flavobacterium.1,Alcaligenes.1,-0.4458
Bacteria.1,Romboutsia.1,-0.4455
Dysgonomonas.1,Pelolinea.1,-0.4449
Pelotomaculum.1,midas_g_112760.1,-0.442
Methanobacterium.5,midas_g_4301.1,-0.441
Proteiniphilum.7,NK4A214_group.1,-0.4406
Thauera.1,Erysipelothrix.1,-0.439
Aquamicrobium.2,midas_g_91392.1,-0.4359
Flavobacterium.1,Pelotomaculum.1,-0.4357
Christensenellaceae_R-7_group.4,Christensenellaceae.1,-0.4341
Shinella.1,Monoglobus.3,-0.4338
Thauera.1,Sedimentibacter.3,-0.4322
midas_g_30443.1,Rhodococcus.2,-0.426
Bacteria.1,Clostridium_sensu_stricto_13.1,-0.426
Terrisporobacter.1,midas_g_114155.1,-0.4259
Phenylobacterium.1,midas_g_91392.1,-0.4256
Proteiniphilum.4,Phenylobacterium.1,-0.425
Desulfovibrio.4,midas_g_35108.1,-0.4243
Anaerovorax.2,Desulfosporosinus.2,-0.4242
Alcaligenes.1,midas_g_95534.1,-0.4231
midas_g_35108.1,Ruminiclostridium.3,-0.423
Sphaerochaeta.1,Christensenellaceae_R-7_group.5,-0.4228
midas_g_91392.1,Romboutsia.2,-0.421
Hydrogenophaga.3,Papillibacter.1,-0.4186
Propionicicella.2,Anaerovorax.2,-0.4183
Hydrogenophaga.2,Pseudoxanthomonas.1,-0.4175
midas_g_554.1,midas_g_5574.1,-0.4171
Propionicicella.2,Lachnospiraceae.1,-0.4167
Desulfovibrio.4,midas_g_91392.1,-0.4129
Christensenellaceae_R-7_group.10,midas_g_98017.1,-0.4116
Lentimicrobium.1,Pseudomonas.2,-0.4112
midas_g_3595.1,Christensenellaceae.1,-0.4103
midas_g_51070.1,midas_g_98017.1,-0.4086
Bacteria.2,Desulfosporosinus.1,-0.4073
Sedimentibacter.2,Lachnospiraceae.1,-0.4045
Firmicutes.1,Ruminiclostridium.4,-0.404
Christensenellaceae_R-7_group.12,midas_g_669.1,-0.4033
Camelimonas.1,midas_g_91392.1,-0.4032
Petrimonas.3,Pelotomaculum.1,-0.403
midas_g_76603.1,Caproiciproducens.1,-0.4005
Propionicicella.2,Ruminiclostridium.2,-0.4002
midas_g_36215.2,Anaerovorax.2,-0.3965
Fermentimonas.2,midas_g_114155.1,-0.3937
Acinetobacter.2,Christensenellaceae.1,-0.3886
Christensenellaceae_R-7_group.4,Pelolinea.1,-0.3841
Limnobacter.1,midas_g_91392.1,-0.3841
Christensenellaceae_R-7_group.8,Christensenellaceae_R-7_group.6,-0.3824
Sphingosinicella.1,Christensenellaceae.1,-0.3822
Sedimentibacter.1,midas_g_51070.1,-0.3816
midas_g_554.1,Pelotomaculum.1,-0.3815
midas_g_4301.1,Soehngenia.1,-0.3796
midas_g_4301.1,midas_g_91392.1,-0.3764
Brevundimonas.3,Bacteria.1,-0.3759
Methanobacterium.7,Pelotomaculum.1,-0.3742
Proteiniphilum.5,midas_g_77817.1,-0.3729
Devosia.1,Monoglobus.1,-0.3728
Thauera.1,Syntrophomonas.2,-0.3694
Mesotoga.1,Christensenellaceae.2,-0.3692
Christensenellaceae.1,Anaerostignum.1,-0.3671
Methanobacterium.2,Ruminiclostridium.2,-0.3662
Bradyrhizobium.1,midas_g_98017.1,-0.3656
Thauera.1,Anaerovorax.3,-0.3633
Methanomassiliicoccus.1,Dehalobacterium.1,-0.3575
midas_g_110683.1,Lachnospiraceae.1,-0.355
Alcaligenes.1,Clostridium_sensu_stricto_1.1,-0.3534
Alcaligenes.1,Soehngenia.1,-0.3486
Methanobacterium.9,Lachnospiraceae.1,-0.3481
Pseudoxanthomonas.1,Caproiciproducens.1,-0.3449
Methanomethylophilaceae.1,Anaerovorax.3,-0.3429
Camelimonas.1,Bacteria.1,-0.3411
Desulfosporosinus.2,Lachnospiraceae.1,-0.3393
Devosia.1,Leucobacter.1,-0.3385
Brevundimonas.1,Clostridium_sensu_stricto_1.1,-0.3378
Bacteria.2,Anaerovorax.3,-0.3317
Thauera.1,Veillonellales-Selenomonadales.3,-0.3265
midas_g_4301.1,Dehalobacterium.3,-0.3203
Bacteria.1,Dehalobacterium.1,-0.3159
Arenimonas.1,Bacteria.1,-0.3059
