,Reactor Volume (L),0.41,membrane surface area,0.1451,m2,Unnamed: 5,Reactor body (L),0.155,Correction,0.011,Unnamed: 10,Unnamed: 11,Unnamed: 12,Unnamed: 13,98.9546,Unnamed: 15,Unnamed: 16,Unnamed: 17,Unnamed: 18,Unnamed: 19,Unnamed: 20,0.3164351879237923,Unnamed: 22,0.4295808141706501,Unnamed: 24,0.4750679682390584,CH4 Prod Rate (m3CH4/m3rv.d),Unnamed: 27,Unnamed: 28,Unnamed: 29,Unnamed: 30,Unnamed: 31,Unnamed: 32,Unnamed: 33,Unnamed: 34,Unnamed: 35,Unnamed: 36,Unnamed: 37,Unnamed: 38,Unnamed: 39,Unnamed: 40,Unnamed: 41,Unnamed: 42,Unnamed: 43,Unnamed: 44,Unnamed: 45,Unnamed: 46,Unnamed: 47,Unnamed: 48,Unnamed: 49,Unnamed: 50,Unnamed: 51,Unnamed: 52,Unnamed: 53,Unnamed: 54,Unnamed: 55,Unnamed: 56,Unnamed: 57,Unnamed: 58,Unnamed: 59,Unnamed: 60,Unnamed: 61
0,,,,Time Interval,,Downtime (min) time when reactor was not receiving CO2 and H2 gas,,BlueVCount Values (if applicable),,Volume,Flow Rate (mL/min),H2,,,CH4,,,CO2,,,H2,,CH4,,CO2,,RV 0.41 L,RV 0.155 L,Surface area normalized (m3/m2d),CH4 prod rate (mL/min),H2,,,CH4,,,CO2,,,H2,,CH4,,CO2,,,,,CO2 pressure (psi),,,,Location of Raw Results,,,,H2,,CH4,,CO2,
1,Sample ID,Notes,Date/Time of Analysis,Start,End,,Time Since Inoculation (d),Start,End,,,1,2.0,3.0,1,2.0,3.0,1,2.0,3.0,av,stdev,av,stdev,av,stdev,,,,,1,2.0,3.0,1,2.0,3.0,1,2.0,3.0,av,stdev,av,stdev,av,stdev,,Description,H2 Setpoint (SCCM),upstream,downstream,TMP (psi),,Screenshot,.CHD file path,Number of Replicates,Notes,av,stdev,av,stdev,av,stdev
2,Reactor Flowthrough ,,2024-05-13 00:00:00,,,,,,,,,,,,,,,,,,,,,,,,,,,,,,,,,,,,,,,,,,,,"H2 vs. CO2 gas flowthrough composition test, with media",1,,,,,,,1,,,,,,,
3,Reactor Flowthrough 2,,2024-05-13 00:00:00,,,,,,,,,,,,,,,,,,,,,,,,,,,,,,,,,,,,,,,,,,,,"H2 vs. CO2 gas flowthrough composition test, with media",1,,,,,,,1,,,,,,,
4,Reactor Flowthrough 3,,2024-05-13 00:00:00,,,,,,,,,,,,,,,,,,,,,,,,,,,,,,,,,,,,,,,,,,,,"H2 vs. CO2 gas flowthrough composition test, with media",1,,,,,,,1,,,,,,,
5,Reactor Flowthrough 4,,2024-05-14 00:00:00,2024-05-14 11:48:00,2024-05-14 11:48:00,,, ,1464.8,,,,,,,,,,,,,,,,,,,,,,,,,,,,,,,,,,,,,,"H2 vs. CO2 gas flowthrough composition test, with media",1,15,9,0.5,,,,1,,,,,,,
6,MBfR_01,,2024-05-14 00:00:00,2024-05-14 12:42:00,2024-05-14 13:54:00,,0.05000000000291038,0,74.8,73.9772,1.027461111051305,87.5704,87.4553,87.7399,0,0.0,0.0,12.4296,12.5447,12.2601,87.58853333333333,0.1431639037374117,0,0,12.411466666666668,0.14316390373740684,0,0,0,0,68.4465,69.4075,70.5189,0,0.0,0.0,9.7152,9.9559,9.8537,,,,,,,,Inoculated reactor gas composition,1,15,9,0.6,,,"C:\Peak495Win10\MBfR_01_01.CHR, C:\Peak495Win10\MBfR_01_02.CHR,C:\Peak495Win10\MBfR_01_03.CHR",3,,87.58853333333333,0.1431639037374117,0,0,12.411466666666668,0.14316390373740684
7,MBfR_02,,2024-05-14 00:00:00,2024-05-14 13:54:00,2024-05-14 14:14:00,,0.0638888888861402,74.8,93.6,18.593199999999996,0.9296600003787931,87.8956,87.826,87.9753,0,0.0,0.0,12.1044,12.174,12.0247,87.89896666666668,0.07470691623493862,0,0,12.101033333333334,0.07470691623493336,0,0,0,0,78.1612,78.0009,78.0188,0,,,10.7639,10.8121,10.6638,,,,,,,,Inoculated reactor gas composition,1,15,9,0.6,,,"C:\Peak495Win10\MBfR_02_01.CHR, C:\Peak495Win10\MBfR_02_02.CHR,C:\Peak495Win10\MBfR_02_03.CHR",3,,87.89896666666668,0.07470691623493862,0,0,12.101033333333334,0.07470691623493336
8,MBfR_03,,,2024-05-14 14:14:00,2024-05-15 12:55:00,,1.0090277777781012,93.6,323.4,227.27219999999997,0.16698912564236681,87.4242,88.7161,88.5965,0,0.0,0.0,12.5758,11.2839,11.4035,88.24560000000001,0.7138623886996721,0,0,11.754399999999999,0.7138623886996709,0,0,0,0,83.1479,81.7226,81.4294,,,,11.9607,10.3944,10.4811,,,,,,,,,1,15,9,0.55,,,"C:\Peak495Win10\MBfR_03_01.CHR, C:\Peak495Win10\MBfR_03_02.CHR,C:\Peak495Win10\MBfR_03_03(2).CHR",3,,88.24560000000001,0.7138623886996721,0,0,11.754399999999999,0.7138623886996709
9,MBfR_04,,2024-05-17 00:00:00,2024-05-15 12:55:00,2024-05-16 16:13:00,,2.1465277777751908,323.4,1791.5,1451.9508999999998,0.8864169108691787,88.2643,88.5582,88.5631,0,0.0,0.0,11.7357,11.4418,11.4369,88.46186666666667,0.17111529251745067,0,0,11.538133333333334,0.17111529251745217,0,0,0,0,76.0213,76.5723,76.8218,,,,10.1079,9.8932,9.9207,,,,,,,,,1,15,9.7,0.425,,,"C:\Peak495Win10\MBfR_04_01.CHR, C:\Peak495Win10\MBfR_04_02.CHR,C:\Peak495Win10\MBfR_04_03.CHR",3,"did not change bag, actually partially emptied manually before leaving the lab",88.46186666666667,0.17111529251745067,0,0,11.538133333333334,0.17111529251745217
10,MBfR_05,,2024-05-20 00:00:00,2024-05-16 16:13:00,2024-05-17 15:10:00,,3.102777777778101,1791.5,2617.8,817.2107000000002,0.5934718228013892,93.0783,93.1119,93.3633,0,0.0,0.0,6.9217,6.8881,6.6367,93.1845,0.15575403686581893,0,0,6.8155,0.15575403686582243,0,0,0,0,55.8409,56.239,55.8584,,,,4.1525,4.1604,3.9707,,,,,,,,Inoculated reactor gas composition,1,15,9.8,0.4,,,"C:\Peak495Win10\MBfR_05_01.CHR, C:\Peak495Win10\MBfR_05_02.CHR,C:\Peak495Win10\MBfR_05_03.CHR",3,Leak discovered in bag,93.1845,0.15575403686581893,0,0,6.8155,0.15575403686582243
11,MBfR_06,,2024-05-20 00:00:00,2024-05-17 15:10:00,2024-05-20 13:57:00,,6.052083333335759,2617.8,5042.4,2397.9293999999995,0.5646172356953828,93.1217,93.5375,93.5695,5.3327,5.0451,4.9366,1.5457,1.4174,1.4939,93.40956666666666,0.24981275654644264,5.1048,0.2046872492364875,1.4856666666666667,0.06454504886769658,0.10123052715317117,0.2677710718245173,0.00028604077279669317,0.0288225806477779,,,,,,,,,,,,,,,,,Inoculated reactor gas composition,1,15,9.8,0.45,,,"C:\Peak495Win10\MBfR_06_01.CHR, C:\Peak495Win10\MBfR_06_02.CHR,C:\Peak495Win10\MBfR_06_03.CHR",3,,93.40956666666666,0.24981275654644264,5.1048,0.2046872492364875,1.4856666666666667,0.06454504886769658
12,MBfR_07,,2024-05-21 00:00:00,2024-05-20 13:57:00,2024-05-21 12:13:00,,6.979861111110949,5042.4,5770.8,720.3876000000006,0.5392122754506058,86.4074,85.6273,86.4637,12.4281,12.9393,11.3625,1.1646,1.4334,2.1737,86.16613333333333,0.4674916505493229,12.2433,0.8044798568018959,1.5905666666666667,0.5225865701808017,0.23186590777841803,0.6133227238009767,0.0006551690019927732,0.06601737652024402,,,,,,,,,,,,,,,,,Inoculated reactor gas composition,1,15,10,0.4,,,"C:\Peak495Win10\MBfR_07_01.CHR, C:\Peak495Win10\MBfR_07_02.CHR,C:\Peak495Win10\MBfR_07_03.CHR",3,,86.16613333333333,0.4674916505493229,12.2433,0.8044798568018959,1.5905666666666667,0.5225865701808017
13,MBfR_08,,2024-05-22 00:00:00,2024-05-21 12:13:00,2024-05-22 09:20:00,,7.859722222223354,5770.8,6475.6,697.0472000000002,0.5501556432509672,86.4964,86.7925,86.4567,12.7885,12.3831,12.8188,0.7151,0.8244,0.7245,86.58186666666667,0.18349066279605328,12.663466666666666,0.24327684504147365,0.7546666666666666,0.06057345403172363,0.2446903369681352,0.6472454074640995,0.0006914061899168534,0.06966877649787181,,,,,,,,,,,,,,,,,,1,15,10,0.35,,,"C:\Peak495Win10\MBfR_08_01.CHR, C:\Peak495Win10\MBfR_08_02.CHR,C:\Peak495Win10\MBfR_08_03.CHR",3,,,,,,,
14,MBfR_09,,2024-05-24 00:00:00,2024-05-22 09:20:00,2024-05-24 10:36:00,,9.912499999998545,6475.6,7921.5,1429.9950999999996,0.4837601826799059,77.2997,79.9624,78.0616,18.9579,19.2936,19.8883,3.7423,0.7439,2.0501,78.44123333333333,1.371343838478642,19.379933333333334,0.4711699516451938,2.1787666666666667,1.5033352830733846,0.32927672510017403,0.87099004703917,0.0009304166594836068,0.09375240089657731,,,,,,,,,,,,,,,,,,,,,,,,,,,,,,,,
15,MBfR_10,,2024-05-28 00:00:00,2024-05-24 10:36:00,2024-05-24 16:42:00,,10.166666666664241,7921.5,8144.2,220.2502999999998,0.6017767759585806,77.7547,79.3482,79.2485,20.7152,19.9904,20.0345,1.5301,0.6614,0.717,78.7838,0.8926198126862337,20.2467,0.40633162564584996,0.9695,0.4862891218195196,0.4279256376515331,1.1319323318524424,0.001209162725273112,0.12183993849800594,,,,,,,,,,,,,,,,,,,,,,,,,,,,,,,,
16,MBfR_11b,,2024-05-29 00:00:00,2024-05-28 17:57:00,2024-05-28 21:29:00,,14.365972222221899,8217.3,8327.1,108.59220000000109,0.5122273584916963,87.5004,88.0407,87.8104,11.3393,11.3448,11.2523,1.1602,0.6145,0.9372,,0.27112794642628396,,0.051890108241680374,0,0.2743637427455261,,,,,,,,,,,,,,,,,,,,,,,,,,,,,,,,,,,,
17,MBfR_12,,2024-05-29 00:00:00,2024-05-28 21:29:00,2024-05-29 15:41:00,,15.124305555553292,8327.1,8888.5,555.2245999999997,0.5084474358987365,82.127,81.9571,78.4177,16.976,17.0039,19.834,0.897,1.0389,1.7483,80.83393333333332,2.0942430955677835,17.937966666666668,1.642072289314125,1.2280666666666666,0.4560876487401668,0.32033021819369,0.8473250932865349,0.0009051370741517085,0.09120513156903673,,,,,,,,,,,,,,,,,,,,,,,,,,,,,,,,
18,MBfR_13,,2024-06-18 00:00:00,2024-05-29 15:41:00,2024-05-30 12:00:00,,15.970833333332848,8888.5,9500.6,605.3669000000003,0.49660943396122104,0,0.0,0.0,88.9259,90.491,88.0721,11.0741,9.509,11.9279,0,0,89.16300000000001,1.2267565406387664,10.837000000000002,1.2267565406387686,1.5551714444587679,4.113679304697387,0.0043943507389944516,0.44279186960284356,,,,,,,,,,,,,,,,,,,,,,,,,,,,,,,,
19,MBfR_14,,2024-06-18 00:00:00,2024-05-30 12:00:00,2024-06-01 10:20:00,,17.901388888887595,9500.6,10993.5,1476.4780999999996,0.5311072302160496,69.3478,69.0822,68.4221,30.0638,30.168,31.0617,0.5884,0.7498,0.5136,68.9507,0.4766542877180509,30.431166666666666,0.5485377136836922,0.6172666666666666,0.12071691403168615,0.5676484439617044,1.5015216904793474,0.0016039687251846921,0.16162212640576307,,,,,,,,,,,,,,,,,,,,,,,,,,,,,,,,
20,MBfR_15,,2024-06-18 00:00:00,2024-06-01 10:20:00,2024-06-06 17:28:00,1520,23.19861111111095,10993.5,14128.1,3100.1194000000005,0.5075506548787121,58.7122,58.7318,58.7103,40.3999,40.5028,40.5842,0.888,0.7654,0.7056,58.7181,0.01190252074142309,40.49563333333334,0.09235877507488582,0.7863333333333333,0.09298437144667557,0.7218820174148443,1.9094943686457173,0.002039776892764205,0.20553585218061537,,,,,,,,,,,,,,,,,,,,,,,,,,,,,,,,
21,MBfR_16,,2024-06-18 00:00:00,2024-06-06 17:28:00,2024-06-07 12:35:00,,23.995138888887595,14128.1,15232.1,1091.856,0.9519232781181791,0,0.0,0.0,87.8201,88.7334,88.6831,12.1799,11.2666,11.3169,0,0,88.41219999999998,0.5133900369115104,11.587800000000001,0.5133900369115082,2.955920707304432,7.818887032224627,0.008352360372121413,0.8416163124964007,,,,,,,,,,,,,,,,,,,,,,,,,,,,,,,,
22,MBfR_17,,2024-06-18 00:00:00,2024-06-07 12:35:00,2024-06-10 09:18:00,,26.858333333329938,15232.1,18118.4,2854.550700000001,0.6923479747761574,46.0873,46.3447,46.3763,49.147,48.99,48.9201,4.7657,4.6653,4.7036,46.26943333333333,0.1585214601665459,49.01903333333333,0.11620285423918504,4.711533333333334,0.05066797147442667,1.1919768042316665,3.152970901516021,0.0033680943468985753,0.3393822845381828,,,,,,,,,,,,,,,,,,,,,,,,,,,,,,,get to washout SRT,
23,MBfR_18,,2024-06-18 00:00:00,2024-06-10 09:18:00,2024-06-11 11:24:00,,27.945833333331393,18118.4,19175.2,1045.1751999999992,0.667417113664496,84.8188,84.9525,85.0259,14.0143,14.3182,14.0691,1.1669,0.7294,0.905,84.93239999999999,0.10500290472172571,14.133866666666668,0.16197173621756694,0.9337666666666667,0.2201640373297445,0.33131184569861266,0.876373269267298,0.0009361671725460453,0.09433184495585499,,,,,,,,,,,,,,,,,,,,,,,,,,,,,,theta xmin,1/yqhat-b,
24,MBfR_19,,2024-06-18 00:00:00,2024-06-11 11:24:00,2024-06-13 11:41:00,,29.95763888888905,19175.2,22124.1,2916.462099999998,1.0067180186389197,88.2953,87.8239,88.2624,11.3149,11.6374,11.7376,0.3898,0.5387,0.0,88.1272,0.2631801094307871,11.5633,0.22087763580770262,0.30949999999999994,0.27818247608359514,0.4088540182803777,1.081484822548096,0.0011552732425565463,0.1164098246492742,,,,,,,,,,,,,,,,,,,,,,,,,,,,,,,,
25,MBfR_20,,2024-06-18 00:00:00,2024-06-13 11:41:00,2024-06-17 09:55:00,,33.8840277777781,22124.1,24986.6,2831.0125,0.5007096745666578,86.0619,86.3026,86.0974,13.501,13.6974,13.5193,0.4371,0.0,0.3834,86.15396667,0.129938306,13.57256667,0.108495361,0.2735,0.238374936,0.2386858105886037,0.631362466718242,0.0006744395750608375,0.06795915440369966,,,,,,,,,,,,,,,,,,,,,,,,,,,,,,,,
26,MBfR_21,,,2024-06-17 09:55:00,2024-06-21 09:41:00,,37.87430555555329,24986.6,28195.3,3173.4043000000006,0.5522805951970167,72.3577,72.175,72.2581,26.9578,27.0676,27.2596,0.6845,0.7573,0.4824,72.2636,0.091474095,27.095,0.152754313,0.6414,0.142427912,0.5255663786995844,1.3902078404311586,0.0014850600638651246,0.14964042726863166,,,,,,,,,,,,,,,,,,,,,,,,,,,,,,,,
27,MBfR_22,,2024-06-24 00:00:00,2024-06-21 09:41:00,2024-06-23 21:14:00,12,40.35555555555766,28195.3,31797,3562.0813000000007,1.0003036506581613,23.5413,22.8389,22.983,69.6638,68.5187,68.7821,6.7949,8.6424,8.2349,23.12106667,0.370996285,68.9882,0.599726112,7.890733333,0.970645189,2.4237359407259254,6.411172488371803,0.006848599143333077,0.6900914831233537,,,,,,,,,,,,,,,,,,,,,,,,,,,,,,,,
28,MBfR_23,,2024-06-25 00:00:00,2024-06-23 21:14:00,2024-06-25 10:31:00,,41.909027777779556,31797,33483.1,1667.5528999999985,0.7454416182388671,17.6366,17.6977,17.9739,75.8648,75.8287,75.2776,6.4985,6.4737,6.7485,17.7694,0.17971780657464032,75.65703333333333,0.32909427727222923,6.573566666666667,0.1520033332967844,1.9808043404189941,5.239546964979275,0.005597035007386545,0.5639790135915191,,,,,,,,,,,,,,,,,,,,,,,,,,,,,,,,
29,MBfR_24,,2024-06-27 00:00:00,2024-06-25 10:31:00,2024-06-26 17:00:00,,43.17916666666861,33483.1,34520.7,1026.1863999999985,0.5610641880808462,10.7025,10.5303,10.7863,82.8774,82.5582,82.4793,6.4201,6.9115,6.7344,10.673033333333334,0.1305190152174516,82.6383,0.21079115256575526,6.688666666666666,0.24887174072870036,1.6284429902241269,4.307494361238013,0.004601389565760799,0.4636539069388139,,,,,,,,,,,,,,,,,,,,,,,,,,,,,,,,
30,MBfR_25,,2024-06-27 00:00:00,2024-06-26 17:00:00,2024-06-27 18:47:00,,44.25347222221899,34520.7,35528.8,997.0109000000058,0.6444802197833275,48.3143,43.557,47.2219,49.7114,52.7423,50.427,1.9743,3.7007,2.3512,46.364399999999996,2.4918779083253653,50.96023333333333,1.5842481003092088,2.6754,0.9077133192809288,1.1535054103800462,3.051207859714961,0.0032593881340855888,0.32842862378876314,,,,,,,,,,,,,,,,,,,,,,,,,,,,,,,,
31,MBfR_26,,2024-07-02 00:00:00,2024-06-27 18:47:00,2024-06-28 10:50:00,,44.922222222223354,35528.8,36094.2,559.1805999999942,0.5806652128726313,53.914,53.8226,51.8201,45.0663,45.2186,45.5092,1.0197,0.9587,2.6706,53.185566666666666,1.183411552813872,45.2647,0.22502002133143667,1.5496666666666667,0.971235760942385,0.9231326046830913,2.441834631742371,0.0026084380973126634,0.26283636661115795,,,,,,,,,,,,,,,,,,,,,,,,,,,,,,,,
32,MBfR_27a,,2024-07-02 00:00:00,2024-06-28 10:50:00,2024-07-02 14:36:00,,49.079166666662786,36094.2,39419.1,3288.3261000000016,0.5493361343140606,51.4054,46.0283,48.192,48.016,51.9215,51.2493,0.5786,2.0502,0.5586,48.5419,2.705572695382624,50.3956,2.0880218700961937,1.0624666666666667,0.8554606088729819,0.9723204558592744,2.571944431627758,0.002747425133716764,0.27684124090437673,,,,,,,,,,,,,,,,,,,,,,,,,,,,,,,,
33,MBfR_27b,,2024-07-05 00:00:00,2024-07-02 14:36:00,2024-07-05 11:30:00,,51.94999999999709,39419.1,41670.2,2226.3378999999986,0.5385432752779986,42.6352,42.7779,42.8592,54.9212,55.3715,54.8979,2.4436,1.8506,2.2429,34.47353085477725,0.11339384169051606,61.74845464726627,0.26696127684241533,3.7780622344374013,0.30161475980683233,1.1679529173925605,3.089423846006127,0.0033002115515571996,0.33254215009093735,,,,,,,,,,,,,,,,,14.326297799925861,,,,,,,,,,,,,,,
34,MBfR_28,,2024-07-09 00:00:00,2024-07-05 11:30:00,2024-07-09 10:14:00,,55.8972222222219,41670.2,44835,3129.9872000000028,0.5506662913437634,44.7885,58.6308,48.7651,52.302,50.8528,50.8103,2.9095,0.5164,0.4246,50.728133333333325,7.126881661942658,51.3217,0.8492306106117464,1.2834999999999999,1.408905181337623,0.9925860364492294,2.62555016093022,0.0028046883180164305,0.28261130204457224,,,,,,,,,,,,,,,,,,,,,,,,,,,,,,,,
35,MBfR_29,,2024-07-12 00:00:00,2024-07-09 10:14:00,2024-07-12 11:27:00,39,58.94791666666424,44835,47095.5,2235.6345,0.513466812127137,41.2165,42.7476,42.5633,57.5964,57.2524,57.4367,1.1871,0.0,0.0,42.1758,0.8358731901430952,57.42850000000001,0.17214653641592734,0.3957,0.6853725045550048,1.0356630610036668,2.739495838783893,0.0029264083736147716,0.2948762882024329,,,,,,,,,,,,,,,,,,,,,,,,,,,,,,,,
36,MBfR_30,,2024-07-15 00:00:00,2024-07-12 11:27:00,2024-07-15 12:10:00,,61.9777777777781,47095.5,50971.4,3833.2651000000014,0.8785847123530882,9.6807,8.4603,8.5867,66.2728,67.7356,67.8093,24.0466,23.8041,23.604,8.909233333333333,0.6710922837682856,67.27256666666666,0.866607156290166,23.818233333333335,0.22163822624568597,2.075870586172822,5.491012518263593,0.005865657755553804,0.5910464863408729,,,,,,,,,,,,,,,,,,,,,,,,,,,,,,,,
37,31a,51 mL removed for sample,,2024-07-15 12:10:00,2024-07-18 12:10:00,,64.9777777777781,50971.4,54707.8,3695.299600000001,0.8553934259259262,0,0.0,0.0,73.1552,71.5423,72.032,26.8448,28.4577,27.968,0,0,72.24316666666665,0.8269251014047948,27.756833333333333,0.8269251014047967,2.1704076820005422,5.741078384646595,0.00613278531785129,0.6179632983473766,,,,,,,,,,,,,,,,,,,,,,,,,,,,,,,,
38,31c,gas removed for sampling 31b (50 mL) previously ,,2024-07-18 12:10:00,2024-07-25 16:18:00,,72.15000000000146,54707.8,63571.9,8766.594899999998,0.8488182513554042,0.3847,0.2237,0.1753,76.2324,75.7567,75.9365,23.383,24.0197,23.8882,0.36833887159730255,0.1096296188688683,77.50533183227921,0.24019968775999867,22.1264232960907,0.33613146733582366,2.310600827821894,6.111911867141784,0.006528920326719342,0.6578794023659559,,,,,,,,,,,,,,,,,,,,,,,,,,,,,,,,
39,MBfR_32,,,2024-07-25 16:18:00,2024-07-26 15:18:00,,73.10833333332994,63571.9,64937.2,1350.2816999999957,0.9784650000049494,0,8.9962,8.9883,64.2862,69.7407,69.2925,35.7138,21.2631,21.7192,5.994833333333333,5.1916794607654015,67.77313333333335,3.0280767598152742,26.232033333333334,8.21461692005983,2.329064390891782,6.160750969455681,0.006581091662754173,0.6631363890733545,,,,,,,,,,,,,,,,,,,,,,,,,,,,,,,,
40,MBfR_33,,,2024-07-26 15:18:00,2024-07-29 12:49:00,,76.0048611111124,64937.2,67298,2334.831200000003,0.5597773195867234,8.7131,8.6642,8.385,73.2672,73.2456,73.0134,18.0197,18.0902,18.6016,8.587433333333331,0.1770091617214584,73.17540000000001,0.1407111935845875,18.237166666666667,0.31757094220557053,1.4386628817372757,3.805495364595375,0.004065139776101193,0.4096192927168632,,,,,,,,,,,,,,,,,,,,,,,,,,,,,,,,
41,MBfR_34,,,2024-07-29 12:49:00,2024-07-30 10:26:00,,76.90555555555329,67298,69794,2468.544,1.9032721665456815,20.0065,20.3058,17.6078,60.4828,60.0454,60.4592,19.5107,19.6488,21.933,19.306700000000003,1.4788816822180195,60.32913333333334,0.24600344171034086,20.364166666666666,1.3604030370935416,4.0327993863274525,10.667404828350039,0.011395229141242288,1.1482276030515663,,,,,,,,,,,,,,,,,,,,,,,,,,,,,,,,
42,MBfR_35,,,2024-07-30 10:26:00,2024-08-01 11:40:00,42,78.95694444444234,69794,72341.6,2519.576400000006,0.8652391483515812,14.7577,16.434,17.5643,63.3909,62.9358,60.9724,21.8514,20.6302,21.4633,16.252,1.4121238932898204,62.433033333333334,1.28524951014709,21.314966666666667,0.6239667005003835,1.8972704051241092,5.018586232908934,0.005360998388014368,0.5401950459033922,,,,,,,,,,,,,,,,,,,,,,,,,,,,,,,,
43,MBfR_36,,,2024-08-01 11:40:00,2024-08-05 09:27:00,63,82.86458333333576,72341.6,76939.3,4547.125299999997,0.8172403486690635,3.3613,3.9151,3.8052,76.236,75.2697,75.2903,20.4028,20.8152,20.9045,3.6938666666666666,0.2932063153026096,75.59866666666666,0.5520429542466195,20.7075,0.267628828790921,2.1699142491716947,5.739773175228352,0.006131391055550618,0.6178228070558297,,,,,,,,,,,,,,,,,,,,,,,,,,,,,,,,
44,MBfR_37,,,2024-08-05 09:27:00,2024-08-08 16:31:00,,86.15902777777956,76939.3,80533.7,3554.8615999999943,0.7493384485667564,2.1198,1.4123,1.2008,79.272,79.8824,79.9336,18.6082,18.7053,18.8655,1.5776333333333337,0.4812915782904714,79.69600000000001,0.3680860768896292,18.726333333333333,0.12993314947823523,2.097457533552336,5.5481134758481145,0.005926654643393919,0.5971927699697622,,,,,,,,,,,,,,,,,,,,,,,,,,,,,,,,
45,MBfR_38,,2024-08-13 00:00:00,2024-08-08 16:31:00,2024-08-12 15:01:00,,90.09652777777956,80533.7,84981.6,4398.973100000008,0.775832998236333,0,0.0,0.0,82.2237,82.6142,82.5911,17.7763,17.3876,17.4089,0,0,82.47633333333333,0.21909154098991165,17.524266666666666,0.21852693960547137,2.2473785317535726,5.944678696896546,0.006350277036657234,0.6398786097353921,,,,,,,,,,,,,,,,,,,,,,,,,,,,,,,,
46,MBfR_39,After 08.15.24 recalibration,,2024-08-12 15:01:00,2024-08-15 14:46:00,,93.08611111110804,84981.6,89050.9,4024.5376999999885,0.9348519628354282,5.4121,5.3757,5.3716,80.5166,80.7459,80.5186,14.0714,13.8784,14.1098,5.386466666666667,0.022293571569699747,80.5937,0.131812859767174,14.019866666666667,0.12400908568864408,2.6461994448176656,6.999624337904793,0.0074772003609596335,0.7534317863716964,,,,,,,,,,,,,,,,,,,,,,,,,,,,,,,,
47,MBfR_40,"After switching media - low COD, no HCO3",,2024-08-15 14:46:00,2024-08-19 16:24:00,,97.15416666666715,89050.9,92078.1,2993.9008000000113,0.511079003072276,6.2481,6.1879,6.3375,83.3389,83.3541,83.3143,10.413,10.458,10.3482,6.257833333333333,0.07527345703057198,83.33576666666666,0.020084156276361287,10.4064,0.055196739034113186,1.4958846631585339,3.9568562057741867,0.004226827787008952,0.42591160548263807,,,,,,,,,,,,,,,,,,,,,,,,,,,,,,,,
48,MBfR_41,,,2024-08-19 16:24:00,2024-08-22 10:22:00,,99.90277777777374,0,2269.1,2244.1398999999997,0.5669883527043194,2.4476,2.5557,2.5068,90.9964,90.9031,90.7335,6.5559,6.5412,6.7598,2.5033666666666665,0.054131722061406165,90.87766666666666,0.13328256950303582,6.618966666666668,0.12218651043930079,1.809713977321015,4.786985359365265,0.005113595663002179,0.5152657852094557,,,,,,,,,,,,,,,,,,,,,,,,,,,,,,,,
49,MBfR_42,,,2024-08-22 10:22:00,2024-08-26 10:06:00,16,103.89166666666279,2269.1,4663.6,2368.1605000000004,0.41343584148043017,4.4808,4.6611,4.4754,86.9131,86.7764,86.9711,8.6061,8.5625,8.5535,4.5391,0.10568959267591127,86.88686666666668,0.09996581082217279,8.574033333333333,0.028132780405308835,1.2616558185575866,3.3372831329587767,0.003564981982140664,0.3592214483393128,,,,,,,,,,,,,,,,,,,,,,,,,,,,,,,,
50,MBfR_43,,,2024-08-26 10:06:00,2024-08-29 11:24:00,31,106.9458333333314,4663.6,6913.1,2224.7554999999998,0.5094471032742331,1.5011,1.0429,1.0395,90.5313,90.9787,91.0526,7.9676,7.9784,7.9079,1.1945,0.26552883082633577,90.85419999999999,0.2820702217533775,7.9513,0.0379714366333433,1.6256338774348507,4.300063804827669,0.004593452031345891,0.4628540901029783,,,,,,,,,,,,,,,,,,,,,,,,,,,,,,,,
51,MBfR_45,,,2024-09-06 10:41:00,2024-09-09 10:07:00,8,117.8923611111095,9246.5,11216.1,1947.9344000000003,0.45533763440924657,1.8706,1.4072,1.4973,88.4422,90.8929,90.0885,9.6873,7.6999,8.4142,1.5917000000000001,0.24569983719978267,89.80786666666667,1.2492193255522945,8.600466666666668,1.0067080725480122,1.4362384937914898,3.7990824674484576,0.004058289334627918,0.40892901559341027,,,,,,,,,,,,,,,,,,,,,,,,,,,,,,,,
52,MBfR_46,,,2024-09-09 10:07:00,2024-09-10 11:18:00,,118.9416666666657,11216.1,11677.5,456.32459999999963,0.30200172071457204,1.1327,0.941,1.0351,90.112,92.7596,92.8628,8.7553,6.2994,6.1022,1.0362666666666667,0.09585532501292425,91.91146666666667,1.5592378822146868,7.0523,1.4781335223855767,0.9748947893877085,2.5787539590255513,0.0027546992670500372,0.27757421086733364,,,,,,,,,,,,,,,,,,,,,,,,,,,,,,,,
53,MBfR_47,,,2024-09-10 11:18:00,2024-09-13 12:41:00,14,121.99930555555329,11677.5,12940.8,1249.4036999999992,0.2846670539987536,0.5032,0.8422,0.7376,95.2629,95.0546,95.2857,4.2338,4.1033,3.9767,0.6943333333333334,0.17359220412602946,95.20106666666668,0.1273551072133932,4.1046000000000005,0.12855492989380038,0.9518262035896605,2.5177338288500697,0.002689515806145836,0.27100607185538944,,,,,,,,,,,,,,,,,,,,,,,,,,,,,,,,
54,MBfR_48,,,2024-09-13 12:41:00,2024-09-16 10:28:00,6,124.90694444444671,12940.8,14202.9,1248.2169000000004,0.29854506098972833,0.8962,0.7077,0.6587,96.9588,95.2522,97.0167,2.145,4.0401,2.3246,0.7542,0.1253923841387505,96.40923333333335,1.0024383788210272,2.8365666666666667,1.0461517114325865,1.0108975766214892,2.673987138160068,0.0028564300924521745,0.2878250044547295,,,,,,,,,,,,,,,,,,,,,,,,,,,,,,,,
55,MBfR_49,,,2024-09-16 10:28:00,2024-09-19 10:40:00,,127.9152777777781,14202.9,15242,1027.6699000000003,0.23722758541104874,4.017,3.9182,3.9116,95.3019,95.4368,95.2405,0.627,0.645,0.8479,3.948933333333333,0.05903976061378768,95.32639999999999,0.10041717980505489,0.7066333333333333,0.12267111857863425,0.7942496206101469,2.1009183512913565,0.0022442615055145434,0.22614051697927795,,,,,,,,,,,,,,,,,,,,,,,,,,,,,,,,
56,MBfR_50,,,2024-09-19 10:40:00,2024-09-23 09:55:00,14,131.8840277777781,15242,16968.5,1707.5085,0.29951034906156815,12.2375,11.6326,11.5214,87.7625,87.1142,86.706,0,1.2531,1.7726,11.797166666666667,0.385371824778789,87.19423333333333,0.532777686594825,1.0085666666666666,0.911249199359502,0.9172299604152289,2.4262211856144766,0.002591759364371081,0.2611557526182249,,,,,,,,,,,,,,,,,,,,,,,,,,,,,,,,
57,MBfR_51,,,2024-09-23 09:55:00,2024-09-26 13:27:00,22,135.03125,16968.5,18276.9,1294.0076000000015,0.2869196452328459,6.8832,6.1583,6.0459,93.1168,93.8417,92.0196,0,0.0,1.9345,6.362466666666666,0.4544566462637924,92.99270000000001,0.9173672710534234,0.6448333333333334,1.1168840957473312,0.93710397049444,2.4787911477594866,0.002647916112355068,0.2668143249324447,,,,,,,,,,,,,,,,,,,,,,,,,,,,,,,,
58,MBfR_52,,,2024-09-26 13:27:00,2024-09-30 10:27:00,15,138.90625,18276.9,19882.5,1587.9383999999986,0.2853438274932612,1.6547,1.6584,1.2592,96.2961,97.7471,98.0091,2.0491,0.5945,0.7317,1.5241,0.22941758868927314,97.35076666666667,0.9227146543397594,1.1251,0.8031425527264756,0.9756330276317289,2.58070671825167,0.002756785260709916,0.27778440370070057,,,,,,,,,,,,,,,,,,,,,,,,,,,,,,,,
59,MBfR_53,,,2024-09-30 10:27:00,2024-10-03 10:51:00,18,141.9229166666628,19882.5,21030.4,1135.2731000000015,0.26243021266793065,1.0629,0.9418,0.9705,98.9371,97.8525,98.0113,0,1.2057,1.0182,0.9917333333333332,0.06328067108788694,98.26696666666668,0.5857588013280978,0.7413,0.648793749969896,0.9057326386149936,2.3958089150461124,0.002559272100841815,0.2578822096056579,,,,,,,,,,,,,,,,,,,,,,,,,,,,,,,,
60,MBfR_54,,,2024-10-03 10:51:00,2024-10-07 10:27:00,18,145.90625,21030.4,22676.4,1627.894,0.28469639734144964,1.1057,0.8473,0.9484,97.3074,97.8473,96.9583,1.587,1.2602,2.0933,0.9671333333333333,0.13021460491562933,97.371,0.4478995088186683,1.6468333333333334,0.4197605547610837,0.9736216825358386,2.5753863860625406,0.0027511019285988546,0.2772117290553429,,,,,,,,,,,,,,,,,,,,,,,,,,,,,,,,
61,MBfR_55,,,2024-10-07 10:27:00,2024-10-08 16:27:00,,147.15625,22676.4,24422,1726.3983999999984,0.9591102222222213,34.1461,34.0494,33.7588,65.8539,65.8865,66.0748,0,0.0641,0.1665,33.984766666666665,0.20157733834271294,65.9384,0.11924516761697276,0.07686666666666668,0.08398097006663673,2.2211892343133637,5.8754037810869635,0.006276275575937142,0.6324219347697771,,,,,,,,,,,,,,,,,,,,,,,,,,,,,,,,
62,MBfR_56,,,2024-10-08 16:27:00,2024-10-09 17:15:00,,148.18958333333285,24422,25676.1,1240.3048999999985,0.8335382392477021,80.5317,79.9407,80.2903,19.4683,20.0593,19.7097,0,0.0,0.0,80.25423333333333,0.29714618175795476,19.74576666666667,0.2971461817579583,0,0,0.5780669823194682,1.5290804048450448,0.0016334077377738246,0.164588515799293,,,,,,,,,,,,,,,,,,,,,,,,,,,,,,,,
63,MBfR_57,,,2024-10-09 17:15:00,2024-10-10 09:02:00,17,148.847222222219,25676.1,26011.5,331.7106000000014,0.3566780645176486,89.8272,89.7221,88.9135,10.1728,10.2779,11.0865,0,0.0,0.0,89.4876,0.4999546079395624,10.5124,0.49995460793956004,0,0,0.13169124826894812,0.3483445921952822,0.000372111728396063,0.03749542485435329,,,,,,,,,,,,,,,,,,,,,,,,,,,,,,,,
64,MBfR_60,,,2024-10-15 11:41:00,2024-10-16 10:20:00,15,154.9013888888876,27160.8,27638.9,472.84090000000214,0.35181614583388343,22.8038,24.6192,24.6894,71.8534,71.6191,71.3749,5.3428,3.7617,3.9358,24.03746666666667,1.0689630925964346,71.6158,0.23926706835667808,4.3467666666666664,0.8669714547396201,0.8849184492928469,2.3407520271617246,0.002500458747140367,0.25195594736810223,,,,,,,,,,,,,,,,,,,,,,,,,,,,,,,,
65,MBfR_61,,,2024-10-16 10:20:00,2024-10-17 08:48:00,16,155.83750000000146,27638.9,28232.4,586.9715,0.4406692942929848,25.8428,24.3652,25.8205,71.6051,72.0094,71.1532,2.5521,3.6254,3.0262,25.34283333333333,0.8467287188547059,71.58923333333333,0.428320468029878,3.0679,0.5378637280947655,1.1079984093181752,2.9308345020674316,0.003130801845764658,0.3154717693197582,,,,,,,,,,,,,,,,,,,,,,,,,,,,,,,,
66,MBfR_62,,,2024-10-17 08:48:00,2024-10-18 11:19:00,,156.9423611111124,28232.4,28680.1,442.7752999999971,0.2783000000000389,23.7796,21.6857,22.2413,74.3687,73.9171,75.906,1.8518,4.3972,1.8527,22.568866666666665,1.0847023754621963,74.7306,1.042669415490836,2.7005666666666666,1.4693276364832095,0.7304496929561998,1.9321572523357537,0.002063986037987883,0.20797525980002907,,,,,,,,,,,,,,,,,,,,,,,,,,,,,,,,
67,MBfR_63,,,2024-10-18 11:19:00,2024-10-21 10:55:00,19,159.92569444444234,28680.1,29926.5,1232.6896000000015,0.28821360766925663,19.2041,19.0583,17.1711,80.0601,80.2248,79.4952,0.7358,0.7169,3.3337,18.477833333333333,1.1340098823790445,79.9267,0.382656124999983,1.5954666666666668,1.505383885702691,0.8090679531897965,2.1401152310181715,0.002286132741611417,0.23035962556098372,,,,,,,,,,,,,,,,,,,,,,,,,,,,,,,,
68,MBfR_64,,,2024-10-21 10:55:00,2024-10-22 13:05:00,,161.01597222222335,29926.5,30495.7,562.9388000000007,0.3585597452218669,8.6049,8.2071,7.861,89.7333,90.1393,90.1312,1.6618,1.6536,2.0078,8.224333333333334,0.37224930266332756,90.00126666666667,0.23210127818117474,1.7744,0.20217190704942173,1.1334145608226642,2.99806432217608,0.00320261867634247,0.32270831245645304,,,,,,,,,,,,,,,,,,,,,,,,,,,,,,,,
69,MBfR_65,,,2024-10-22 13:05:00,2024-10-23 10:38:00,,161.91388888889196,30495.7,30879,379.0836999999993,0.2931815158539676,5.4662,5.0961,5.0193,92.0083,90.8295,90.7639,2.5255,4.0744,4.2168,5.1938666666666675,0.238953224153459,91.20056666666669,0.7002861510363719,3.605566666666667,0.9380711291439086,0.9391019841508977,2.484076216141084,0.0026535617746510547,0.2673832038207417,,,,,,,,,,,,,,,,,,,,,,,,,,,,,,,,
70,MBfR_66,,,2024-10-23 10:38:00,2024-10-24 11:24:00,13,162.9458333333314,30879,31294.8,411.22619999999927,0.27917596741480943,2.2485,2.6794,2.6153,94.0396,93.0035,94.0984,3.7119,4.3171,3.2863,2.5143999999999997,0.2324958279195564,93.71383333333331,0.6158688523811937,3.7717666666666667,0.5180011325598953,0.9188833199174707,2.4305945881687943,0.002596431158967354,0.2616265008098354,,,,,,,,,,,,,,,,,,,,,,,,,,,,,,,,
71,MBfR_67,,,2024-10-24 11:24:00,2024-10-25 10:39:00,,163.9145833333314,31294.8,31726,426.4568000000007,0.30570379928315466,2.0118,1.9836,1.519,93.9838,93.7183,94.7401,4.0044,4.2981,3.741,1.8381333333333334,0.27673701113753,94.1474,0.5301816009632916,4.0145,0.2786872978806173,1.0108525301606943,2.6738679830057075,0.002856302807483698,0.28781217872630876,,,,,,,,,,,,,,,,,,,,,,,,,,,,,,,,
72,MBfR_68,,,2024-10-25 10:39:00,2024-10-28 10:47:00,14,166.9201388888905,31726,32957.8,1218.250200000003,0.2823945757993872,1.3374,1.3688,1.3103,95.6461,95.7888,95.5044,3.0164,2.8424,3.1853,1.3388333333333333,0.02927632718312414,95.64643333333333,0.14220029301422707,3.0147,0.17145632096834446,0.9486450954576363,2.509319284758909,0.002680527147743838,0.27010033967891034,,,,,,,,,,,,,,,,,,,,,,,,,,,,,,,,
73,MBfR_69,,,2024-10-28 10:47:00,2024-10-29 11:32:00,,167.9513888888905,32957.8,33889.8,921.748,0.620705723905724,9.542,9.9149,9.9198,88.8592,88.9006,88.8624,1.5988,1.1846,1.2178,9.792233333333334,0.21672227235181285,88.87406666666665,0.02303417750503176,1.3337333333333337,0.2301538905457235,1.9374898613893077,5.124973181739459,0.005474643991520442,0.551646418867789,,,,,,,,,,,,,,,,,,,,,,,,,,,,,,,,
74,MBfR_70,,,2024-10-29 11:32:00,2024-10-30 10:41:00,,168.9159722222248,33889.8,34627.1,729.1896999999957,0.5249745860325863,37.2146,37.3586,36.9579,62.7393,62.6414,62.5935,0.0461,0.0,0.4487,37.177033333333334,0.20297429229666805,62.65806666666666,0.07431516220350637,0.16493333333333335,0.24682776045925894,1.1552976916660282,3.0559487327940102,0.003264452471282368,0.32893892609935527,,,,,,,,,,,,,,,,,,,,,,,,,,,,,,,,
75,MBfR_71,,,2024-10-30 10:41:00,2024-10-31 11:47:00,13,169.96180555555475,34627.1,35436.4,800.3977000000028,0.5361002679187034,50.1922,49.7621,48.4181,49.8078,50.2379,51.5819,0,0.0,0.0,49.45746666666667,0.9254505947555112,50.54253333333333,0.9254505947555112,0,0,0.951659672006283,2.5172933259521026,0.002689045248260344,0.2709586566129,,,,,,,,,,,,,,,,,,,,,,,,,,,,,,,,
76,MBfR_72,,,2024-10-31 11:47:00,2024-11-01 11:37:00,5,170.9548611111095,35436.4,35888.5,447.12689999999856,0.3137732631581501,52.9468,53.0394,53.3719,47.0532,46.9606,46.6281,0,0.0,0.0,53.11936666666666,0.22354754155063275,46.88063333333334,0.22354754155063275,0,0,0.5166400144362409,1.3665961672184435,0.0014598373943408595,0.14709889299920745,,,,,,,,,,,,,,,,,,,,,,,,,,,,,,,,
77,MBfR_73,,,2024-11-01 11:37:00,2024-11-04 11:08:00,5,173.93472222222044,35888.5,37236.2,1332.8752999999972,0.31098350443305406,30.0232,29.612,29.9863,69.9768,70.388,70.0137,0,0.0,0.0,29.873833333333334,0.22750367762595322,70.12616666666666,0.2275036776259564,0,0,0.7659423592667621,2.02604107935079,0.0021642754465842347,0.2180808106245642,,,,,,,,,,,,,,,,,,,,,,,,,,,,,,,,
78,MBfR_74,,,2024-11-04 11:08:00,2024-11-05 11:09:00,,174.93541666666715,37236.2,37741.3,499.54390000000575,0.3466647467028978,14.434,14.5951,14.756,84.8152,84.895,84.1761,0.7508,0.5099,1.0679,14.595033333333333,0.161000010351967,84.62876666666666,0.39404611828227765,0.7761999999999999,0.27986580712906023,1.0304011303122254,2.725577183406532,0.0029115400649759645,0.2933780996027864,,,,,,,,,,,,,,,,,,,,,,,,,,,,,,,,
79,MBfR_75,,,2024-11-05 11:09:00,2024-11-06 10:26:00,,175.9055555555533,37741.3,38190.5,444.2587999999971,0.3180091624919512,12.2273,12.4099,12.5443,86.8235,86.4887,86.4816,0.9493,1.1015,0.9741,12.393833333333333,0.1591095639279216,86.59793333333333,0.19537871770828302,1.0083,0.08166051677524452,0.9672211757104564,2.5584560131695944,0.0027330164165491875,0.2753893625286716,,,,,,,,,,,,,,,,,,,,,,,,,,,,,,,,
80,MBfR_76,,,2024-11-06 10:26:00,2024-11-07 11:31:00,12,176.9506944444438,38190.5,38664.9,469.1816000000014,0.3142542531810246,9.2923,9.0762,9.1587,88.7918,87.267,88.1442,1.9159,3.6568,2.6971,9.175733333333332,0.10905229632306342,88.06766666666665,0.7652756191943741,2.7566,0.8719738470848764,0.9720224365251072,2.5711561224212516,0.002746583039112984,0.2767563881772875,,,,,,,,,,,,,,,,,,,,,,,,,,,,,,,,
81,MBfR_77,,,2024-11-07 11:31:00,2024-11-08 10:55:00,,177.92569444444234,38664.9,39132.3,462.2586000000014,0.3292440170945095,8.1836,7.96727,8.1887,88.7715,89.0983,88.5113,3.0449,2.939,3.3,8.113190000000001,0.1263961522357388,88.7937,0.29412901930954843,3.094633333333333,0.18556751691320678,1.0267830256630743,2.716006713044261,0.0029013166128315673,0.2923479448068475,,,,,,,,,,,,,,,,,,,,,,,,,,,,,,,,
82,MBfR_78,,,2024-11-08 10:55:00,2024-11-11 10:12:00,11,180.89583333333576,39132.3,40432.5,1285.897799999997,0.3014293952175415,6.6307,6.7738,6.6912,88.1081,88.5276,88.3781,5.2612,4.6986,4.9307,6.698566666666667,0.07183385924014732,88.33793333333334,0.2126148709129639,4.9635,0.28273056078181563,0.9352150180484194,2.473794563870013,0.002642578617504149,0.2662764981943416,,,,,,,,,,,,,,,,,,,,,,,,,,,,,,,,
83,MBfR_79,,,2024-11-11 10:12:00,2024-11-12 09:40:00,,181.87361111111386,40432.5,40864.6,427.3468999999986,0.30351342329535314,4.8457,5.0057,4.9507,92.0376,92.0227,91.8209,3.1167,2.9716,3.2283,4.934033333333333,0.08129165598838144,91.96039999999999,0.12104003469927044,3.1055333333333337,0.1287138039735184,0.9802963602126435,2.5930419850786057,0.002769962148085347,0.2791121581160999,,,,,,,,,,,,,,,,,,,,,,,,,,,,,,,,
84,MBfR_80,,,2024-11-12 09:40:00,2024-11-13 10:20:00,,182.9013888888876,40864.6,41309.1,439.6105,0.29703412162278986,5.4618,5.3194,5.4745,91.5262,91.5216,91.6587,3.012,3.159,2.8668,5.418566666666667,0.08611529093798236,91.56883333333333,0.07786079458451826,3.0125999999999995,0.14610092402171854,0.9552843387110742,2.526881154009938,0.0026992872423951784,0.27199067977190305,,,,,,,,,,,,,,,,,,,,,,,,,,,,,,,,
85,MBfR_81,,,2024-11-13 10:20:00,2024-11-14 12:30:00,10,183.9916666666686,41309.1,41779.1,464.83,0.2979679487170593,4.0642,4.0895,3.9794,93.2313,93.0891,93.1726,2.7045,2.8214,2.848,4.044366666666667,0.057667350670317155,93.16433333333333,0.07145952234190703,2.7912999999999997,0.07633852238549031,0.9749848494529996,2.5789921824240634,0.0027549537441470006,0.2775998529692568,,,,,,,,,,,,,,,,,,,,,,,,,,,,,,,,
86,MBfR_82,,,2024-11-14 12:30:00,2024-11-15 10:30:00,,184.90833333333285,41779.1,42189.1,405.49,0.3071893939402067,3.8887,3.6393,3.8613,92.715,93.0559,93.07,3.3963,3.3047,3.0687,3.7964333333333333,0.13676934354354905,92.94696666666665,0.20101269445816364,3.2565666666666666,0.16902086656189322,1.0028132730935624,2.652602851408778,0.002833586781311927,0.2855232235891393,,,,,,,,,,,,,,,,,,,,,,,,,,,,,,,,
87,MBfR_83,,,2024-11-15 10:30:00,2024-11-18 08:35:00,2,187.82847222222335,42189.1,43516.1,1312.403,0.31225386628581325,3.2193,3.1414,3.386,94.1672,94.0496,93.8048,2.6135,2.809,2.8092,3.2489000000000003,0.12495763282008834,94.0072,0.18488309819991366,2.7439,0.11292975692880951,1.0309736777691056,2.727091663776344,0.002913157876535722,0.293541116587037,,,,,,,,,,,,,,,,,,,,,,,,,,,,,,,,
88,MBfR_84,,,2024-11-18 08:35:00,2024-11-19 11:29:00,32,188.94930555555766,43516.1,44061.4,539.3017000000028,0.3408986725660724,3.2172,3.1475,3.1514,94.7666,95.0183,94.7785,2.0162,1.8343,2.0701,3.1720333333333333,0.0391640566506246,94.85446666666667,0.14200853260749327,1.9735333333333334,0.12355461680298852,1.13569504765918,3.0040965776791215,0.0032090625054463392,0.3233576177362943,,,,,,,,,,,,,,,,,,,,,,,,,,,,,,,,
89,MBfR_85,,,2024-11-19 11:29:00,2024-11-20 09:50:00,14,189.88055555555184,44061.4,44468.6,402.7207999999971,0.30348214016770225,3.6066,3.4891,3.4254,94.9203,95.0062,94.5704,1.4731,1.5047,2.0042,3.5070333333333337,0.09192150637001838,94.83229999999999,0.2308428253162729,1.6606666666666667,0.29792784920737686,1.0108065726799231,2.6737464180565707,0.0028561729483030217,0.2877990936102559,,,,,,,,,,,,,,,,,,,,,,,,,,,,,,,,
90,MBfR_86,,,2024-11-20 09:50:00,2024-11-21 10:54:00,,190.9250000000029,44468.6,44954,480.06060000000144,0.3191892287213793,2.9599,2.8656,2.8811,95.5545,96.037,94.8321,1.4856,1.0974,2.2868,2.9022,0.05056708415560468,95.47453333333333,0.606417350785199,1.6232666666666666,0.6065329119951643,1.07032188844801,2.831174027507639,0.0030243416558489596,0.3047444265720028,,,,,,,,,,,,,,,,,,,,,,,,,,,,,,,,
91,MBfR_87,,,2024-11-21 10:54:00,2024-11-22 09:55:00,8,191.8840277777781,44954,45365.3,406.77570000000287,0.29626780772112643,3.0754,3.166,3.0518,95.5016,95.6059,95.6814,1.423,1.2281,1.2668,3.0977333333333337,0.06028675918751415,95.5963,0.09028360870058365,1.3059666666666667,0.10318441419775247,0.9947276333473565,2.6312150301446198,0.002810739694503212,0.2832210622725112,,,,,,,,,,,,,,,,,,,,,,,,,,,,,,,,
92,MBfR_88,,,2024-11-22 09:55:00,2024-11-25 10:20:00,12,194.9013888888876,45365.3,46681.6,1301.8206999999957,0.3004432725595881,2.2633,2.2489,2.3709,95.4619,96.9413,96.7674,2.2748,0.8098,0.8617,2.2943666666666664,0.06666973326280314,96.3902,0.8086197932279404,1.3154333333333332,0.8312410621073366,1.0171242309309614,2.6904576431077043,0.002874024360314915,0.28959787130673204,,,,,,,,,,,,,,,,,,,,,,,,,,,,,,,,
93,MBfR_89,,,2024-11-25 10:20:00,2024-11-26 11:33:00,,195.95208333332994,46681.6,47119.9,433.4787000000029,0.28650277594241247,1.5184,1.1419,1.0682,98.2218,98.3417,98.4733,0.2598,0.5164,0.4585,1.2428333333333332,0.24147600985052994,98.34559999999999,0.12579534967557066,0.4115666666666667,0.1345843353935862,0.9896061916702402,2.6176679908696676,0.0027962683568904098,0.28176287401722117,,,,,,,,,,,,,,,,,,,,,,,,,,,,,,,,
94,MBfR_90,,,2024-11-26 11:33:00,2024-11-27 11:51:00,,196.9645833333343,47119.9,47547,422.40189999999853,0.2897132373101353,1.9324,1.805,1.8395,97.8613,98.0885,95.8732,0.2063,0.1065,2.2909,1.8589666666666667,0.06589312053115508,97.27433333333333,1.2187230708136014,0.8679000000000001,1.2333640014205054,0.9897949586523586,2.618167309983658,0.002796801743952219,0.28181662017185205,,,,,,,,,,,,,,,,,,,,,,,,,,,,,,,,
95,MBfR_92,,,2024-11-28 11:18:00,2024-11-29 15:43:00,,199.1256944444467,47590.1,48156.8,560.4663000000044,0.32871923753576165,2.8867,3.0628,2.7609,96.706,96.9372,97.2391,0.4073,0.0,0.0,2.9034666666666666,0.15164677158889134,96.96076666666666,0.2673302140300094,0.13576666666666667,0.23515476464093457,1.119437360413448,2.9610923727065392,0.0031631241748415824,0.3187286928954956,,,,,,,,,,,,,,,,,,,,,,,,,,,,,,,,
96,MBfR_93,,,2024-11-29 15:43:00,2024-12-02 11:49:00,11,201.9631944444409,48156.8,49584.3,1411.7975,0.3464533742338414,3.5082,3.49,3.5644,95.9575,96.51,95.2766,0.5343,0.0,1.159,3.5208666666666666,0.0387836735409802,95.9147,0.6178128923873325,0.5644333333333333,0.580087289408528,1.1671014364200574,3.0871715414982157,0.003297805574998094,0.33229971453626633,,,,,,,,,,,,,,,,,,,,,,,,,,,,,,,,
97,MBfR_94,,,2024-12-02 11:49:00,2024-12-03 09:38:00,,202.87222222222044,49584.3,50067.9,478.28039999999856,0.3653784568365644,4.4842,4.3314,4.3662,94.7198,94.8161,94.8692,0.7961,0.8526,0.7647,4.393933333333333,0.08008628679950985,94.80170000000003,0.07573381015108106,0.8044666666666668,0.04454327483844595,1.2165716669789128,3.218028280395834,0.0034375905131726688,0.34638498851482935,,,,,,,,,,,,,,,,,,,,,,,,,,,,,,,,
98,MBfR_95,,,2024-12-03 09:38:00,2024-12-04 14:30:00,,204.0749999999971,50067.9,50696.6,621.7842999999971,0.35899786374167564,3.1232,3.0741,3.1306,96.0216,94.0512,96.1493,0.8551,2.8747,0.7201,3.1092999999999997,0.030707816594476352,95.40736666666668,1.1762090984741371,1.4832999999999998,1.206876845415471,1.2029633848467078,3.182032179271936,0.0033991384409865614,0.3425104081855209,,,,,,,,,,,,,,,,,,,,,,,,,,,,,,,,
99,MBfR_96,,,2024-12-04 14:30:00,2024-12-05 11:24:00,10,204.9458333333314,50696.6,51113.2,412.01739999999853,0.331203697748823,4.7354,4.818,4.6592,94.6506,94.5325,93.0941,0.614,0.6495,2.2467,4.737533333333333,0.0794214916337718,94.0924,0.8665674064953057,1.1700666666666668,0.9325607558402473,1.0945317357680087,2.8952129784831193,0.0030927499080970608,0.3116375081006135,,,,,,,,,,,,,,,,,,,,,,,,,,,,,,,,
100,MBfR_97,,,2024-12-05 11:24:00,2024-12-06 10:18:00,,205.90000000000146,51113.2,51602.3,483.71990000000574,0.3520523289652725,4.406,4.3198,4.3016,95.1289,95.139,95.0069,0.465,0.5412,0.6916,4.342466666666667,0.05576892802747182,95.09160000000001,0.07352598180235145,0.5659333333333333,0.1153069526669288,1.175785261289003,3.1101416588934914,0.00332234291611641,0.3347721924503411,,,,,,,,,,,,,,,,,,,,,,,,,,,,,,,,
101,MBfR_98,,,2024-12-06 10:18:00,2024-12-09 10:46:00,10,208.9194444444438,51602.3,53124.4,1505.3568999999986,0.3470163439375401,1.1306,1.2905,1.3291,98.2837,98.1013,98.0923,0.5857,0.6082,0.5786,1.2500666666666667,0.10524591836899577,98.15910000000001,0.10800055555412748,0.5908333333333333,0.015453262870129813,1.1963524216811494,3.1645451154146533,0.0033804582556117937,0.34062812006199394,,,,,,,,,,,,,,,,,,,,,,,,,,,,,,,,
102,MBfR_100,,,2024-12-10 10:17:00,2024-12-11 12:28:00,9,210.9902777777752,53673.9,54240.8,560.6641000000014,0.35893988476371363,4.039,3.9133,3.949,94.6495,94.6018,94.7893,1.3115,1.4849,1.2616,3.9671,0.06477522674603295,94.68020000000001,0.09744706255193028,1.3526666666666667,0.11720385374778995,1.1936019539381397,3.1572696846105632,0.0033726864308382997,0.33984500077405366,,,,,,,,,,,,,,,,,,,,,,,,,,,,,,,,
103,MBfR_101,,,2024-12-11 12:28:00,2024-12-12 12:24:00,10,211.9875000000029,54240.8,54735.1,488.8626999999957,0.34282096774002935,4.2808,4.1181,4.1157,94.4383,94.5938,94.1761,1.2809,1.2882,1.7082,4.1715333333333335,0.09463531757929132,94.40273333333334,0.2111091265988574,1.4257666666666664,0.2446216738830271,1.1366600100984794,3.0066490589701718,0.003211789139492602,0.32363236398637263,,,,,,,,,,,,,,,,,,,,,,,,,,,,,,,,
104,MBfR_102,,,2024-12-12 12:24:00,2024-12-13 10:24:00,,212.90416666666715,54735.1,55185.2,445.14889999999855,0.3372340151524063,3.7772,3.7593,3.7965,94.977,94.8272,94.9389,1.2458,1.4136,1.2646,3.7776666666666667,0.01860439016289788,94.91436666666668,0.0778551432683368,1.3079999999999998,0.09193410683745178,1.1241958115115296,2.9736792433530783,0.0031765698326652455,0.3200835296664772,,,,,,,,,,,,,,,,,,,,,,,,,,,,,,,,
105,MBfR_103,,,2024-12-13 10:24:00,2024-12-16 11:24:00,20,215.9458333333314,55185.2,56742.8,1540.4664000000057,0.35331798165166045,3.6254,3.6578,3.6306,95.4567,95.6558,95.3257,0.9179,0.6864,1.0437,3.6379333333333332,0.017400383137544242,95.4794,0.1662166357498559,0.8826666666666667,0.18123703631800378,1.184824585661674,3.1340521298147506,0.0033478847699606224,0.33734588897311546,,,,,,,,,,,,,,,,,,,,,,,,,,,,,,,,
106,MBfR_104,,,2024-12-16 11:24:00,2024-12-17 10:50:00,,216.92222222222335,56742.8,57257.7,509.2360999999942,0.36218783783669417,4.4181,4.2518,4.3532,94.6381,94.0224,95.1712,0.9438,1.7258,0.4755,4.341033333333333,0.08381493502552696,94.61056666666667,0.5748947063013625,1.0483666666666667,0.6316748873695499,1.2035167578440573,3.183495940103636,0.0034007020724745934,0.3426679657750441,,,,,,,,,,,,,,,,,,,,,,,,,,,,,,,,
107,MBfR_105,,,2024-12-17 10:50:00,2024-12-18 11:06:00,,217.9333333333343,57257.7,57763.7,500.43399999999997,0.3437046703297253,4.0947,4.0954,4.073,95.2429,95.1397,95.331,0.6624,0.7648,0.596,4.0877,0.012735383779061738,95.23786666666668,0.09574927327835536,0.6744,0.08503740353514981,1.1496713993762226,3.041066282220976,0.0032485546088508012,0.32733699565573005,,,,,,,,,,,,,,,,,,,,,,,,,,,,,,,,
108,MBfR_106,,,2024-12-18 11:06:00,2024-12-19 10:14:00,67,218.8972222222219,57763.7,58265.8,496.57690000000576,0.3759098410300575,3.9008,4.056,4.0173,93.285,95.2883,95.4197,2.8142,0.6557,0.563,3.9913666666666665,0.08078467263864689,94.66433333333335,1.1963431043531563,1.3442999999999998,1.273814283951943,1.2498235724915019,3.305984933687199,0.003531548344049041,0.35585254494549706,,,,,,,,,,,,,,,,,,,,,,,,,,,,,,,,
109,MBfR_107,,,2024-12-19 10:14:00,2024-12-26 09:35:00,,225.8701388888876,58265.8,61866.5,3561.092299999997,0.3546551439100182,4.2411,4.3296,4.2747,93.1348,94.8606,94.8341,2.6241,0.8098,0.8912,4.2818000000000005,0.044675160883873626,94.27650000000001,0.9888299803302933,1.4417,1.0247969603780058,1.1743251163843729,3.106279340113502,0.0033182170759310323,0.33435645674832837,,,,,,,,,,,,,,,,,,,,,,,,,,,,,,,,
110,MBfR_108,,,2024-12-26 09:35:00,2025-01-02 10:25:00,,232.90486111111386,61866.5,65462.1,3556.0483999999983,0.3510413030600153,2.8275,2.8586,2.8439,94.5782,96.5433,96.3944,2.5943,0.5981,0.7617,2.8433333333333333,0.015557741909844497,95.83863333333333,1.094103259904358,1.3180333333333334,1.1083021669803468,1.1816189992562702,3.125572836742392,0.003338826944831638,0.33643318728824356,,,,,,,,,,,,,,,,,,,,,,,,,,,,,,,,
111,MBfR_109,,,2025-01-02 10:25:00,2025-01-03 10:51:00,,233.9229166666628,65462.1,65964.5,496.87360000000143,0.338931514326901,3.4233,3.3935,3.3296,94.2436,96.5663,96.6704,2.3341,0.0401,0.0,3.3821333333333334,0.04787299168981732,95.82676666666667,1.3720501898011355,0.7913999999999999,1.336167830027351,1.1407157083100699,3.017377034884701,0.003223249072413016,0.3247871113938393,,,,,,,,,,,,,,,,,,,,,,,,,,,,,,,,
112,MBfR_110,,,2025-01-03 10:51:00,2025-01-06 10:36:00,14,236.91249999999854,65964.5,67439.2,1458.478299999997,0.3398924027030552,3.3983,3.3326,3.3457,94.7128,96.3924,96.5462,1.8889,0.2749,0.1081,3.3588666666666662,0.03477273836403074,95.8838,1.0170272169416092,0.7573,0.983536720209266,1.1446305422856307,3.0277324021748937,0.003234310974066909,0.32590175162299206,,,,,,,,,,,,,,,,,,,,,,,,,,,,,,,,
113,MBfR_111,,,2025-01-06 10:36:00,2025-01-07 11:09:00,,237.93541666666715,67439.2,67977.4,532.2797999999971,0.36135763747385435,3.7622,3.7866,3.7573,95.5281,95.8302,95.8138,0.7079,0.3832,0.4289,3.7687000000000004,0.015694266469000743,95.72403333333334,0.16988126245508922,0.5066666666666667,0.17576479548912338,1.2148897358564543,3.2135793012977176,0.003432837985535122,0.3459061053480182,,,,,,,,,,,,,,,,,,,,,,,,,,,,,,,,
114,MBfR_112,,,2025-01-07 11:09:00,2025-01-08 10:03:00,15,238.88958333332994,67977.4,68504.6,521.4008000000115,0.38366504783087224,4.3991,4.2718,4.277,95.2041,95.1846,95.16,0.3968,0.5435,0.563,4.315966666666667,0.07204251059848844,95.1829,0.022099095004095,0.5011,0.09085114198511772,1.2825957733878253,3.3926726908968283,0.003624150703576901,0.3651835188118113,,,,,,,,,,,,,,,,,,,,,,,,,,,,,,,,
115,MBfR_113,,,2025-01-08 10:03:00,2025-01-09 13:44:00,13,240.04305555555766,68504.6,69120,608.6305999999943,0.3693146844642419,4.8406,4.7809,4.7382,94.2975,94.3267,94.9005,0.8619,0.8925,0.3612,4.786566666666666,0.0514346510956704,94.50823333333334,0.3400264891641982,0.7052,0.29830536367956917,1.2258712404095866,3.242627152051165,0.003463867736512271,0.3490327837277295,,,,,,,,,,,,,,,,,,,,,,,,,,,,,,,,
116,MBfR_114,,,2025-01-09 13:44:00,2025-01-10 10:39:00,39,240.9145833333314,69120,69657.9,531.9830999999942,0.43748610197577364,5.3243,5.2383,5.2563,93.8663,94.0414,93.9364,0.8094,0.7203,0.8073,5.272966666666666,0.045357836515130846,93.94803333333333,0.0881277670960365,0.779,0.05084653380516707,1.443545873255065,3.818411664739204,0.004078937340003973,0.41100958891290046,,,,,,,,,,,,,,,,,,,,,,,,,,,,,,,,
117,MBfR_115,,,2025-01-10 10:39:00,2025-01-13 09:57:00,13,243.88541666666424,69657.9,71259.8,1584.2791000000086,0.3714605158265576,6.3673,6.2842,6.3085,92.7087,92.7543,92.6232,0.9239,0.9615,1.0683,6.32,0.04272692359625246,92.69539999999999,0.06655426357492177,0.9845666666666668,0.07491257126366263,1.2093429459072849,3.1989071472386246,0.0034171647678979105,0.34432681098749085,,,,,,,,,,,,,,,,,,,,,,,,,,,,,,,,
118,MBfR_116,,,2025-01-13 09:57:00,2025-01-14 10:36:00,,244.91249999999854,71259.8,71873.4,606.8503999999914,0.4103112914127236,6.4862,6.3716,6.3643,92.4229,92.4524,92.3305,1.0909,1.176,1.3052,6.407366666666667,0.06836916946499605,92.40193333333332,0.06359719595495633,1.1906999999999999,0.10790361439729437,1.3315980852889422,3.522291709473976,0.0037626134732492507,0.3791355659503238,,,,,,,,,,,,,,,,,,,,,,,,,,,,,,,,
119,MBfR_117,,,2025-01-14 10:36:00,2025-01-15 11:16:00,,245.94027777777956,71873.4,72409.1,529.8073000000115,0.35797790540428687,6.1432,6.6407,6.1926,92.0532,91.876,92.6296,1.8035,1.4833,1.1779,6.325499999999999,0.27408642797482685,92.18626666666667,0.3940282900165034,1.4882333333333335,0.3128291759624303,1.1590471017965631,3.0658665273328447,0.0032750469451177868,0.33000646648374365,,,,,,,,,,,,,,,,,,,,,,,,,,,,,,,,
120,MBfR_118,,,2025-01-15 11:16:00,2025-01-16 11:48:00,15,246.96250000000146,72409.1,72937.1,522.192,0.3584021962938688,5.5914,5.5908,5.5957,93.5611,92.8727,93.2596,0.8476,1.5364,1.1447,5.592633333333333,0.0026727015047201316,93.23113333333333,0.3450817342794807,1.1762333333333332,0.3454810028544749,1.1735734109139464,3.104290957901406,0.0033160930287713156,0.33414242949633194,,,,,,,,,,,,,,,,,,,,,,,,,,,,,,,,
121,MBfR_119,,,2025-01-16 11:48:00,2025-01-17 11:16:00,,247.94027777777956,72937.1,73461.9,519.0271999999885,0.36862727272714263,4.0683,4.0306,4.1198,94.7749,94.8123,94.1535,1.1568,1.1571,1.7266,4.0729,0.04477756134494148,94.58023333333334,0.3700347190917831,1.3468333333333333,0.32888761505008607,1.2245216827632044,3.2390573544058956,0.003460054375829868,0.34864853467563456,,,,,,,,,,,,,,,,,,,,,,,,,,,,,,,,
122,MBfR_120,,,2025-01-17 11:16:00,2025-01-20 11:13:00,12,250.9381944444467,73461.9,74995.7,1516.9282000000028,0.35236427409982735,1.992,2.0074,2.0181,96.9968,96.6427,97.046,1.0113,1.3499,0.9359,2.0058333333333334,0.013120340442737513,96.89516666666667,0.22002209737508727,1.0990333333333335,0.22050363564651973,1.1991475340352626,3.171938638415857,0.0033883562298722106,0.34142395066281783,,,,,,,,,,,,,,,,,,,,,,,,,,,,,,,,
123,MBfR_121,,,2025-01-20 11:13:00,2025-01-23 13:04:00,,254.01527777777665,74995.7,76701.8,1687.3329000000058,0.3808018280302116,0.2538,0.1889,0.2205,98.9145,98.6286,98.7872,0.8318,1.1824,0.9923,0.22106666666666666,0.03245371062503221,98.77676666666667,0.1432352726577256,1.0021666666666667,0.17550812896653287,1.3210901846720902,3.4944966175197223,0.0037329219553105236,0.37614373313580346,,,,,,,,,,,,,,,,,,,,,,,,,,,,,,,,
124,MBfR_122,,,2025-01-23 13:04:00,2025-01-24 13:23:00,,255.02847222222044,76701.8,77255,547.1147999999971,0.37499300891044984,0.4741,0.3706,0.3634,98.7351,98.4345,98.9343,0.7908,1.1949,0.7024,0.4027,0.061938921527582555,98.7013,0.25160850542062074,0.8960333333333333,0.26257304380559215,1.2999441062765147,3.4385618295056193,0.0036731708034002135,0.37012297470372985,,,,,,,,,,,,,,,,,,,,,,,,,,,,,,,,
125,MBfR_123,,,2025-01-24 13:23:00,2025-01-27 09:39:00,9,257.87291666666715,0,1550.9,1533.8401000000001,0.3752973085389716,0.4623,0.1359,0.448,98.8851,99.1545,97.7052,0.6527,0.7096,1.8469,0.34873333333333334,0.1844577006615157,98.5816,0.7708448676614467,1.0697333333333334,0.673647105934059,1.2994211994661047,3.437178656652277,0.003671693258312218,0.36997409151465477,,,,,,,,,,,,,,,,,,,,,,,,,,,,,,,,
126,MBfR_124,,,2025-01-27 09:39:00,2025-01-28 09:20:00,,258.85972222222335,1550.9,2165.7,608.0371999999998,0.4278938775507398,0.815,0.663,0.6651,98.4104,98.2346,98.2952,0.7746,1.1024,1.0397,0.7143666666666667,0.08715734813160234,98.3134,0.08930195966494608,0.9722333333333334,0.17400294058817842,1.4774997754956967,3.9082252126015193,0.0041748787591539315,0.4206770194119691,,,,,,,,,,,,,,,,,,,,,,,,,,,,,,,,
127,MBfR_125,,,2025-01-28 09:20:00,2025-01-29 10:36:00,,259.91249999999854,2165.7,2818.7,645.817,0.4260006596316537,1.83,1.6977,1.7368,97.3004,96.6591,97.383,0.8696,1.6432,0.8802,1.7548333333333332,0.06796854664720545,97.11416666666666,0.3962574205404028,1.131,0.4436098736502606,1.4530196742876298,3.843471396502763,0.004105706867387514,0.4137069905957835,,,,,,,,,,,,,,,,,,,,,,,,,,,,,,,,
128,MBfR_126,,,2025-01-29 10:36:00,2025-01-30 11:42:00,15,260.95833333333576,2818.7,3482.6,656.5971000000001,0.44037364184945627,3.0533,3.0544,3.0748,96.3342,96.3592,96.1781,0.6152,0.5865,0.7471,3.060833333333333,0.012107986345108611,96.2905,0.09814056246017663,0.6496,0.08564817569569219,1.4893041305153,3.9394496355566,0.004208233587258946,0.4240379816050507,,,,,,,,,,,,,,,,,,,,,,,,,,,,,,,,
129,MBfR_127,,,2025-01-30 11:42:00,2025-01-31 10:54:00,,261.9250000000029,3482.6,4118.7,629.1028999999999,0.4519417385055203,3.8391,3.8045,3.8185,94.834,95.3971,95.4522,1.327,0.7625,0.7293,3.8207,0.017404597093871602,95.22776666666668,0.34212299445277317,0.9396,0.3359086631809305,1.5115575484565165,3.998313515272076,0.004271113679305112,0.4303740242133137,,,,,,,,,,,,,,,,,,,,,,,,,,,,,,,,
130,MBfR_128,,,2025-01-31 10:54:00,2025-02-03 08:30:00,21,264.8249999999971,4118.7,5949.7,1810.859,0.43582647412843634,4.8852,4.9005,4.913,94.0497,93.7173,94.0584,1.0651,1.3823,1.0286,4.899566666666667,0.01392348136542488,93.9418,0.19447136035931378,1.1586666666666667,0.19453010906626597,1.4379742876312533,3.80367392212138,0.004063194058778869,0.4094232346727874,,,,,,,,,,,,,,,,,,,,,,,,,,,,,,,,
131,MBfR_129,,,2025-02-03 08:30:00,2025-02-04 10:23:00,,265.90347222222044,5949.7,6616.8,659.7619000000003,0.4248305859622073,7.4212,7.3403,7.1474,92.5788,92.6597,92.3029,0,0.0,0.5497,7.302966666666666,0.1406660702988936,92.51379999999999,0.18707033436651968,0.18323333333333333,0.31736944297353725,1.3803872264285426,3.651346857004532,0.003900473899625792,0.39302691863590444,,,,,,,,,,,,,,,,,,,,,,,,,,,,,,,,
132,MBfR_130,,,2025-02-04 10:23:00,2025-02-05 09:32:00,,266.86805555555475,6616.8,7196.5,573.3232999999998,0.41275975521916713,5.1441,5.0307,5.0584,94.8559,94.9693,94.9416,0,0.0,0.0,5.077733333333334,0.05912041384609306,94.92226666666666,0.05912041384609082,0,0,1.3760812643419962,3.6399568927756025,0.0038883068117175628,0.39180091554181834,,,,,,,,,,,,,,,,,,,,,,,,,,,,,,,,
133,MBfR_131,,,2025-02-05 09:32:00,2025-02-06 11:34:00,13,267.95277777777665,7196.5,7892.3,688.1462000000001,0.4442519044546204,3.3448,3.4292,3.3448,96.6552,96.2972,94.1251,0,0.2736,2.5301,3.3729333333333336,0.04872836271960418,95.6925,1.3691596218118582,0.9345666666666667,1.3885277106825535,1.493089476305225,3.9494624857105953,0.004218929602240815,0.4251157536702377,,,,,,,,,,,,,,,,,,,,,,,,,,,,,,,,
134,MBfR_132,,,2025-02-06 11:34:00,2025-02-07 11:31:00,,268.9506944444438,7892.3,8491.6,592.7077000000002,0.41246186499632015,3.2911,3.1941,3.1767,96.1168,96.8059,96.8233,0.592,0.0,0.0,3.2206333333333337,0.06164295039445585,96.582,0.40296894421282703,0.19733333333333333,0.3417913593602584,1.3991318111440831,3.7009293068972524,0.00395343930095847,0.39836391845074587,,,,,,,,,,,,,,,,,,,,,,,,,,,,,,,,
135,MBfR_133,,,2025-02-07 11:31:00,2025-02-10 10:35:00,,271.91180555555184,8491.6,10250.2,1739.2554000000002,0.4078929174488285,1.8565,1.7772,1.6901,97.4292,96.107,97.4702,0.7143,2.1158,0.8397,1.7746000000000002,0.08323046317304746,97.00213333333333,0.7754792152813215,1.2232666666666667,0.7754953922063836,1.3896520916169457,3.675853919760953,0.003926653050054774,0.3956648316409359,,,,,,,,,,,,,,,,,,,,,,,,,,,,,,,,
136,MBfR_134,,,2025-02-10 10:35:00,2025-02-11 11:39:00,14,272.9562500000029,10250.2,10883.2,626.037,0.42015906039999273,0.7966,0.8334,0.7104,98.9546,99.1278,98.262,0.2488,0.0388,1.0276,0.7801333333333332,0.0631317141643828,98.78146666666667,0.4581307382541917,0.43839999999999996,0.5209534336195513,1.4576989423469222,3.8558488152402464,0.004118928782648092,0.4150392821959987,,,,,,,,,,,,,,,,,,,,,,,,,,,,,,,,
137,MBfR_135,,,2025-02-11 11:39:00,2025-02-12 10:45:00,,273.9187499999971,10883.2,11580.5,689.6296999999993,0.49756832612133467,1.2009,1.1848,1.1655,97.8584,95.7881,95.9661,0.9407,3.0271,2.8684,1.1837333333333333,0.01772408906921129,96.53753333333333,1.1473611303043776,2.2787333333333333,1.1614845342635145,1.687048467578314,4.462515301336185,0.00476698739977332,0.4803401886854921,,,,,,,,,,,,,,,,,,,,,,,,,,,,,,,,
138,MBfR_136,,,2025-02-12 10:45:00,2025-02-13 10:38:00,,274.91388888889196,11580.5,12322.5,733.838,0.5120990928092033,2.4965,2.3586,2.334,94.9518,94.7529,95.079,2.5517,2.8885,2.5871,2.3963666666666668,0.08758597680755376,94.92790000000001,0.16435848015846252,2.6757666666666666,0.18508077515866786,1.7073655541484682,4.516257272263689,0.004824396121301667,0.48612491472282776,,,,,,,,,,,,,,,,,,,,,,,,,,,,,,,,
139,MBfR_137,,,2025-02-13 10:38:00,2025-02-14 11:18:00,,275.9416666666657,12322.5,13163.4,831.6500999999996,0.561925743245453,5.5532,5.4825,5.3571,94.1464,94.2882,93.4844,0.3004,0.2353,1.1585,5.464266666666667,0.09931335928933914,93.973,0.4290387861254552,0.5647333333333334,0.5152461968159817,1.854644412995296,4.905833608568202,0.0052405527865477,0.5280584787000495,,,,,,,,,,,,,,,,,,,,,,,,,,,,,,,,
140,MBfR_138,,,2025-02-14 11:18:00,2025-02-17 10:40:00,10,278.9152777777781,13163.4,15639.4,2448.764,0.5732125468162295,8.4322,8.1544,8.2471,89.3533,89.7912,89.3601,2.2155,3.0544,2.3928,8.2779,0.14143793691934248,89.50153333333333,0.2508817317648563,2.554233333333333,0.44213554859718446,1.8018755777311959,4.766251528192195,0.005091447187248727,0.5130340186595765,,,,,,,,,,,,,,,,,,,,,,,,,,,,,,,,
141,MBfR_139,,,2025-02-17 10:40:00,2025-02-18 10:37:00,,279.91319444444525,15639.4,16434,785.8594000000004,0.5468750173970901,8.1523,8.0912,8.0019,90.2657,90.4699,90.3122,1.5819,1.4389,1.6859,8.0818,0.07563934161532673,90.34926666666667,0.10702739524688538,1.5689000000000002,0.12401209618420288,1.7353670674003085,4.5903257911879125,0.004903518246961587,0.4940975678014767,,,,,,,,,,,,,,,,,,,,,,,,,,,,,,,,
142,MBfR_140,,,2025-02-18 10:37:00,2025-02-19 10:54:00,,280.9250000000029,16434,17220.2,777.5518000000008,0.5336663006165995,5.2895,5.5341,5.4136,92.6092,93.7393,93.5553,2.1013,0.7266,1.0311,5.412399999999999,0.12230441529233485,93.30126666666666,0.6063672182212139,1.2863333333333333,0.7220166641659551,1.7487831275066756,4.625813434049916,0.004941427169384817,0.49791741824842844,,,,,,,,,,,,,,,,,,,,,,,,,,,,,,,,
143,MBfR_141,,,2025-02-19 10:54:00,2025-02-20 11:18:00,11,281.9416666666657,17220.2,18020.8,791.7933999999985,0.5449369580199888,3.2987,3.3422,3.3155,95.5455,95.8231,95.5427,1.1557,0.8347,1.1418,3.3188,0.02193695512143828,95.63709999999999,0.16108680889507787,1.0440666666666667,0.18145000229631503,1.8304222951441218,4.8417622000586436,0.00517210986222667,0.5211619034785346,,,,,,,,,,,,,,,,,,,,,,,,,,,,,,,,
144,MBfR_142,,,2025-02-20 11:18:00,2025-02-21 10:09:00,,282.8937500000029,18020.8,18915.4,884.7594000000022,0.645338730850763,3.2834,3.2696,3.3431,96.2082,95.3745,95.3082,0.5083,1.3559,1.3486,3.2987,0.0390657138677896,95.63029999999999,0.501572756437193,1.0709333333333333,0.48726843047065277,2.1675138649596075,5.733423771828639,0.006124608439927216,0.6171393643287771,,,,,,,,,,,,,,,,,,,,,,,,,,,,,,,,
145,MBfR_143,,,2025-02-21 10:09:00,2025-02-24 10:57:00,,285.92708333333576,18915.4,22113.3,3162.723099999998,0.7240666437730091,10.9822,11.1045,10.9166,89.0178,88.5698,89.0115,0,0.3257,0.0719,11.001100000000001,0.09536514038158758,88.86636666666668,0.25685358345433285,0.13253333333333334,0.1711064678302177,2.2599279871598617,5.9778740305518925,0.006385737248349713,0.6434517185663495,,,,,,,,,,,,,,,,,,,,,,,,,,,,,,,,
146,MBfR_144,,,2025-02-24 10:57:00,2025-02-25 10:57:00,10,286.92708333333576,22113.3,23125.7,1001.2636000000015,0.7001843356643367,14.0934,14.2894,14.173,85.4666,85.269,85.2353,0.44,0.4416,0.5917,14.185266666666669,0.09857410072292476,85.32363333333333,0.12495408490054823,0.49110000000000004,0.08712582854699293,2.0982651461373933,5.550249741395686,0.005928936663792773,0.5974227152196745,,,,,,,,,,,,,,,,,,,,,,,,,,,,,,,,
147,MBfR_145,,,2025-02-25 10:57:00,2025-02-26 09:57:00,,287.88541666666424,23125.7,24048.9,913.0448000000007,0.661626666670016,9.6467,9.6751,9.5417,89.6345,89.0408,89.1563,0.7188,1.2841,1.302,9.621166666666667,0.07026986077496737,89.2772,0.3147737759089847,1.1016333333333332,0.3316641725199355,2.0745896047246486,5.487624115723264,0.005862038166348077,0.5906817624563235,,,,,,,,,,,,,,,,,,,,,,,,,,,,,,,,
148,MBfR_146,,,2025-02-26 09:57:00,2025-02-27 10:30:00,9,288.90833333333285,24048.9,25017.3,957.7475999999979,0.654199180326619,7.1414,6.9143,6.831,90.9265,90.3903,90.2864,1.9321,2.6949,2.8826,6.962233333333334,0.16065566698169498,90.5344,0.343519446320004,2.5032,0.5034125842686099,2.080186429042967,5.502428618758816,0.005877852762974613,0.5922753027136225,,,,,,,,,,,,,,,,,,,,,,,,,,,,,,,,
149,MBfR_147,,,2025-02-27 10:30:00,2025-02-28 11:15:00,,289.93958333333285,25017.3,26067.3,1038.45,0.6992929292929293,4.7006,4.7006,4.7006,91.8072,91.8072,91.8072,3.4922,3.4922,3.4922,4.7006,0,91.80720000000001,1.7404671430534633e-14,3.4922,0,2.2548336872727277,5.964398785689149,0.006371342603596265,0.6420012581818183,,,,,,,,,,,,,,,,,,,,,,,,,,,,,,,,
150,MBfR_148,,,2025-02-28 11:15:00,2025-03-03 10:56:00,10,292.92638888888905,26067.3,28934.5,2835.6608000000006,0.6608391517127441,5.7256,5.5063,5.6275,93.2194,92.0261,93.4779,1.055,2.4676,0.8946,5.619800000000001,0.1098525830374505,92.9078,0.774436395064179,1.4723999999999997,0.8655918899804922,2.156386363533563,5.703989735798457,0.006093166154712342,0.6139711173949728,,,,,,,,,,,,,,,,,,,,,,,,,,,,,,,,
151,MBfR_149,,,2025-03-03 10:56:00,2025-03-04 16:33:00,,294.1604166666657,28934.5,30194.1,1245.7443999999984,0.7010379290946207,5.6367,5.434,5.4184,93.0818,92.3663,92.3734,1.2815,2.1997,2.2028,5.496366666666667,0.12178227840426271,92.60716666666667,0.41105985371151743,1.8946666666666667,0.5310201722470929,2.2801569836249116,6.031382988943315,0.0064428970591744565,0.649211363393204,,,,,,,,,,,,,,,,,,,,,,,,,,,,,,,,
152,MBfR_150,,,2025-03-04 16:33:00,2025-03-05 11:00:00,,294.9291666666686,30194.1,30984.4,781.6067000000029,0.7060584462484587,6.4369,6.5021,6.5242,92.101,92.9517,93.3173,1.462,0.5462,0.1585,6.487733333333334,0.045388581530307545,92.79,0.6240645719795369,0.7222333333333334,0.6693421123262253,2.301020367010928,6.086570003061166,0.006501849417467131,0.6551516322739448,,,,,,,,,,,,,,,,,,,,,,,,,,,,,,,,
153,MBfR_151,,,2025-03-05 11:00:00,2025-03-06 10:02:00,10,295.8888888888905,30984.4,32056.6,1060.405799999997,0.7728905247816013,7.0315,7.101,6.9012,92.1189,92.1966,92.7797,0.8496,0.7024,0.3191,7.011233333333333,0.10143009086722397,92.36506666666666,0.36117852003314904,0.6237,0.27386644555330286,2.5072888336678565,6.632183366476267,0.007084689330143496,0.7138808484748758,,,,,,,,,,,,,,,,,,,,,,,,,,,,,,,,
154,MBfR_152,,,2025-03-06 10:02:00,2025-03-06 14:46:00,,296.08611111110804,32056.6,32375.8,315.6888000000007,1.111580281716571,10.7243,10.5398,10.5774,87.3171,87.1098,87.5667,1.9586,2.3504,1.8559,10.613833333333334,0.09749668370428441,87.33120000000001,0.22877611326359634,2.0549666666666666,0.2609549067048447,3.4094858891231845,9.018640093809713,0.009633971154655448,0.9707563989864622,,,,,,,,,,,,,,,,,,,,,,,,,,,,,,,,
155,MBfR_153,,,2025-03-06 14:46:00,2025-03-07 10:09:00,,296.8937500000029,32375.8,33240.2,854.8915999999979,0.7350744625912858,12.2975,12.204,12.3828,74.5257,74.0035,74.5398,13.1768,13.7925,13.0774,12.294766666666666,0.08943133306248564,74.35633333333334,0.3056439486286821,13.3489,0.387370378320284,1.9196760034627385,5.077852654320792,0.005424308486696917,0.5465744176525852,,,,,,,,,,,,,,,,,,,,,,,,,,,,,,,,
156,MBfR_154,,,2025-03-07 10:09:00,2025-03-10 10:17:00,9,299.89930555555475,33240.2,36130.2,2858.21,0.6617758740457383,5.4898,5.4131,5.4148,87.4335,87.3195,87.3526,7.0767,7.2674,7.2326,5.439233333333333,0.043800266361442734,87.36853333333333,0.058646426432757554,7.192233333333334,0.10155650315628915,2.0306945857437975,5.3715147106771415,0.005738006755030716,0.5781838751076089,,,,,,,,,,,,,,,,,,,,,,,,,,,,,,,,
157,MBfR_155,,,2025-03-10 10:17:00,2025-03-11 12:55:00,,301.0090277777781,36130.2,37243.7,1101.2515,0.6891436170205738,3.8788,3.7479,3.8167,93.9152,91.7975,93.1783,2.2061,4.4547,3.005,3.8144666666666667,0.06547857155843684,92.96366666666665,1.075041358894313,3.2219333333333338,1.139888390735397,2.250098956032993,5.9518746578937245,0.00635796396949364,0.640653174981616,,,,,,,,,,,,,,,,,,,,,,,,,,,,,,,,
158,MBfR_156,,,2025-03-11 12:55:00,2025-03-12 11:05:00,14,301.9326388888876,37243.7,38125.7,872.298,0.6628404255330876,3.7284,3.6955,3.6938,94.5836,94.3738,94.16,1.6881,1.9308,2.1462,3.7058999999999997,0.019504102132628504,94.37246666666665,0.21180314760015945,1.9217000000000002,0.2291855361928409,2.1970145314164453,5.811457792778984,0.0062079666290885075,0.6255388596394045,,,,,,,,,,,,,,,,,,,,,,,,,,,,,,,,
159,MBfR_157,,,2025-03-12 11:05:00,2025-03-13 10:01:00,9,302.8881944444438,38125.7,39031.7,896.034,0.6554747622526624,3.9295,3.816,3.768,94.6974,94.5759,94.9659,1.3731,1.6081,1.2661,3.8378333333333337,0.08293421087424267,94.7464,0.1995638995409747,1.4157666666666666,0.1749466585372053,2.1812092336728233,5.769650231005532,0.006163306587221622,0.6210387401429566,,,,,,,,,,,,,,,,,,,,,,,,,,,,,,,,
160,MBfR_158,,,2025-03-13 10:01:00,2025-03-14 12:54:00,,304.0083333333314,39031.7,40314.8,1268.9859000000058,0.7867240545576387,4.7537,4.7003,4.7018,94.6781,95.1187,95.188,0.5682,0.181,0.1102,4.7186,0.030406742673295264,94.99493333333334,0.27656489895381536,0.2864666666666667,0.24654292391657345,2.6248319688971447,6.943103917727932,0.007416823619902339,0.7473479911443259,,,,,,,,,,,,,,,,,,,,,,,,,,,,,,,,
161,MBfR_159,,,2025-03-14 12:54:00,2025-03-17 09:37:00,,306.87152777777374,40314.8,43651.9,3300.3918999999987,0.80048311908863,5.8326,5.9738,5.9423,91.7694,92.8558,92.8224,2.398,1.1703,1.2353,5.9162333333333335,0.07412127449884622,92.48253333333334,0.6178173300687927,1.6011999999999997,0.6908139619318658,2.600102871004737,6.877691465238337,0.0073469481537694155,0.7403070674388487,,,,,,,,,,,,,,,,,,,,,,,,,,,,,,,,
162,MBfR_160,,,2025-03-17 09:37:00,2025-03-18 09:49:00,9,307.8798611111124,43651.9,44881.6,1216.1732999999972,0.8428089397044501,6.1936,5.8702,6.0533,93.6332,91.4511,92.9151,0.1732,2.6787,1.0316,6.039033333333333,0.16217133943250697,92.66646666666666,1.1120944219504647,1.2945,1.2732713261516575,2.7430288337850537,7.255753689366916,0.00775080511269381,0.7810012651749111,,,,,,,,,,,,,,,,,,,,,,,,,,,,,,,,
163,MBfR_161,,,2025-03-18 09:49:00,2025-03-19 10:52:00,,308.9236111111095,0,1234.7,1221.1183,0.8124539587514338,6.1562,6.3364,6.2839,93.8438,93.5443,93.4101,0,0.1193,0.306,6.258833333333333,0.09267827864895496,93.5994,0.2220381273565422,0.14176666666666668,0.15423217347017232,2.6708559125886073,7.064844672008574,0.007546870600698339,0.7604520306675896,,,,,,,,,,,,,,,,,,,,,,,,,,,,,,,,
164,MBfR_162,,,2025-03-19 10:52:00,2025-03-20 10:22:00,,309.90277777777374,1234.7,2367.8,1120.6359000000002,0.7947772340445219,5.775,5.6108,5.7744,94.0569,94.3892,94.0948,0.1682,0.0,0.1309,5.720066666666667,0.09462818466679643,94.1803,0.18190247386992872,0.0997,0.08833396855117515,2.6289608781242912,6.954025548586835,0.007428490420613091,0.7485235833548329,,,,,,,,,,,,,,,,,,,,,,,,,,,,,,,,
165,MBfR_163,,,2025-03-20 10:22:00,2025-03-21 12:05:00,21,310.97430555555184,2367.8,4253.7,1865.1550999999997,1.2254632720101373,13.4799,13.2143,13.448,83.1668,83.3273,83.0633,3.3533,3.4584,3.4887,13.380733333333334,0.14501532102965353,83.1858,0.13302161478496444,3.4334666666666664,0.07106013884966274,3.580371839512305,9.470660994838997,0.010116832902825943,1.019411426527809,,,,,,,,,,,,,,,,,,,,,,,,,,,,,,,,
166,MBfR_164,,,2025-03-21 12:05:00,2025-03-24 10:38:00,11,313.91388888889196,4253.7,9134.8,4827.407899999999,1.1433936286093838,20.3616,21.9661,21.0697,75.8133,74.8615,75.977,3.8251,3.1725,2.9534,21.13246666666667,0.8040894249605168,75.5506,0.6023649475193561,3.317,0.4534593807608308,3.0339772569699317,8.02535919585595,0.008572919885304425,0.8638407467761611,,,,,,,,,,,,,,,,,,,,,,,,,,,,,,,,
167,MBfR_165,,,2025-03-24 10:38:00,2025-03-25 10:02:00,,314.8888888888905,9134.8,10704.3,1552.2355,1.1055808404574905,19.6407,19.7305,19.6476,77.4725,77.048,76.8726,2.8868,3.2215,3.4798,19.672933333333333,0.04997342627170274,77.13103333333333,0.3084491908456409,3.1960333333333337,0.2973191270896195,2.9950100835987996,7.922284737261343,0.008462812779293645,0.8527459265802138,,,,,,,,,,,,,,,,,,,,,,,,,,,,,,,,
168,MBfR_166,,,2025-03-25 10:02:00,2025-03-26 10:05:00,14,315.89097222222335,10704.3,12211.4,1490.5219000000004,1.0430524142762274,16.7701,16.6194,16.5613,80.1277,80.1698,80.4275,3.1022,3.2107,3.0111,16.650266666666667,0.10776791421073972,80.24166666666667,0.16230718817517675,3.108,0.09992632285839413,2.9395761064582815,7.775652926760616,0.008306176455188804,0.8369626414221496,,,,,,,,,,,,,,,,,,,,,,,,,,,,,,,,
169,MBfR_167,,,2025-03-26 10:05:00,2025-03-27 10:26:00,10,316.9055555555533,12211.4,13749.7,1521.3787000000011,1.0485035837388887,14.3818,14.3995,13.2356,82.7176,82.9302,81.9217,2.9006,2.6703,4.8427,14.005633333333334,0.6669271499446798,82.52316666666667,0.5316213909666664,3.4711999999999996,1.1933225506961653,3.0389561909203304,8.038529279208614,0.0085869885477418,0.8652583599148161,,,,,,,,,,,,,,,,,,,,,,,,,,,,,,,,
170,MBfR_168,,,2025-03-27 10:26:00,2025-03-28 09:38:00,,317.87222222222044,13749.7,15277.2,1510.6975,1.085271192528191,13.7328,16.1533,15.8705,80.8812,81.5576,81.4435,5.3805,2.2892,2.686,15.2522,1.3234146100145647,81.2941,0.36210428056016614,3.4518999999999997,1.681958985825755,3.098674355795333,8.196493457265076,0.008755730433329336,0.88226144852506,,,,,,,,,,,,,,,,,,,,,,,,,,,,,,,,
171,MBfR_169,,,2025-03-28 09:38:00,2025-03-31 09:28:00,,320.8652777777752,15277.2,20089.5,4759.364699999999,1.1042609512764001,16.6327,16.5699,16.7316,80.4738,79.9185,80.2502,2.8935,3.5147,3.0182,16.644733333333335,0.08151885262522603,80.21416666666666,0.27939814482801145,3.1421333333333337,0.32862130687667424,3.1110101381564617,8.229123591252577,0.00879058688245451,0.8857737198917702,,,,,,,,,,,,,,,,,,,,,,,,,,,,,,,,
172,MBfR_170,,,2025-03-31 09:28:00,2025-04-01 09:36:00,13,321.8708333333343,20089.5,21626.2,1519.7963000000007,1.0590914982540598,17.3868,16.5718,16.227,79.1357,80.6254,80.5556,3.4775,2.8208,3.2174,16.728533333333335,0.5955736842182786,80.10556666666666,0.8406539260202929,3.1719000000000004,0.3307059267687834,2.9797155963918605,7.881828351746211,0.008419596102830204,0.8483912461949046,,,,,,,,,,,,,,,,,,,,,,,,,,,,,,,,
173,MBfR_171,,,2025-04-01 09:36:00,2025-04-02 10:03:00,,322.88958333332994,21626.2,23266,1621.7621999999992,1.1054957055262091,15.9348,15.8122,15.7737,81.2015,81.0229,81.0291,2.8637,3.1649,3.1971,15.840233333333332,0.08412908732022027,81.0845,0.10137238282687791,3.0752333333333333,0.18389935653322248,3.1482813612201332,8.327711987743578,0.008895901847693002,0.896385665347399,,,,,,,,,,,,,,,,,,,,,,,,,,,,,,,,
174,MBfR_172,,,2025-04-02 10:03:00,2025-04-03 11:20:00,36,323.94305555555184,23266,24872.6,1588.9273999999984,1.0728746792710993,15.3565,15.4982,15.021,81.0085,81.1789,80.8829,3.6351,3.3229,4.0961,15.2919,0.24507107132421801,81.02343333333333,0.1485639705087753,3.6847,0.3889790225706264,3.053080626179472,8.075890688603764,0.008626899081554675,0.8692799005094329,,,,,,,,,,,,,,,,,,,,,,,,,,,,,,,,
175,MBfR_173,,,2025-04-03 11:20:00,2025-04-04 10:36:00,,324.91249999999854,24872.6,26183.4,1296.3812000000028,0.9286398280780629,16.0159,16.0428,15.7854,81.1927,80.997,81.4228,2.7914,2.9602,2.7918,15.948033333333333,0.14148534670888477,81.20416666666667,0.213131469598772,2.8478,0.09734146084788337,2.648526089182444,7.005778687514852,0.007483774614505872,0.754094233725557,,,,,,,,,,,,,,,,,,,,,,,,,,,,,,,,
176,MBfR_174,,,2025-04-04 10:36:00,2025-04-07 09:46:00,,327.87777777777956,26183.4,30786.3,4552.2680999999975,1.0661049414508275,14.8549,14.8414,14.6878,82.5996,82.6787,82.6545,2.5455,2.4799,2.6577,14.7947,0.09282386546573097,82.64426666666667,0.04053077020405299,2.5610333333333335,0.089912031082238,3.0945059499832945,8.185467351568713,0.00874395202958753,0.8810746107591324,,,,,,,,,,,,,,,,,,,,,,,,,,,,,,,,
177,MBfR_175,,,2025-04-07 09:46:00,2025-04-08 09:12:00,12,328.85416666666424,30786.3,32311.4,1508.3239000000021,1.0820114060305253,10.8417,11.0327,10.7473,86.2431,86.0642,86.3266,2.9151,2.9031,2.9261,10.8739,0.14539917468816715,86.2113,0.13405920333941979,2.9147666666666665,0.011503622617824998,3.276232153594048,8.66616247079716,0.009257444403677186,0.9328160992871942,,,,,,,,,,,,,,,,,,,,,,,,,,,,,,,,
178,MBfR_176,,,2025-04-08 09:12:00,2025-04-09 09:23:00,,329.8618055555562,32311.4,33907.9,1578.9385,1.0881726395556073,15.6603,15.4055,15.5093,81.6131,81.6891,81.9272,2.7267,2.9055,2.5635,15.525033333333333,0.12812655202311998,81.74313333333333,0.16387313182255656,2.7319,0.17105928796765177,3.124120079937224,8.26380150176943,0.008827630825460108,0.8895064116487928,,,,,,,,,,,,,,,,,,,,,,,,,,,,,,,,
179,MBfR_177,,,2025-04-09 09:23:00,2025-04-10 11:13:00,12,330.9381944444467,33907.9,35518.4,1592.7845,1.0356206111817872,15.202,15.08,15.6373,81.7155,81.7637,81.147,3.0825,3.1563,3.2157,15.306433333333333,0.29296000295831043,81.54206666666666,0.34298551475730304,3.1515,0.06672960362537754,2.9659309434740853,7.84536572144758,0.008380645670740006,0.8444664491835936,,,,,,,,,,,,,,,,,,,,,,,,,,,,,,,,
