,Unnamed: 0,Unnamed: 1,1.818,Butyrate to COD,REACTOR,Detection Limit (mg/L),0.33,Unnamed: 7,Unnamed: 8,0,59.04,73.07,88.11,Unnamed: 13,Unnamed: 14,Unnamed: 15,Unnamed: 16,Unnamed: 17,Unnamed: 18,Unnamed: 19,Unnamed: 20,WASTE,Unnamed: 22,Unnamed: 23,Unnamed: 24,Unnamed: 25,Unnamed: 26,Unnamed: 27,Unnamed: 28,Unnamed: 29,Unnamed: 30,Unnamed: 31,Unnamed: 32,Unnamed: 33,Unnamed: 34,MEDIA,Unnamed: 36,Unnamed: 37,Unnamed: 38,Unnamed: 39,Unnamed: 40,Unnamed: 41,Unnamed: 42,Unnamed: 43,Unnamed: 44,Unnamed: 45,Unnamed: 46,Unnamed: 47,Unnamed: 48,Unnamed: 49,Unnamed: 50,Unnamed: 51,Unnamed: 52,Unnamed: 53,Unnamed: 54,Unnamed: 55,Unnamed: 56,Unnamed: 57,Unnamed: 58,Unnamed: 59,Unnamed: 60,Unnamed: 61,Unnamed: 62,Unnamed: 63,Unnamed: 64,Unnamed: 65,Unnamed: 66,Unnamed: 67,Unnamed: 68,Unnamed: 69,Unnamed: 70,Unnamed: 71,Unnamed: 72,Unnamed: 73,Unnamed: 74,Unnamed: 75,Unnamed: 76,Unnamed: 77,Unnamed: 78,Unnamed: 79,Unnamed: 80,Unnamed: 81,Unnamed: 82,Unnamed: 83,Unnamed: 84
0,Conversion factors,,1.067,Acetate to COD,Sampling Date/Time,Days Since Inoculation,Dilution,Raw Acetate,Raw Propionate,Raw Butyrate,Acetate (mg/L),Propionate (mg/L),Butyrate (mg/L),Acetate (mol/L),Propionate (mol/L),Butyrate (mol/L),Total (mg COD/L),Acetate (mmol C/L),Propionate (mmol C/L),Butyrate(mmol C/L),,Sampling Date/Time,Days Since Inoculation,Dilution,Raw Acetate,Raw Propionate,Raw Butyrate,Acetate (mg/L),Propionate (mg/L),Butyrate (mg/L),Acetate (mol/L),Propionate (mol/L),Butyrate (mol/L),Total (mg COD/L),,Sampling Date/Time,Days of Operation,Dilution,Raw Acetate,Raw Propionate,Raw Butyrate,Acetate (mg/L),Propionate (mg/L),Butyrate (mg/L),Acetate (mol/L),Propionate (mol/L),Butyrate (mol/L),Total (mg COD/L),,Description,Dilution,Replicates,Av,stdev,Av,stdev,Location of Raw Results,Sample ID in location,,,Sample ID,Sampling Date/Time,Days Since Inoculation,Analysis Date,Description,Dilution,Replicates,Av,stdev,Location of Raw Results,Sample ID in location,,Sample ID,Sampling Date/Time,Days Since Inoculation,Analysis Date,Description,Dilution,Replicates,Av,stdev,,,Location of Raw Results,Sample ID in location
1,,,1.514,Propionate to COD,2024-05-14 13:43:00,0.04236111111094942,10,150.74633333333335,9.924333333333335,,1507.4633333333336,99.24333333333335,,0.025532915537488713,0.0013581953378039326,,1758.7177833333335,51.065831074977424,4.074586013411798,,,2024-05-14 13:43:00,0.04236111111094942,10,209.968,13.586666666666666,,2099.68,135.86666666666667,,0.035563685636856364,0.0018594042242598423,,2446.060693333333,,2024-05-15 00:00:00,0.47083333333284827,10,209.16200000000003,16.433333333333334,,2091.6200000000003,164.33333333333334,,0.03542716802168022,0.002248984991560604,,2480.559206666667,,Reactor body liquid sample,10,3,700.9834333333333,0.5207936534111496,,,,,,,W_01,2024-05-14 13:43:00,0.04236111111094942,2024-05-14 00:00:00,Waste liquid sample,10,3,,,,,,M_01,2024-05-15 00:00:00,0.47083333333284827,2024-05-15 00:00:00,Media sample,10,3,,,,,,
2,Start Date,,2024-05-14 12:42:00,,2024-05-20 10:30:00,5.908333333332848,10,0,0,,0,0,,0,0,,0,0,0,,,2024-05-20 10:30:00,5.908333333332848,10,94.01333333333332,10.623666666666667,,940.1333333333332,106.23666666666666,,0.015923667570009032,0.0014539026504265316,,1163.9645799999998,,2024-05-20 10:30:00,5.908333333332848,10,88.93,18.073,,889.3000000000001,180.73000000000002,,0.015062669376693769,0.00247338168879157,,1222.50832,,Reactor body liquid sample,10,3,954.3603666666666,6.832044687480708,,,,,,,W_03,2024-05-20 10:30:00,5.908333333332848,2024-05-20 00:00:00,Waste liquid sample,10,3,,,,,,M_02,2024-05-20 10:30:00,5.908333333332848,2024-05-20 00:00:00,Media sample,10,3,,,,,,
3,,,,,2024-05-22 00:00:00,7.470833333332848,10,413.0376666666666,10.401666666666666,,4130.376666666666,104.01666666666665,,0.06995895438121047,0.0014235208247798913,,4564.5931366666655,139.91790876242095,4.270562474339674,,WW,2024-05-22 00:00:00,7.470833333332848,10,389.1893333333333,10.117666666666667,,3891.893333333333,101.17666666666666,,0.06591960252935862,0.0013846539847634687,,4305.831659999999,,2024-05-28 00:00:00,13.470833333332848,10,206.64066666666668,17.096666666666668,,2066.4066666666668,170.96666666666667,,0.035000112917795846,0.0023397655216459102,,2463.6994466666665,,,,,,,,,,,,,W_o4,2024-05-22 00:00:00,7.470833333332848,,Waste liquid sample,10,3,,,,,,,,,,,,,,,,,,
4,,,,,2024-05-23 10:57:00,8.927083333335759,30,94.14633333333335,4.443333333333333,,2824.3900000000003,133.3,,0.04783858401084012,0.0018242780895032162,,3215.4403300000004,95.67716802168023,5.472834268509649,,,2024-05-23 10:57:00,8.927083333335759,30,94.72233333333332,4.469333333333333,,2841.6699999999996,134.07999999999998,,0.04813126693766937,0.001834952785000684,,3235.0590099999995,,2024-06-25 10:38:00,41.91388888889196,10,76.22233333333334,27.701333333333334,,762.2233333333334,277.0133333333333,,0.012910286811201446,0.003791067925733315,,1232.6904833333333,,Reactor body liquid sample,30,3,,,,,,,,,W_05,2024-05-23 10:57:00,8.927083333335759,2024-05-23 00:00:00,Waste liquid sample,30,3,,,,,,,,,,,,,,,,,,
5,,,,,2024-05-28 00:00:00,13.470833333332848,30,79.27533333333332,3.760666666666667,,2378.2599999999998,112.82000000000001,,0.04028218157181571,0.0015439989051594363,,2708.4128999999994,80.56436314363143,4.631996715478309,,,2024-05-28 00:00:00,13.470833333332848,30,77.718,3.705666666666667,,2331.54,111.17000000000002,,0.039490853658536586,0.0015214178185301767,,2656.06456,,2024-07-02 09:17:00,48.857638888890506,10,92.892,30.104,,928.92,301.03999999999996,,0.015733739837398373,0.004119885041740796,,1446.9321999999997,,,,,,,,,,,,,,,,,,,,,,,,,,,,,,,,,,,,,
6,,,,,2024-05-29 00:00:00,14.470833333332848,30,65.81633333333333,0.23,,1974.49,0,,0.033443258807588076,0,,2106.7808299999997,66.88651761517615,0,,,2024-05-29 00:00:00,14.470833333332848,30,65.54433333333334,0.308,,1966.3300000000002,1e-10,,0.03330504742547426,1.368550704803613e-15,,2098.0741100001514,,2024-07-05 12:25:00,51.98819444444234,10,90.97633333333333,23.641333333333336,,909.7633333333333,236.41333333333336,,0.015409270551038844,0.0032354363395830487,,1328.6472633333333,,,,,,,,,,,,,,,,,,,,,,,,,,,,,,,,,,,,,
7,,,,,2024-06-25 10:38:00,41.91388888889196,20,2.9006666666666665,19.709,,58.01333333333333,394.18,,0.0009826106594399277,0.0053945531681948815,,658.6887466666667,1.9652213188798553,16.183659504584643,,,2024-06-25 10:38:00,41.91388888889196,20,25.367,12.123666666666667,,507.34000000000003,242.47333333333333,,0.008593157181571815,0.003318370512294147,,908.4364066666667,,2024-07-09 09:02:00,55.84722222221899,10,96.92349999999999,27.6265,,969.2349999999999,276.265,,0.016416581978319782,0.0037808266046257012,,1452.4389549999999,,,,,,,,,,,,,,,,,,,,,,,,,,,,,,,,,,,,,
8,,,,,2024-06-27 00:00:00,43.47083333333285,20,1.61,0,,32.2,0,,0.0005453929539295393,0,,34.3574,1.0907859078590787,0,,,2024-06-27 00:00:00,43.47083333333285,20,13.941333333333333,0,,278.82666666666665,1e-10,,0.0047226738934056005,1.368550704803613e-15,,297.50805333348467,,2024-07-12 09:33:00,58.868750000001455,10,89.214,21.962000000000003,,892.14,219.62000000000003,,0.015110772357723576,0.0030056110578896953,,1284.41806,,,,,,,,,,,,,,,,,,,,,,,,,,,,,,,,,,,,,
9,,,,,2024-07-02 09:17:00,48.857638888890506,20,0.9693333333333335,20.406000000000002,,19.38666666666667,408.12000000000006,,0.0003283649503161699,0.005585329136444506,,638.5792533333334,0.6567299006323397,16.755987409333517,,,2024-07-02 09:17:00,48.857638888890506,20,1.5376666666666665,21.258666666666667,,30.75333333333333,425.17333333333335,,0.0005208897922312556,0.0058187126499703486,,676.5262333333334,,2024-07-15 10:30:00,61.90833333333285,20,45.8545,12.7085,,917.09,254.17000000000002,,0.015533367208672088,0.0034784453263993435,,1363.34841,,,,,,,,,,,,,,,,,,,,,,,,,,,,,,,,,,,,,
10,,,,,2024-07-05 12:25:00,51.98819444444234,20,1.2206666666666666,22.655666666666665,,24.41333333333333,453.1133333333333,,0.0004135049683830171,0.006201085716892477,,712.0626133333333,0.8270099367660342,18.60325715067743,,,2024-07-05 12:25:00,51.98819444444234,20,0.9676666666666667,21.20566666666667,,19.35333333333333,424.1133333333334,,0.0003278003613369467,0.00580420601249943,,662.7575933333334,,2024-07-18 10:00:00,64.88749999999709,20,14.638,7.157,,292.76,143.14,,0.004958672086720867,0.0019589434788558915,,529.08888,,,,,,,,,,,,,,,,,,,,,,,,,,,,,,,,,,,,,
11,,,,,2024-07-09 09:02:00,55.84722222221899,20,1.7755,21.019,,35.510000000000005,420.38,,0.0006014566395663957,0.005753113452853428,,674.3444900000001,1.2029132791327914,17.259340358560284,,,2024-07-09 09:02:00,55.84722222221899,20,1.8355,21.5925,,36.71,431.85,,0.0006217818428184282,0.005910086218694403,,692.9904700000001,,2024-07-22 10:00:00,68.88749999999709,10,101.814,21.181,,1018.1399999999999,211.81,,0.01724491869918699,0.0028987272478445325,,1407.0357199999999,,,,,,,,,,,,,,,,,,,,,,,,,,,,,,,,,,,,,
12,,,,,2024-07-12 09:33:00,58.868750000001455,10,0.5795,42.968500000000006,,5.795,429.68500000000006,,9.815379403794037e-05,0.005880457095935405,,656.7263550000001,0.19630758807588075,17.641371287806216,,,2024-07-12 09:33:00,58.868750000001455,10,0.8365,42.7375,,8.365,427.375,,0.00014168360433604337,0.005848843574654441,,655.971205,0.0,2024-07-24 00:00:00,70.47083333333285,10,6.012,4.585,,60.12,45.85,,0.0010182926829268293,0.0006274804981524566,,133.56493999999998,,,,,,,,,,,,,,,,,,,,,,,,,,,,,,,,,,,,,
13,,,,,2024-07-15 10:30:00,61.90833333333285,20,5.074,23.567999999999998,,101.47999999999999,471.35999999999996,,0.0017188346883468832,0.006450800602162309,,821.9181999999998,3.4376693766937665,19.352401806486927,,,2024-07-15 10:30:00,61.90833333333285,20,4.515,22.0105,,90.3,440.21000000000004,,0.0015294715447154471,0.006024497057615985,,762.8280400000001,1.453472222223354,2024-07-25 10:53:00,71.9243055555562,10,4.484,2.015,,44.84,20.150000000000002,,0.0007594850948509486,0.00027576296701792806,,78.35138,,,,,,,,,,,,,,,,,,,,,,,,,,,,,,,,,,,,,
14,,,,,2024-07-18 10:00:00,64.88749999999709,20,6.549,24.264,,130.98000000000002,485.28,,0.00221849593495935,0.0066413028602709725,,874.46958,4.4369918699187,19.923908580812917,,,2024-07-18 10:00:00,64.88749999999709,20,6.203,22.93,,124.06,458.6,,0.002101287262872629,0.006276173532229369,,826.6924200000001,0.0,2024-07-26 10:31:00,72.90902777777956,10,33.027,4.87,,330.27,48.7,,0.0055940040650406505,0.0006664841932393596,,426.12989,,,,,,,,,,,,,,,,,,,,,,,,,,,,,,,,,,,,,
15,,,,,2024-07-19 00:00:00,65.47083333333285,10,8.23,46.452,,82.30000000000001,464.52,,0.0013939701897018972,0.006357191733953743,,791.09738,2.7879403794037945,19.07157520186123,,,2024-07-19 00:00:00,65.47083333333285,10,9.665,46.138,,96.64999999999999,461.38,,0.0016370257452574524,0.006314219241822909,,801.65487,0.9368055555532919,2024-07-27 09:00:00,73.84583333333285,5,8.231,4.962,,41.155,24.81,,0.000697069783197832,0.0003395374298617764,,81.474725,,,,,,,,,,,,,,,,,,,,,,,,,,,,,,,,,,,,,
16,,,,,2024-07-22 10:00:00,68.88749999999709,20,1.879,26.185,,37.58,523.6999999999999,,0.0006365176151761517,0.00716710004105652,,832.9796599999999,1.2730352303523034,21.50130012316956,,,2024-07-22 10:00:00,68.88749999999709,20,2.004,24.214,,40.08,484.28,,0.0006788617886178862,0.006627617353222937,,775.96528,2.961805555554747,2024-07-29 09:36:00,75.8708333333343,5,151.716,37.22,,758.58,186.1,,0.012848577235772358,0.0025468728616395236,,1091.16026,,,,,,,,,,,,,,,,,,,,,,,,,,,,,,,,,,,,,
17,,,,,2024-07-23 15:22:00,70.1111111111095,10,5.726,27.749,,57.26,277.49,,0.0009698509485094851,0.003797591350759546,,481.21628,1.9397018970189703,11.392774052278638,,,2024-07-25 10:53:00,71.9243055555562,10,2.397,43.6,,23.97,436,,0.00040599593495934956,0.005966881072943753,,685.6799900000001,3.953472222223354,2024-07-30 09:24:00,76.86250000000291,5,159.322,40.835,,796.61,204.175,,0.013492716802168021,0.0027942384015327767,,1159.1038199999998,,,,,,,,,,,,,,,,,,,,,,,,,,,,,,,,,,,,,
18,,,,,2024-07-24 10:00:00,70.88749999999709,10,6.676,47.48,,66.76,474.79999999999995,,0.001130758807588076,0.006497878746407554,,790.08012,2.261517615176152,19.493636239222663,,,2024-07-29 09:36:00,75.8708333333343,5,6.952,86.877,,34.76,434.385,,0.0005887533875338753,0.005944778979061174,,694.7478100000001,4.954166666662786,2024-07-31 09:25:00,77.86319444444234,5,177.439,45.716,,887.1949999999999,228.58,,0.015027015582655826,0.003128233201040099,,1292.707185,,,,,,,,,,,,,,,,,,,,,,,,,,,,,,,,,,,,,
19,,,,,2024-07-25 10:53:00,71.9243055555562,10,4.11,48.128,,41.1,481.28,,0.0006961382113821139,0.0065865608320788286,,772.51162,1.3922764227642277,19.759682496236486,,,2024-08-01 09:15:00,78.85624999999709,5,33.257,93.337,,166.285,466.685,,0.002816480352303523,0.006386820856712741,,883.987185,5.947222222217533,2024-08-01 09:15:00,78.85624999999709,5,199.168,51.587,,995.84,257.935,,0.01686720867208672,0.0035299712604351993,,1453.07487,,,,,,,,,,,,,,,,,,,,,,,,,,,,,,,,,,,,,
20,,,,,2024-07-26 10:31:00,72.90902777777956,10,1.603,47.877,,16.03,478.77000000000004,,0.0002715108401084011,0.006552210209388259,,741.9617900000001,0.5430216802168022,19.656630628164773,,,2024-08-05 12:13:00,82.97986111111095,5,6.119,88.421,,30.595,442.105,,0.0005182079945799458,0.006050431093472013,,701.991835,6.898611111108039,2024-08-02 08:05:00,79.8076388888876,10,90.83,22.099,,908.3,220.99,,0.015384485094850948,0.0030243602025455045,,1303.73496,,2100,,,,,,,,,,,,,,,,,,,,,,,,,,,,,,,,,,,
21,,,,,2024-07-29 09:36:00,75.8708333333343,5,6.352,80.943,,31.76,404.715,,0.0005379403794037941,0.005538729984945942,,646.62643,1.075880758807588,16.61618995483782,,,2024-08-08 09:21:00,85.86041666666279,5,2.319,87.142,,11.594999999999999,435.71,,0.00019639227642276422,0.005962912275899822,,672.036805,,2024-08-05 12:13:00,82.97986111111095,10,78.415,25.467,,784.1500000000001,254.67,,0.013281673441734419,0.003485288079923361,,1222.25843,,1700,,,,,,,,,,,,,,,,,,,,,,,,,,,,,,,,,,,
22,,,,,2024-07-30 09:24:00,76.86250000000291,5,46.889,78.347,,234.44500000000002,391.73499999999996,,0.003970951897018971,0.005361092103462433,,843.239605,7.941903794037941,16.0832763103873,,,2024-08-12 09:22:00,89.8611111111095,5,3.334,47.469,,16.67,237.345,,0.0002823509485094851,0.003248186670316135,,377.12721999999997,,2024-08-08 09:21:00,85.86041666666279,5,198.584,64.673,,992.9200000000001,323.365,,0.016817750677506776,0.004425413986588203,,1549.02025,,,,,,,,,,,,,,,,,,,,,,,,,,,,,,,,,,,,,
23,,,,,2024-07-31 09:25:00,77.86319444444234,5,65.679,107.677,,328.395,538.385,,0.005562245934959349,0.007368071712056932,,1165.5123549999998,11.124491869918698,22.104215136170797,,,2024-08-15 09:26:00,92.86388888888905,5,4.215,33.465,,21.075,167.32500000000002,,0.00035696138211382115,0.0022899274668126456,,275.81707500000005,,2024-08-12 09:22:00,89.8611111111095,5,199.176,30.226,,995.8799999999999,151.13,,0.016867886178861785,0.0020682906801697,,1291.4147799999998,,,,,,,,,,,,,,,,,,,,,,,,,,,,,,,,,,,,,
24,,,,,2024-08-01 09:15:00,78.85624999999709,5,47.329,98.56,,236.645,492.8,,0.004008214769647697,0.006744217873272205,,998.599415,8.016429539295393,20.232653619816613,,,2024-08-19 09:16:00,96.8569444444438,5,2.103,1.603,,10.515,8.015,,0.00017809959349593496,0.00010968933899000959,,23.354215,,2024-08-15 09:26:00,92.86388888888905,5,242.876,38.242,,1214.38,191.20999999999998,,0.02056876693766938,0.002616805802654988,,1585.2354,,,,,,,,,,,,,,,,,,,,,,,,,,,,,,,,,,,,,
25,,,,,2024-08-02 08:05:00,79.8076388888876,10,5.734,40.038,,57.34,400.38,,0.0009712059620596206,0.005479403311892706,,667.3571,1.9424119241192412,16.438209935678117,,,2024-08-22 10:14:00,99.8972222222219,5,0.219,0,,1e-10,1e-10,,1.6937669376693768e-15,1.368550704803613e-15,,2.581e-10,,2024-08-19 09:16:00,96.8569444444438,5,4.363,1.112,,21.815,5.5600000000000005,,0.00036949525745257457,7.60914191870809e-05,,31.694445,,,,,,,,,,,,,,,,,,,,,,,,,,,,,,,,,,,,,
26,,,,,2024-08-04 00:00:00,81.47083333333285,5,219.15925000000001,5.391,,1095.79625,26.955,,0.018560234586720868,0.00036889284247981384,,1210.02446875,37.120469173441734,1.1066785274394415,,,2024-08-26 00:00:00,103.47083333333285,5,28.683,13.161,,143.415,65.80499999999999,,0.0024291158536585366,0.0009005747912960174,,252.65257499999996,,2024-08-22 10:14:00,99.8972222222219,5,14.214,0,,71.07000000000001,1e-10,,0.001203760162601626,1.368550704803613e-15,,75.83169000015141,,,,,,,,,,,,,,,,,,,,,,,,,,,,,,,,,,,,,
27,,,,,2024-08-05 09:20:00,82.85972222222335,5,11.967,90.596,,59.835,452.98,,0.0010134654471544715,0.006199260982619407,,749.655665,2.026930894308943,18.59778294785822,,,2024-08-29 11:09:00,106.93541666666715,5,35.339,10.037,,176.695,50.185,,0.002992801490514905,0.0006868071712056932,,264.51365499999997,,2024-08-26 00:00:00,103.47083333333285,2,7.002,0.92,,14.004,1.84,,0.00023719512195121952,2.518133296838648e-05,,17.728028,,,,,,,,,,,,,,,,,,,,,,,,,,,,,,,,,,,,,
28,,,,,2024-08-06 09:43:00,83.87569444444671,5,6.911,96.694,,34.555,483.47,,0.0005852811653116531,0.006616532092514028,,768.8437650000001,1.1705623306233064,19.849596277542084,,,2024-09-03 09:29:00,111.8659722222219,2,87.857,37.22,,175.714,74.44,,0.0029761856368563685,0.0010187491446558095,,300.18899799999997,,2024-08-29 11:09:00,106.93541666666715,1,9.028,0.797,,9.028,0.797,,0.00015291327913279133,1.0907349117284795e-05,,10.839534,,,,,,,,,,,,,,,,,,,,,,,,,,,,,,,,,,,,,
29,,,,,2024-08-07 11:02:00,84.93055555555475,5,8.098,86.07,,40.49,430.34999999999997,,0.0006858062330623307,0.005889557958122348,,694.7527299999999,1.3716124661246614,17.668673874367045,,,2024-09-06 10:29:00,114.90763888888614,2,64.57,19.828,,129.14,39.656,,0.002187330623306233,0.0005427124674969207,,197.831564,,2024-08-30 13:14:00,108.0222222222219,1,11.53,0.184,,11.53,1e-10,,0.00019529132791327913,1.368550704803613e-15,,12.302510000151399,,,,,,,,,,,,,,,,,,,,,,,,,,,,,,,,,,,,,
30,,,,,2024-08-08 09:21:00,85.86041666666279,5,2.916,85.508,,14.58,427.53999999999996,,0.0002469512195121951,0.005851101683317366,,662.8524199999999,0.49390243902439024,17.5533050499521,,,2024-09-09 09:59:00,117.88680555555766,2,81.948,8.018,,163.896,16.036,,0.0027760162601626016,0.0002194607910223074,,199.15553599999998,,2024-09-03 09:29:00,111.8659722222219,1,30.675,0.242,,30.675,1e-10,,0.0005195630081300814,1.368550704803613e-15,,32.7302250001514,,,,,,,,,,,,,,,,,,,,,,,,,,,,,,,,,,,,,
31,,,0,2024-08-09 08:00:00,2024-08-09 08:00:00,86.8041666666686,5,9.275,69.516,,46.375,347.58000000000004,,0.0007854844173441735,0.004756808539756399,,575.718245,1.570968834688347,14.270425619269197,,,2024-09-12 00:00:00,120.47083333333285,2,28.282,0,,56.564,1e-10,,0.0009580623306233063,1.368550704803613e-15,,60.3537880001514,,2024-09-06 10:34:00,114.9111111111124,1,62.597,2.166,,62.597,2.166,,0.0010602472899728997,2.9642808266046258e-05,,70.070323,,,,,,,,,,,,,,,,,,,,,,,,,,,,,,,,,,,,,
32,,,0.9999999999417923,,2024-08-09 09:00:00,86.84583333333285,5,9.043,69.48,,45.214999999999996,347.40000000000003,,0.0007658367208672086,0.004754345148487752,,574.2080050000001,1.531673441734417,14.263035445463256,,,2024-09-16 10:26:00,124.90555555555329,2,9.888,3.355,,19.776,6.71,,0.00033495934959349593,9.182975229232244e-05,,31.259932,,2024-09-09 10:06:00,117.89166666666279,2,26.918,0,,53.836,1e-10,,0.0009118563685636856,1.368550704803613e-15,,57.4430120001514,,,,,,,,,,,,,,,,,,,,,,,,,,,,,,,,,,,,,
33,,,1.9999999998835847,,2024-08-09 10:00:00,86.88749999999709,5,9.366,74.803,,46.83,374.015,,0.0007931910569105691,0.005118584918571233,,616.22632,1.5863821138211383,15.355754755713699,,,2024-09-19 10:34:00,127.9111111111124,2,16.924,0.664,,33.848,1.328,,0.0005733062330623306,1.817435335979198e-05,,38.126408,,2024-09-12 00:00:00,120.47083333333285,1,74.062,0,,74.062,1e-10,,0.0012544376693766938,1.368550704803613e-15,,79.0241540001514,,,,,,,,,,,,,,,,,,,,,,,,,,,,,,,,,,,,,
34,,,3,,2024-08-09 11:00:00,86.9291666666686,5,8.988,72.394,,44.94,361.97,,0.0007611788617886178,0.004953742986177638,,595.97356,1.5223577235772356,14.861228958532916,,,2024-09-23 09:43:00,131.8756944444467,1,16.253,0.888,,16.253,0.888,,0.0002752879403794038,1.2152730258656083e-05,,18.686383,,2024-09-16 10:26:00,124.90555555555329,1,8.631,3.213,,8.631,3.213,,0.0001461890243902439,4.397153414534008e-05,,14.073758999999999,,,,,,,,,,,,,,,,,,,,,,,,,,,,,,,,,,,,,
35,,,3.9999999999417923,,2024-08-09 12:00:00,86.97083333333285,5,8.746,69.293,,43.730000000000004,346.46500000000003,,0.0007406842818428185,0.004741549199397838,,571.2079200000001,1.481368563685637,14.224647598193513,,,2024-09-26 13:17:00,135.02430555555475,1,40,,,40,1e-10,,0.0006775067750677507,1.368550704803613e-15,,42.6800000001514,,2024-09-19 10:34:00,127.9111111111124,1,5.869,0,,5.869,1e-10,,9.940718157181572e-05,1.368550704803613e-15,,6.262223000151399,,,,,,,,,,,,,,,,,,,,,,,,,,,,,,,,,,,,,
36,,,4.999999999883585,,2024-08-09 13:00:00,87.01249999999709,5,9.449,77.185,,47.245,385.925,,0.000800220189701897,0.005281579307513344,,634.700865,1.600440379403794,15.844737922540032,,,2024-09-30 10:21:00,138.9020833333343,1,15.465,1.175,,15.465,1.175,,0.0002619410569105691,1.6080470781442454e-05,,18.280105,,2024-09-23 09:43:00,131.8756944444467,1,1.228,0.377,,1.228,0.377,,2.0799457994579946e-05,5.159436157109621e-06,,1.881054,,,,,,,,,,,,,,,,,,,,,,,,,,,,,,,,,,,,,
37,,,6,,2024-08-09 14:00:00,87.0541666666686,5,8.879,64.069,,44.394999999999996,320.345,,0.0007519478319783197,0.004384083755303135,,532.371795,1.5038956639566394,13.152251265909404,,,2024-10-03 10:56:00,141.92638888888905,1,5.82,3.289,,5.82,3.289,,9.857723577235773e-05,4.5011632680990836e-05,,11.189485999999999,,2024-09-26 13:17:00,135.02430555555475,1,2.152,0,,2.152,1e-10,,3.644986449864499e-05,1.368550704803613e-15,,2.2961840001514,,,,,,,,,,,,,,,,,,,,,,,,,,,,,,,,,,,,,
38,,,6.999999999941792,,2024-08-09 15:00:00,87.09583333333285,5,9.444,71.537,,47.220000000000006,357.68500000000006,,0.0007997967479674798,0.004895100588476804,,591.9188300000001,1.5995934959349596,14.685301765430411,,,2024-10-07 10:24:00,145.90416666666715,1,14.795,2.674,,14.795,2.674,,0.0002505928184281843,3.659504584644861e-05,,19.834701,,2024-09-30 10:21:00,138.9020833333343,1,5.389,0.748,,5.389,0.748,,9.127710027100271e-05,1.0236759271931025e-05,,6.882535,,,,,,,,,,,,,,,,,,,,,,,,,,,,,,,,,,,,,
39,,,,,2024-08-12 09:22:00,89.8611111111095,5,4.164,51.047,,20.82,255.23499999999999,,0.00035264227642276425,0.0034930203914055012,,408.64073,0.7052845528455285,10.479061174216504,,,2024-10-10 08:54:00,148.84166666666715,1,13.216,5.64,4.316,13.216,5.64,4.316,0.00022384823848238482,7.718625975092376e-05,4.898422426512314e-05,30.486919999999998,,2024-10-03 10:56:00,141.92638888888905,1,97.401,3.219,,97.401,3.219,,0.0016497459349593495,4.40536471876283e-05,,108.80043299999998,"New media installed (modified Wolfe), this is old media",,,,,,,,,,,,,,,,,,,,,,,,,,,,,,,,,,,,
40,,,,,2024-08-13 09:30:00,90.8666666666686,5,2.928,36.881,,14.64,184.405,,0.00024796747967479677,0.0025236759271931026,,294.81005,0.49593495934959353,7.571027781579308,,,2024-10-17 00:00:00,155.47083333333285,1,21.117,8.108,1.123,21.117,8.108,1.123,0.0003576727642276423,0.00011096209114547695,1.2745431846555442e-05,36.84896500000001,,2024-10-07 10:24:00,145.90416666666715,1,94.772,0,,94.772,1e-10,,0.0016052168021680217,1.368550704803613e-15,,101.1217240001514,,,,,,,,,,,,,,,,,,,,,,,,,,,,,,,,,,,,,
41,,,,,2024-08-14 00:00:00,91.47083333333285,5,5.064,33.194,,25.32,165.97000000000003,,0.00042886178861788616,0.002271383604762557,,278.29502,0.8577235772357723,6.814150814287671,,,2024-10-21 00:00:00,159.47083333333285,1,5.718555,6.400409,1.93,5.718555,6.400409,1.93,9.685899390243903e-05,8.759284247981387e-05,2.190443763477471e-05,19.300657411,,2024-10-10 08:54:00,148.84166666666715,1,90.657,0.082,0,90.657,1e-10,1e-10,0.0015355182926829268,1.368550704803613e-15,1.1349449551696743e-15,96.73101900033319,,,,,,,,,,,,,,,,,,,,,,,,,,,,,,,,,,,,,
42,,,,,2024-08-15 09:26:00,92.86388888888905,5,5.336,35.937,,26.68,179.685,,0.0004518970189701897,0.002459080333926372,,300.51065,0.9037940379403795,7.377241001779116,,,2024-10-24 00:00:00,162.47083333333285,1,9.155,7.55,3.518,9.155,7.55,3.518,0.00015506436314363144,0.00010332557821267277,3.992736352286914e-05,27.594808999999998,,2024-10-17 00:00:00,155.47083333333285,1,9.552,0,0,9.552,1e-10,1e-10,0.00016178861788617886,1.368550704803613e-15,1.1349449551696743e-15,10.1919840003332,,,,,,,,,,,,,,,,,,,,,,,,,,,,,,,,,,,,,
43,,,,,2024-08-16 09:46:00,93.87777777777956,5,9.59,34.013,,47.95,170.065,,0.0008121612466124662,0.0023274257561242645,,308.64106,1.6243224932249323,6.982277268372793,,,2024-10-28 00:00:00,166.47083333333285,1,6.535017,5.039726,0.301453,6.535017,5.039726,1e-10,0.00011068795731707317,6.897120569317093e-05,1.1349449551696743e-15,14.603008303181799,,2024-10-21 00:00:00,159.47083333333285,1,107.8893,1.52139,1.88,107.8893,1.52139,1.88,0.001827393292682927,2.0820993567811687e-05,2.1336965157189874e-05,120.83910756,,,,,,,,,,,,,,,,,,,,,,,,,,,,,,,,,,,,,
44,,,,,2024-08-19 09:16:00,96.8569444444438,5,5.817,3.881,,29.085,19.404999999999998,,0.0004926321138211382,0.0002655672642671411,,60.412865,0.9852642276422764,0.7967017928014232,,,2024-10-31 00:00:00,169.47083333333285,1,18.51694,11.74113,5.235982,18.51694,11.74113,5.235982,0.0003136338075880759,0.00016068331736690845,5.9425513562592214e-05,47.052661076,,2024-10-24 00:00:00,162.47083333333285,1,26.131,2.356,3.424,26.131,2.356,3.424,0.0004425982384823848,3.224305460517312e-05,3.8860515265009646e-05,37.673593,,,,,,,,,,,,,,,,,,,,,,,,,,,,,,,,,,,,,
45,,,,,2024-08-20 11:50:00,97.9638888888876,5,6.142,3.791,,30.71,18.955,,0.0005201558265582656,0.0002594087860955248,,61.46544,1.0403116531165313,0.7782263582865744,,,2024-11-04 00:00:00,173.47083333333285,1,9.453878,12.11953,0.869178,9.453878,12.11953,0.869178,0.0001601266598915989,0.0001658619132338853,9.864691862444672e-06,30.01642185,,2024-10-28 00:00:00,166.47083333333285,1,145.437,0.736683,0.284232,145.437,0.736683,1e-10,0.0024633638211382118,1.00818803886684e-05,1.1349449551696743e-15,156.29661706218184,,,,,,,,,,,,,,,,,,,,,,,,,,,,,,,,,,,,,
46,,,,,2024-08-21 10:31:00,98.90902777777956,5,1.629,0.329,,8.145,0,,0.00013795731707317072,0,,8.690714999999999,0.27591463414634143,0,,,2024-11-07 00:00:00,176.47083333333285,1,18.85216,18.18644,0.905291,18.85216,18.18644,0.905291,0.0003193116531165312,0.0002488906527986862,1.0274554534105096e-05,49.295343918,,2024-10-31 00:00:00,169.47083333333285,1,8.718688,1.754865,2.07579,8.718688,1.754865,2.07579,0.00014767425474254743,2.401621732585192e-05,2.3559073884916583e-05,15.733491926000001,,,,,,,,,,,,,,,,,,,,,,,,,,,,,,,,,,,,,
47,,,,,2024-08-22 10:14:00,99.8972222222219,5,0.625,0,,3.125,0,,5.2930216802168025e-05,0,,3.3343749999999996,0.10586043360433604,0,,,2024-11-11 00:00:00,180.47083333333285,1,10.27979,14.63678,0.450164,10.27979,14.63678,0.450164,0.00017411568428184283,0.00020031175585055427,5.109113607990013e-06,33.947019002,,2024-11-07 00:00:00,176.47083333333285,1,2.734075,0,0,2.734075,1e-10,1e-10,4.630885840108401e-05,1.368550704803613e-15,1.1349449551696743e-15,2.9172580253331994,changed sampling line to be separated from influent line,,,,,,,,,,,,,,,,,,,,,,,,,,,,,,,,,,,,
48,,,,,2024-08-23 10:19:00,100.90069444444089,5,0.657,2.337,,3.285,11.685,,5.5640243902439026e-05,0.00015991514985630217,,21.196185000000003,0.11128048780487805,0.4797454495689065,,,2024-11-18 00:00:00,187.47083333333285,1,7.18806,8.189948,0.062612,7.18806,8.189948,1e-10,0.00012174898373983741,0.0001120835910770494,1.1349449551696743e-15,20.069241292181797,,2024-11-11 00:00:00,180.47083333333285,1,60.74302,0.240164,0.046982,60.74302,1e-10,1e-10,0.001028845189701897,1.368550704803613e-15,1.1349449551696743e-15,64.8128023403332,,,,,,,,,,,,,,,,,,,,,,,,,,,,,,,,,,,,,
49,,,,,2024-08-26 00:00:00,103.47083333333285,5,41.74,21.377,,208.70000000000002,106.88499999999999,,0.0035348915989159894,0.0014627754208293416,,384.50679,7.0697831978319785,4.388326262488025,,,2024-11-21 00:00:00,190.47083333333285,1,6.962886,4.284281,0.17696,6.962886,4.284281,1e-10,0.00011793506097560976,5.8632557821267276e-05,1.1349449551696743e-15,13.915800796181799,,2024-11-18 00:00:00,187.47083333333285,1,35.28606,0,0,35.28606,1e-10,1e-10,0.0005976636178861789,1.368550704803613e-15,1.1349449551696743e-15,37.6502260203332,,,,,,,,,,,,,,,,,,,,,,,,,,,,,,,,,,,,,
50,,,,,2024-08-27 11:20:00,104.94305555555184,5,39.394,15.651,,196.97,78.255,,0.003336212737127371,0.0010709593540440673,,328.64506,6.672425474254743,3.212878062132202,,,2024-11-25 00:00:00,194.47083333333285,1,5.925529,0.433648,0,5.925529,0.433648,1e-10,0.00010036465108401085,5.934692760366771e-06,1.1349449551696743e-15,6.9790825151818,,2024-11-21 00:00:00,190.47083333333285,1,113.8697,0,0,113.8697,1e-10,1e-10,0.0019286873306233062,1.368550704803613e-15,1.1349449551696743e-15,121.4989699003332,,,,,,,,,,,,,,,,,,,,,,,,,,,,,,,,,,,,,
51,,,,,2024-08-28 09:30:00,105.8666666666686,5,37.886,15.826,,189.43,79.13,,0.0032085027100271003,0.001082934172711099,,321.92463,6.417005420054201,3.248802518133297,,,2024-12-02 00:00:00,201.47083333333285,1,3.523474,6.935707,0,3.523474,6.935707,1e-10,5.9679437669376695e-05,9.491866703161353e-05,1.1349449551696743e-15,14.2602071561818,,2024-11-25 00:00:00,194.47083333333285,1,34.10976,0,0,34.10976,1e-10,1e-10,0.000577739837398374,1.368550704803613e-15,1.1349449551696743e-15,36.3951139203332,,,,,,,,,,,,,,,,,,,,,,,,,,,,,,,,,,,,,
52,,,,,2024-08-29 11:09:00,106.93541666666715,5,0,0,,0,0,,0,0,,0,0,0,,,2024-12-05 00:00:00,204.47083333333285,1,3.299534699272969,1.3731552430629694,0,3.299534699272969,1.3731552430629694,1e-10,5.588642783321424e-05,1.879232575698603e-05,1.1349449551696743e-15,5.599560562303394,,2024-12-02 00:00:00,201.47083333333285,1,113.6596,0.705062,0,113.6596,0.705062,1e-10,0.0019251287262872629,9.64913097030245e-06,1.1349449551696743e-15,122.3422570681818,,,,,,,,,,,,,,,,,,,,,,,,,,,,,,,,,,,,,
53,,,,,2024-08-30 09:40:00,107.87361111111386,5,16.74,5.76,,83.69999999999999,28.799999999999997,,0.001417682926829268,0.0003941426029834405,,132.91109999999998,2.835365853658536,1.1824278089503215,,,2024-12-09 00:00:00,208.47083333333285,1,5.440406569798916,1.3925784295084565,0,5.440406569798916,1.3925784295084565,1e-10,9.214780775404668e-05,1.9058141911981064e-05,1.1349449551696743e-15,7.913277552433047,,2024-12-05 00:00:00,204.47083333333285,1,4.903219101123597,0.36185021949211527,0,4.903219101123597,0.36185021949211527,1e-10,8.304910401632108e-05,4.952103729192764e-06,1.1349449551696743e-15,5.779576013391741,,,,,,,,,,,,,,,,,,,,,,,,,,,,,,,,,,,,,
54,,,,,2024-08-30 09:40:00,107.87361111111386,1,87.496,29.753,,87.496,29.753,,0.0014819783197831976,0.000407184891200219,,138.404274,2.9639566395663954,1.2215546736006568,,,2024-12-12 00:00:00,211.47083333333285,1,3.171924,0.357323,0.145226,3.171924,0.357323,1e-10,5.3725000000000005e-05,4.890146434925414e-06,1.1349449551696743e-15,3.9254299301818,,2024-12-09 00:00:00,208.47083333333285,1,2.2417321883456087,0,0,2.2417321883456087,1e-10,1e-10,3.796971863729012e-05,1.368550704803613e-15,1.1349449551696743e-15,2.391928245297964,,,,,,,,,,,,,,,,,,,,,,,,,,,,,,,,,,,,,
55,,,,,2024-09-03 09:29:00,111.8659722222219,2,82.137,35.106,,164.274,70.212,,0.0027824186991869918,0.0009608868208567128,,281.581326,5.564837398373983,2.8826604625701386,,,2025-01-06 00:00:00,236.47083333333285,1,2.719377,1.656899,1.333286,2.719377,1.656899,1.333286,4.605990853658537e-05,2.2675502942384014e-05,1.5132062194983544e-05,7.834034292999999,,2024-12-12 00:00:00,211.47083333333285,1,111.0186,0.745934,0.108199,111.0186,0.745934,1e-10,0.0018803963414634147,1.0208485014369781e-05,1.1349449551696743e-15,119.5861902761818,,,,,,,,,,,,,,,,,,,,,,,,,,,,,,,,,,,,,
56,,,,,2024-09-04 09:20:00,112.85972222222335,2,90.042,25.584,,180.084,51.168,,0.0030502032520325203,0.0007002600246339127,,269.61798,6.100406504065041,2.100780073901738,,,2025-01-09 00:00:00,239.47083333333285,1,3.266211,-0.234551311,-0.447858427,3.266211,1e-10,1e-10,5.532200203252033e-05,1.368550704803613e-15,1.1349449551696743e-15,3.4850471373331997,,2025-01-06 00:00:00,236.47083333333285,1,0.302024,-0.249321104,-0.339720314,1e-10,1e-10,1e-10,1.6937669376693768e-15,1.368550704803613e-15,1.1349449551696743e-15,4.399e-10,,,,,,,,,,,,,,,,,,,,,,,,,,,,,,,,,,,,,
57,,,,,2024-09-05 09:26:00,113.86388888888905,2,65.813,14.782,,131.626,29.564,,0.0022294376693766937,0.0004045983303681401,,185.204838,4.458875338753387,1.2137949911044204,,,2025-01-13 00:00:00,243.47083333333285,1,3.1796264541220856,0.14468963148906483,-0.1846594666805209,3.1796264541220856,1e-10,1e-10,5.3855461621309034e-05,1.368550704803613e-15,1.1349449551696743e-15,3.3926614268814648,,2025-01-09 00:00:00,239.47083333333285,1,138.6271,0.889312,-0.459873773,138.6271,0.889312,1e-10,0.0023480199864498647,1.2170685643903107e-05,1.1349449551696743e-15,149.26153406818182,,,,,,,,,,,,,,,,,,,,,,,,,,,,,,,,,,,,,
58,,,,,2024-09-06 10:29:00,114.90763888888614,2,68.986,21.123,,137.972,42.246,,0.0023369241192411926,0.0005781579307513343,,211.176568,4.673848238482385,1.7344737922540032,,,2025-01-16 00:00:00,246.47083333333285,1,0.07927227012427401,0.602415422,0.196557291,1e-10,0.602415422,1e-10,1.6937669376693768e-15,8.244360503626658e-06,1.1349449551696743e-15,0.9120569491964999,,2025-01-13 00:00:00,243.47083333333285,1,4.650677496459948,0.06388109743220427,-0.21077568030666433,4.650677496459948,1e-10,1e-10,7.877163781266849e-05,1.368550704803613e-15,1.1349449551696743e-15,4.962272889055964,,,,,,,,,,,,,,,,,,,,,,,,,,,,,,,,,,,,,
59,,,,,2024-09-09 09:53:00,117.88263888889196,2,88.233,9.137,,176.466,18.274,,0.0029889227642276423,0.00025008895579581227,,215.95605799999998,5.977845528455284,0.7502668673874368,,,2025-01-27 00:00:00,257.47083333333285,1,2.941736744,-1.635712398,-1.956905814,2.941736744,1e-10,1e-10,4.9826164363143633e-05,1.368550704803613e-15,1.1349449551696743e-15,3.1388331061811994,,2025-01-16 00:00:00,246.47083333333285,1,122.5314072878233,0.660352985,0.161208011,122.5314072878233,0.660352985,1e-10,0.002075396464902156,9.037265430409196e-06,1.1349449551696743e-15,131.74078599557927,,,,,,,,,,,,,,,,,,,,,,,,,,,,,,,,,,,,,
60,,,,,2024-09-10 00:00:00,118.47083333333285,2,68.449,3.423,,136.898,6.846,,0.002318733062330623,9.369098125085534e-05,,156.43501,4.6374661246612465,0.28107294375256603,,,2025-01-30 00:00:00,260.47083333333285,1,2.879406594,0.251043655,0.061401486,2.879406594,1e-10,1e-10,4.877043689024391e-05,1.368550704803613e-15,1.1349449551696743e-15,3.0723268361311997,,2025-01-27 00:00:00,257.47083333333285,1,-0.775251069,-1.738215919,-1.980570677,1e-10,1e-10,1e-10,1.6937669376693768e-15,1.368550704803613e-15,1.1349449551696743e-15,4.399e-10,,,,,,,,,,,,,,,,,,,,,,,,,,,,,,,,,,,,,
61,,,,,2024-09-11 00:00:00,119.47083333333285,2,51.982,0,,103.964,0,,0.0017609078590785907,0,,110.929588,3.5218157181571814,0,,,2025-02-03 00:00:00,264.47083333333285,1,3.065070769,0.623912259,0.471918042,3.065070769,0.623912259,0.471918042,5.191515530149052e-05,8.538555617900643e-06,5.356010010214504e-06,5.072980671005,,2025-01-30 00:00:00,260.47083333333285,1,1.408969231,0.117011906,0.061401486,1.408969231,1e-10,1e-10,2.3864654996612463e-05,1.368550704803613e-15,1.1349449551696743e-15,1.5033701698101998,,,,,,,,,,,,,,,,,,,,,,,,,,,,,,,,,,,,,
62,,,,,2024-09-12 00:00:00,120.47083333333285,2,29.13,0,,58.26,0,,0.0009867886178861788,0,,62.163419999999995,1.9735772357723576,0,,,2025-02-06 00:00:00,267.47083333333285,1,2.539147149,-1.337785479,-1.550756409,2.539147149,1e-10,1e-10,4.300723490853659e-05,1.368550704803613e-15,1.1349449551696743e-15,2.7092700083162,,2025-02-03 00:00:00,264.47083333333285,1,123.7675167,0.953312302,0.460432362,123.7675167,0.953312302,0.460432362,0.0020963332774390246,1.3046562228000547e-05,5.225653864487572e-06,134.34032117824398,,,,,,,,,,,,,,,,,,,,,,,,,,,,,,,,,,,,,
63,,,,,2024-09-13 00:00:00,121.47083333333285,2,25.964,0.578,,51.928,1.156,,0.0008795392953929538,1.5820446147529766e-05,,57.15735999999999,1.7590785907859077,0.0474613384425893,,,2025-02-11 00:00:00,272.47083333333285,1,1.862426997,-0.219333296,-0.328443185,1.862426997,1e-10,1e-10,3.154517271341463e-05,1.368550704803613e-15,1.1349449551696743e-15,1.9872096061321998,,2025-02-06 00:00:00,267.47083333333285,1,-0.599715913,-1.459838726,-1.53841704,1e-10,1e-10,1e-10,1.6937669376693768e-15,1.368550704803613e-15,1.1349449551696743e-15,4.399e-10,,,,,,,,,,,,,,,,,,,,,,,,,,,,,,,,,,,,,
64,,,,,2024-09-16 10:26:00,124.90555555555329,2,11.01,3.537,,22.02,7.074,,0.0003729674796747967,9.681127685780759e-05,,34.205376,0.7459349593495934,0.29043383057342276,,,2025-02-14 00:00:00,275.47083333333285,1,1.909581267,-0.091511711,-0.23615959,1.909581267,1e-10,1e-10,3.234385614837398e-05,1.368550704803613e-15,1.1349449551696743e-15,2.0375232122221996,,2025-02-11 00:00:00,272.47083333333285,1,-0.169043482,-0.284345691,-0.328443185,1e-10,1e-10,1e-10,1.6937669376693768e-15,1.368550704803613e-15,1.1349449551696743e-15,4.399e-10,,,,,,,,,,,,,,,,,,,,,,,,,,,,,,,,,,,,,
65,,,,,2024-09-17 00:00:00,125.47083333333285,2,19.516,3.732,,39.032,7.464,,0.000661111111111111,0.00010214862460654168,,52.94764,1.322222222222222,0.30644587381962507,,,2025-02-17 00:00:00,278.47083333333285,1,2.362925705,0.212166108,0.149615999,2.362925705,1e-10,1e-10,4.002245435298103e-05,1.368550704803613e-15,1.1349449551696743e-15,2.5212417275681993,,2025-02-14 00:00:00,275.47083333333285,1,7.458509557,-0.152400368,-0.248594731,7.458509557,1e-10,1e-10,0.0001263297689193767,1.368550704803613e-15,1.1349449551696743e-15,7.9582296976522,,,,,,,,,,,,,,,,,,,,,,,,,,,,,,,,,,,,,
66,,,,,2024-09-18 00:00:00,126.47083333333285,2,24.215,0.763,,48.43,1.526,,0.0008202913279132791,2.0884083755303134e-05,,53.985173999999994,1.6405826558265582,0.0626522512659094,,,2025-02-20 00:00:00,281.47083333333285,1,2.717713117,-1.27386362,-1.330803754,2.717713117,1e-10,1e-10,4.603172623644987e-05,1.368550704803613e-15,1.1349449551696743e-15,2.8997998961722,,2025-02-17 00:00:00,278.47083333333285,1,61.92506231,0.696346069,0.12198458,61.92506231,0.696346069,1e-10,0.0010488662315379404,9.529849035171753e-06,1.1349449551696743e-15,67.1283094334178,,,,,,,,,,,,,,,,,,,,,,,,,,,,,,,,,,,,,
67,,,,,2024-09-19 10:34:00,127.9111111111124,2,16.661,0.787,,33.322,1.574,,0.0005643970189701898,2.154098809360887e-05,,37.93761,1.1287940379403796,0.0646229642808266,,,2025-02-24 00:00:00,285.47083333333285,1,3.501,1.027,1.198,3.501,1.027,1.198,5.929878048780488e-05,1.4055015738333104e-05,1.3596640562932697e-05,7.468408999999999,,2025-02-20 00:00:00,281.47083333333285,1,2.502510115,-1.452768792,-1.388447292,2.502510115,1e-10,1e-10,4.23866889397019e-05,1.368550704803613e-15,1.1349449551696743e-15,2.6701782930382,,,,,,,,,,,,,,,,,,,,,,,,,,,,,,,,,,,,,
68,,Sample ID,acetate,propionate,2024-09-20 00:00:00,128.47083333333285,1,29.253,0,,29.253,0,,0.0004954776422764227,0,,31.212951,0.9909552845528454,0,,,2025-02-27 00:00:00,288.47083333333285,1,3.613,1.211,1.353,3.613,1.211,1.353,6.119579945799458e-05,1.6573149035171755e-05,1.5355805243445692e-05,8.148279,,2025-02-24 00:00:00,285.47083333333285,1,1.264,0.897,1.185,1.264,0.897,1.185,2.140921409214092e-05,1.2275899822088409e-05,1.344909771876064e-05,4.861076000000001,,,,,,,,,,,,,,,,,,,,,,,,,,,,,,,,,,,,,
69,2024-09-23 00:00:00,R1,18.791,1.343,2024-09-23 09:43:00,131.8756944444467,1,18.791,1.343,,18.791,1.343,,0.00031827574525745256,1.8379635965512523e-05,,22.083299,0.6365514905149051,0.055138907896537574,,,2025-03-03 00:00:00,292.47083333333285,1,3.007,0.317,0.454,3.007,1e-10,0.454,5.093157181571816e-05,1.368550704803613e-15,5.152650096470321e-06,4.0338410001514,,2025-02-27 00:00:00,288.47083333333285,1,1.331,1.076,1.343,1.331,1.076,1.343,2.2544037940379404e-05,1.4725605583686877e-05,1.5242310747928726e-05,5.490815,,,,,,,,,,,,,,,,,,,,,,,,,,,,,,,,,,,,,
70,2024-09-24 00:00:00,R2,21.203,1.192,2024-09-24 00:00:00,132.47083333333285,1,28.028,1.593,,28.028,1.593,,0.0004747289972899729,2.1801012727521555e-05,,32.317677999999994,0.9494579945799457,0.06540303818256467,,,2025-03-10 00:00:00,299.47083333333285,1,5.363,1.958,2.066,5.363,1.958,2.066,9.083672086720868e-05,2.679622280005474e-05,2.3447962773805468e-05,12.442721,,2025-03-03 00:00:00,292.47083333333285,1,99.414,0,0.462,99.414,1e-10,0.462,0.001683841463414634,1.368550704803613e-15,5.243445692883896e-06,106.9146540001514,,,,,,,,,,,,,,,,,,,,,,,,,,,,,,,,,,,,,
71,2024-09-25 00:00:00,R3,19.522,2.349,2024-09-25 00:00:00,133.47083333333285,1,38.274,2.831,,38.274,2.831,,0.0006482723577235773,3.8743670452990284e-05,,45.124492,1.2965447154471545,0.11623101135897085,,,2025-03-17 00:00:00,306.47083333333285,1,5.414,1.761,1.806,5.414,1.761,1.806,9.170054200542004e-05,2.4100177911591624e-05,2.0497105890364318e-05,11.726199999999999,,2025-03-10 00:00:00,299.47083333333285,1,3.557,1.74,2.041,3.557,1.74,2.041,6.024728997289973e-05,2.3812782263582864e-05,2.3164226535013052e-05,10.140217,,,,,,,,,,,,,,,,,,,,,,,,,,,,,,,,,,,,,
72,2024-09-26 00:00:00,R4,18.524,0,2024-09-26 13:17:00,135.02430555555475,1,39.622,0,,39.622,0,,0.0006711043360433604,0,,42.276674,1.3422086720867208,0,,,2025-03-20 00:00:00,309.47083333333285,1,2.868,0,0,2.868,1e-10,1e-10,4.857723577235772e-05,1.368550704803613e-15,1.1349449551696743e-15,3.0601560003331993,,2025-03-13 00:00:00,302.47083333333285,1,29.344,1.359,1.492,29.344,1.359,1.492,0.0004970189701897019,1.85986040782811e-05,1.693337873113154e-05,36.08003,,,,,,,,,,,,,,,,,,,,,,,,,,,,,,,,,,,,,
73,2024-09-27 00:00:00,R5,16.582,0,2024-09-27 00:00:00,135.47083333333285,1,35.437,0,,35.437,0,,0.0006002201897018969,0,,37.811279,1.200440379403794,0,,,2025-03-24 00:00:00,313.47083333333285,1,8.771,0.262,0.02,8.771,1e-10,1e-10,0.00014856029810298105,1.368550704803613e-15,1.1349449551696743e-15,9.358657000333201,,2025-03-17 00:00:00,306.47083333333285,1,109.049,0.043,0,109.049,1e-10,1e-10,0.0018470359078590786,1.368550704803613e-15,1.1349449551696743e-15,116.3552830003332,,,,,,,,,,,,,,,,,,,,,,,,,,,,,,,,,,,,,
74,,,,,2024-09-30 10:21:00,138.9020833333343,1,16.641,1.456,,16.641,1.456,,0.00028185975609756094,1.9926098261940606e-05,,19.960331,0.5637195121951218,0.05977829478582182,,,2025-03-27 00:00:00,316.47083333333285,1,6.253,0.22,0.013,6.253,1e-10,1e-10,0.00010591124661246612,1.368550704803613e-15,1.1349449551696743e-15,6.6719510003332,,2025-03-20 00:00:00,309.47083333333285,1,8.742,0,0,8.742,1e-10,1e-10,0.00014806910569105692,1.368550704803613e-15,1.1349449551696743e-15,9.3277140003332,,,,,,,,,,,,,,,,,,,,,,,,,,,,,,,,,,,,,
75,,,,,2024-10-01 00:00:00,139.47083333333285,1,17.292,2.014,,17.292,2.014,,0.0002928861788617886,2.7562611194744763e-05,,21.49976,0.5857723577235773,0.08268783358423429,,,2025-03-31 00:00:00,320.47083333333285,1,5.735,0.134,0,5.735,1e-10,1e-10,9.713753387533876e-05,1.368550704803613e-15,1.1349449551696743e-15,6.1192450003332,,2025-03-24 00:00:00,313.47083333333285,1,90.408,0.604,0.003,90.408,0.604,1e-10,0.0015313008130081302,8.266046257013822e-06,1.1349449551696743e-15,97.3797920001818,,,,,,,,,,,,,,,,,,,,,,,,,,,,,,,,,,,,,
76,,,,,2024-10-02 00:00:00,140.47083333333285,1,14.1,4.687,,14.1,4.687,,0.0002388211382113821,6.414397153414534e-05,,22.140818,0.4776422764227642,0.192431914602436,,,2025-04-03 00:00:00,323.47083333333285,1,6.316,0.004,0,6.316,1e-10,1e-10,0.00010697831978319782,1.368550704803613e-15,1.1349449551696743e-15,6.7391720003332,,2025-03-27 00:00:00,316.47083333333285,1,39.002,0.489,0,39.002,0.489,1e-10,0.0006606029810298104,6.6922129464896674e-06,1.1349449551696743e-15,42.3554800001818,,,,,,,,,,,,,,,,,,,,,,,,,,,,,,,,,,,,,
77,,,,,2024-10-03 10:56:00,141.92638888888905,1,12.412,3.901,,12.412,3.901,,0.00021023035230352305,5.338716299438894e-05,,19.149718,0.4204607046070461,0.16016148898316682,,,2025-04-07 00:00:00,327.47083333333285,1,3.42,0,0,3.42,1e-10,1e-10,5.792682926829268e-05,1.368550704803613e-15,1.1349449551696743e-15,3.6491400003331993,,2025-03-31 00:00:00,320.47083333333285,1,125.742,0.701,0,125.742,0.701,1e-10,0.0021297764227642276,9.593540440673326e-06,1.1349449551696743e-15,135.2280280001818,,,,,,,,,,,,,,,,,,,,,,,,,,,,,,,,,,,,,
78,,,,,2024-10-04 00:00:00,142.47083333333285,1,10.757,0.172,,10.757,0,,0.00018219850948509485,0,,11.477718999999999,0.3643970189701897,0,,,2025-04-10 00:00:00,330.47083333333285,1,7.262,0,0,7.262,1e-10,1e-10,0.00012300135501355013,1.368550704803613e-15,1.1349449551696743e-15,7.7485540003332,,2025-04-03 00:00:00,323.47083333333285,1,21.798,0,0,21.798,1e-10,1e-10,0.0003692073170731707,1.368550704803613e-15,1.1349449551696743e-15,23.258466000333197,,,,,,,,,,,,,,,,,,,,,,,,,,,,,,,,,,,,,
79,,,,,2024-10-07 10:24:00,145.90416666666715,1,13.563,2.735,,13.563,2.735,,0.00022972560975609757,3.742986177637881e-05,,18.612511,0.45945121951219514,0.11228958532913644,,,,,,,,,,,,,,,,,2025-04-07 00:00:00,327.47083333333285,1,143.124,0,0,143.124,1e-10,1e-10,0.0024241869918699187,1.368550704803613e-15,1.1349449551696743e-15,152.7133080003332,,,,,,,,,,,,,,,,,,,,,,,,,,,,,,,,,,,,,
80,,,,,2024-10-08 00:00:00,146.47083333333285,1,17.702,5.563,,17.702,5.563,,0.0002998306233062331,7.613247570822499e-05,,27.310416,0.5996612466124661,0.22839742712467495,,,,,,,,,,,,,,,,,2025-04-10 00:00:00,330.47083333333285,1,17.793,0,0,17.793,1e-10,1e-10,0.00030137195121951216,1.368550704803613e-15,1.1349449551696743e-15,18.985131000333197,,,,,,,,,,,,,,,,,,,,,,,,,,,,,,,,,,,,,
81,,,,,2024-10-09 00:00:00,147.47083333333285,1,18.693,6,4.313,18.693,6,4.313,0.0003166158536585366,8.211304228821678e-05,4.895017591646805e-05,36.870464999999996,0.6332317073170732,0.24633912686465034,0.24475087958234024,"Started measuring Butyrate, started low range measurements too",,,,,,,,,,,,,,,,,,,,,,,,,,,,,,,,,,,,,,,,,,,,,,,,,,,,,,,,,,,,,,,,
82,,,,,2024-10-10 08:54:00,148.84166666666715,1,16.369,6.482,4.62,16.369,6.482,4.62,0.0002772527100271003,8.870945668537019e-05,5.243445692883895e-05,35.678631,0.5545054200542006,0.26612837005611056,0.26217228464419473,16.298000000000002,,,,,,,,,,,,,,,,,,,,,,,,,,,,,,,,,,,,,,,,,,,,,,,,,,,,,,,,,,,,,,,,
83,,,,,2024-10-11 00:00:00,149.47083333333285,1,15.773,6.482,0.638,15.773,6.482,0.638,0.0002671578590785908,8.870945668537019e-05,7.240948813982522e-06,27.803423000000002,0.5343157181571816,0.26612837005611056,0.036204744069912614,,,,,,,,,,,,,,,,,,,,,,,,,,,,,,,,,,,,,,,,,,,,,,,,,,,,,,,,,,,,,,,,,
84,,,,,2024-10-15 09:02:00,153.847222222219,1,,,,0,0,0,0,0,0,0,0,0,0,,,,,,,,,,,,,,,,,,,,,,,,,,,,,,,,,,,,,,,,,,,,,,,,,,,,,,,,,,,,,,,,,
85,,,,,2024-10-16 00:00:00,154.47083333333285,1,17.758,7.574,0.61,17.758,7.574,0.61,0.0003007791327913279,0.00010365403038182564,6.923164226535013e-06,31.523801999999996,0.6015582655826558,0.3109620911454769,0.03461582113267506,,,,,,,,,,,,,,,,,,,,,,,,,,,,,,,,,,,,,,,,,,,,,,,,,,,,,,,,,,,,,,,,,
86,,,,,2024-10-17 00:00:00,155.47083333333285,1,17.663,8.504,1.134,17.663,8.504,1.134,0.00029917005420054203,0.00011638155193649924,1.2870275791624105e-05,33.783089,0.5983401084010841,0.3491446558094977,0.06435137895812051,,,,,,,,,,,,,,,,,,,,,,,,,,,,,,,,,,,,,,,,,,,,,,,,,,,,,,,,,,,,,,,,,
87,,,,,2024-10-18 00:00:00,156.47083333333285,1,11.865,7.925,0.482,11.865,7.925,0.482,0.00020096544715447154,0.00010845764335568632,5.4704346839178295e-06,25.534681000000003,0.4019308943089431,0.3253729300670589,0.027352173419589145,,,,,,,,,,,,,,,,,,,,,,,,,,,,,,,,,,,,,,,,,,,,,,,,,,,,,,,,,,,,,,,,,
88,,,,,2024-10-21 00:00:00,159.47083333333285,1,6.236188,6.561577,1.94,6.236188,6.561577,1.94,0.00010562649051490515,8.979850827973176e-05,2.201793213029168e-05,20.115160174,0.2112529810298103,0.26939552483919527,0.11008966065145841,,,,,,,,,,,,,,,,,,,,,,,,,,,,,,,,,,,,,,,,,,,,,,,,,,,,,,,,,,,,,,,,,
89,,,,,2024-10-22 00:00:00,160.47083333333285,1,6.951013,7.52859,1.94,6.951013,7.52859,1.94,0.00011773396002710026,0.00010303257150677433,2.201793213029168e-05,22.341936131,0.23546792005420053,0.309097714520323,0.11008966065145841,,,,,,,,,,,,,,,,,,,,,,,,,,,,,,,,,,,,,,,,,,,,,,,,,,,,,,,,,,,,,,,,,
90,,,,,2024-10-23 00:00:00,161.47083333333285,1,10.77163,7.924186,1.99,10.77163,7.924186,1.99,0.0001824463075880759,0.00010844650335294922,2.2585404607876518e-05,27.108366814,0.3648926151761518,0.32533951005884765,0.11292702303938258,,,,,,,,,,,,,,,,,,,,,,,,,,,,,,,,,,,,,,,,,,,,,,,,,,,,,,,,,,,,,,,,,
91,,,,,2024-10-24 00:00:00,162.47083333333285,1,9.405,7.568,3.497,9.405,7.568,3.497,0.00015929878048780486,0.00010357191733953742,3.9689025082283505e-05,27.850632999999995,0.3185975609756097,0.31071575201861223,0.19844512541141754,,,,,,,,,,,,,,,,,,,,,,,,,,,,,,,,,,,,,,,,,,,,,,,,,,,,,,,,,,,,,,,,,
92,,,,,2024-10-25 00:00:00,163.47083333333285,1,8.686,8.458,3.541,8.686,8.458,3.541,0.00014712059620596206,0.00011575201861228959,4.018840086255816e-05,28.510912,0.2942411924119241,0.34725605583686875,0.2009420043127908,,,,,,,,,,,,,,,,,,,,,,,,,,,,,,,,,,,,,,,,,,,,,,,,,,,,,,,,,,,,,,,,,
93,,,,,2024-10-28 00:00:00,166.47083333333285,1,6.872986,5.265213,0.43922,6.872986,5.265213,0.43922,0.00011641236449864498,7.205710962091146e-05,4.984905232096243e-06,16.103510504,0.23282472899728995,0.21617132886273438,0.024924526160481218,,,,,,,,,,,,,,,,,,,,,,,,,,,,,,,,,,,,,,,,,,,,,,,,,,,,,,,,,,,,,,,,,
94,,,,,2024-10-29 00:00:00,167.47083333333285,1,15.99815,6.580554,2.471283,15.99815,6.580554,2.471283,0.0002709713753387534,9.005821814698235e-05,2.804770173646578e-05,31.5257773,0.5419427506775069,0.27017465444094707,0.1402385086823289,0.5,,,,,,,,,,,,,,,,,,,,,,,,,,,,,,,,,,,,,,,,,,,,,,,,,,,,,,,,,,,,,,,,
95,,,,,2024-10-30 00:00:00,168.47083333333285,1,22.98549,10.84602,4.468904,22.98549,10.84602,4.468904,0.0003893206300813008,0.0001484332831531408,5.0719600499375784e-05,49.070859582,0.7786412601626016,0.4452998494594224,0.2535980024968789,,,,,,,,,,,,,,,,,,,,,,,,,,,,,,,,,,,,,,,,,,,,,,,,,,,,,,,,,,,,,,,,,
96,,,,,2024-10-31 00:00:00,169.47083333333285,1,18.43174,11.20806,5.186084,18.43174,11.20806,5.186084,0.00031219071815718157,0.0001533879841248118,5.8859198728861655e-05,46.063970132,0.6243814363143632,0.4601639523744354,0.2942959936443083,,,,,,,,,,,,,,,,,,,,,,,,,,,,,,,,,,,,,,,,,,,,,,,,,,,,,,,,,,,,,,,,,
97,,,,,2024-11-01 00:00:00,170.47083333333285,1,21.95072,15.65035,4.853432,21.95072,15.65035,4.853432,0.0003717940379403794,0.00021418297522923224,5.5083781636590624e-05,55.939587515999996,0.7435880758807588,0.6425489256876967,0.2754189081829531,,,,,,,,,,,,,,,,,,,,,,,,,,,,,,,,,,,,,,,,,,,,,,,,,,,,,,,,,,,,,,,,,
98,,,,,2024-11-04 00:00:00,173.47083333333285,1,10.63288,14.69071,1.199665,10.63288,14.69071,1.199665,0.00018009620596205961,0.00020104981524565483,1.3615537396436273e-05,35.76800887,0.3601924119241192,0.6031494457369645,0.06807768698218136,,,,,,,,,,,,,,,,,,,,,,,,,,,,,,,,,,,,,,,,,,,,,,,,,,,,,,,,,,,,,,,,,
99,,,,,2024-11-05 00:00:00,174.47083333333285,1,27.77072,16.21285,1.41351,27.77072,16.21285,1.41351,0.0004703712737127371,0.00022188107294375257,1.6042560435818863e-05,56.747374320000006,0.9407425474254743,0.6656432188312578,0.08021280217909432,,,,,,,,,,,,,,,,,,,,,,,,,,,,,,,,,,,,,,,,,,,,,,,,,,,,,,,,,,,,,,,,,
100,,,,,2024-11-06 00:00:00,175.47083333333285,1,24.83697,18.78403,1.549593,24.83697,18.78403,1.549593,0.00042068038617886183,0.00025706897495552213,1.758702757916241e-05,57.757228484,0.8413607723577237,0.7712069248665664,0.08793513789581205,,,,,,,,,,,,,,,,,,,,,,,,,,,,,,,,,,,,,,,,,,,,,,,,,,,,,,,,,,,,,,,,,
101,,,,,2024-11-07 00:00:00,176.47083333333285,1,14.94245,14.36314,0.68357,14.94245,14.36314,0.68357,0.00025309027777777775,0.00019656685370192964,7.758143230053343e-06,38.93211837,0.5061805555555555,0.5897005611057888,0.03879071615026671,,,,,,,,,,,,,,,,,,,,,,,,,,,,,,,,,,,,,,,,,,,,,,,,,,,,,,,,,,,,,,,,,
102,,,,,2024-11-08 00:00:00,177.47083333333285,1,13.05066,15.59556,0.783345,13.05066,15.59556,0.783345,0.00022104776422764228,0.00021343314629807035,8.890534559073884e-06,38.96085327000001,0.44209552845528455,0.6402994388942111,0.04445267279536942,,,,,,,,,,,,,,,,,,,,,,,,,,,,,,,,,,,,,,,,,,,,,,,,,,,,,,,,,,,,,,,,,
103,,,,,2024-11-11 00:00:00,180.47083333333285,1,11.0349,15.70809,0.507762,11.0349,15.70809,0.507762,0.00018690548780487805,0.00021497317640618586,5.762819203268642e-06,36.47939787600001,0.37381097560975607,0.6449195292185576,0.028814096016343212,,,,,,,,,,,,,,,,,,,,,,,,,,,,,,,,,,,,,,,,,,,,,,,,,,,,,,,,,,,,,,,,,
104,,,,,2024-11-12 00:00:00,181.47083333333285,1,12.01375,16.48589,0.438645,12.01375,16.48589,0.438645,0.00020348492547425475,0.00022561776378814837,4.978379298604018e-06,38.57576532,0.4069698509485095,0.676853291364445,0.02489189649302009,,,,,,,,,,,,,,,,,,,,,,,,,,,,,,,,,,,,,,,,,,,,,,,,,,,,,,,,,,,,,,,,,
105,,,,,2024-11-13 00:00:00,182.47083333333285,1,11.17474,14.28457,0.277372,11.17474,14.28457,0,0.0001892740514905149,0.00019549158341316546,0,33.55028656,0.3785481029810298,0.5864747502394965,0,,,,,,,,,,,,,,,,,,,,,,,,,,,,,,,,,,,,,,,,,,,,,,,,,,,,,,,,,,,,,,,,,
106,,,,,2024-11-18 00:00:00,187.47083333333285,1,5.845484,8.633755,0.051208,5.845484,8.633755,0,9.900887533875338e-05,0.00011815731490351719,0,19.308636498,0.19801775067750677,0.35447194471055155,0,,,,,,,,,,,,,,,,,,,,,,,,,,,,,,,,,,,,,,,,,,,,,,,,,,,,,,,,,,,,,,,,,
107,,,,,2024-11-19 00:00:00,188.47083333333285,1,6.129491,11.01027,0.062612,6.129491,11.01027,0,0.00010381929200542005,0.00015068112768578076,0,23.209715677,0.2076385840108401,0.4520433830573423,0,,,,,,,,,,,,,,,,,,,,,,,,,,,,,,,,,,,,,,,,,,,,,,,,,,,,,,,,,,,,,,,,,
108,,,,,2024-11-20 00:00:00,189.47083333333285,1,6.387678,8.519224,0.074017,6.387678,8.519224,0,0.0001081923780487805,0.00011658990009579855,0,19.713757561999998,0.216384756097561,0.3497697002873957,0,,,,,,,,,,,,,,,,,,,,,,,,,,,,,,,,,,,,,,,,,,,,,,,,,,,,,,,,,,,,,,,,,
109,,,,,2024-11-21 00:00:00,190.47083333333285,1,5.601847,4.241828,0.154553,5.601847,4.241828,0,9.488223238482386e-05,5.8051566990557e-05,0,12.399298341,0.18976446476964773,0.174154700971671,0,,,,,,,,,,,,,,,,,,,,,,,,,,,,,,,,,,,,,,,,,,,,,,,,,,,,,,,,,,,,,,,,,
110,,,,,2024-11-22 00:00:00,191.47083333333285,1,7.268425,4.652204,0.165757,7.268425,4.652204,0,0.00012311017953929538,6.366777063090188e-05,0,14.798846331,0.24622035907859077,0.19100331189270564,0,,,,,,,,,,,,,,,,,,,,,,,,,,,,,,,,,,,,,,,,,,,,,,,,,,,,,,,,,,,,,,,,,
111,,,,,2024-11-25 00:00:00,194.47083333333285,1,4.443837,0.368203,0,4.443837,0.368203,0,7.52682418699187e-05,5.0390447516080474e-06,0,5.299033421000001,0.1505364837398374,0.015117134254824142,0,,,,,,,,,,,,,,,,,,,,,,,,,,,,,,,,,,,,,,,,,,,,,,,,,,,,,,,,,,,,,,,,,
112,,,,,2024-11-26 00:00:00,195.47083333333285,1,4.8067,0.351842,0,4.8067,0.351842,0,8.141429539295393e-05,4.815136170795128e-06,0,5.6614376879999995,0.16282859078590786,0.014445408512385384,0,,,,,,,,,,,,,,,,,,,,,,,,,,,,,,,,,,,,,,,,,,,,,,,,,,,,,,,,,,,,,,,,,
113,,,,,2024-11-27 00:00:00,196.47083333333285,1,5.411472,0.548177,0,5.411472,0.548177,0,9.165772357723577e-05,7.502080197071302e-06,0,6.603980602,0.18331544715447154,0.022506240591213908,0,,,,,,,,,,,,,,,,,,,,,,,,,,,,,,,,,,,,,,,,,,,,,,,,,,,,,,,,,,,,,,,,,
114,,,,,2024-12-02 00:00:00,201.47083333333285,1,4.861132,9.887066,0,4.861132,9.887066,0,8.233624661246612e-05,0.00013530951142739838,0,20.155845768,0.16467249322493224,0.40592853428219516,0,,,,,,,,,,,,,,,,,,,,,,,,,,,,,,,,,,,,,,,,,,,,,,,,,,,,,,,,,,,,,,,,,
115,,,,,2024-12-03 00:00:00,202.47083333333285,1,4.192303,7.206605,0,4.192303,7.206605,0,7.10078421409214e-05,9.86260435199124e-05,0,15.383987270999999,0.1420156842818428,0.2958781305597372,0,,,,,,,,,,,,,,,,,,,,,,,,,,,,,,,,,,,,,,,,,,,,,,,,,,,,,,,,,,,,,,,,,
116,,,,,2024-12-04 00:00:00,203.47083333333285,1,4.406328,4.854073,0,4.406328,4.854073,0,7.46329268292683e-05,6.643045025318188e-05,0,12.050618497999999,0.1492658536585366,0.19929135075954563,0,,,,,,,,,,,,,,,,,,,,,,,,,,,,,,,,,,,,,,,,,,,,,,,,,,,,,,,,,,,,,,,,,
117,,,,,2024-12-05 00:00:00,204.47083333333285,1,3.4210259418374105,1.48710510487377,0,3.4210259418374105,1.48710510487377,0,5.794420633193446e-05,2.0351787393920487e-05,0,5.901711808719405,0.11588841266386893,0.06105536218176146,0,,,,,,,,,,,,,,,,,,,,,,,,,,,,,,,,,,,,,,,,,,,,,,,,,,,,,,,,,,,,,,,,,
118,,,,,2024-12-06 00:00:00,205.47083333333285,1,5.680763053536022,2.9114783775087756,0,5.680763053536022,2.9114783775087756,0,9.621888640813044e-05,3.9845057855601144e-05,0,10.469352441671221,0.19243777281626087,0.11953517356680345,0,,,,,,,,,,,,,,,,,,,,,,,,,,,,,,,,,,,,,,,,,,,,,,,,,,,,,,,,,,,,,,,,,
119,,,,,2024-12-09 00:00:00,208.47083333333285,1,4.400837395826592,0,0,4.400837395826592,0,0,7.453992879110082e-05,0,0,4.695693501346973,0.14907985758220163,0,0,,,,,,,,,,,,,,,,,,,,,,,,,,,,,,,,,,,,,,,,,,,,,,,,,,,,,,,,,,,,,,,,,
120,,,,,2024-12-10 00:00:00,209.47083333333285,1,9.358782687079216,3.523082516368791,0,9.358782687079216,3.523082516368791,0,0.00015851596692207344,4.821517060857795e-05,0,15.319768056895873,0.31703193384414685,0.14464551182573387,0,,,,,,,,,,,,,,,,,,,,,,,,,,,,,,,,,,,,,,,,,,,,,,,,,,,,,,,,,,,,,,,,,
121,,,,,2024-12-11 00:00:00,210.47083333333285,1,9.092226488624775,3.2106085836292753,0,9.092226488624775,3.2106085836292753,0,0.00015400112616234375,4.3938806399743745e-05,0,14.562267058977357,0.3080022523246875,0.13181641919923126,0,,,,,,,,,,,,,,,,,,,,,,,,,,,,,,,,,,,,,,,,,,,,,,,,,,,,,,,,,,,,,,,,,
122,,,,,2024-12-12 00:00:00,211.47083333333285,1,3.590124,0.621578,0.157568,3.590124,0.621578,0,6.080833333333333e-05,8.5066100999042e-06,0,4.771731399999999,0.12161666666666666,0.025519830299712602,0,,,,,,,,,,,,,,,,,,,,,,,,,,,,,,,,,,,,,,,,,,,,,,,,,,,,,,,,,,,,,,,,,
123,,,,,2024-12-13 00:00:00,212.47083333333285,1,4.454403,1.041278,0.132884,4.454403,1.041278,0,7.544720528455285e-05,1.4250417407964964e-05,0,6.329342893,0.1508944105691057,0.04275125222389489,0,,,,,,,,,,,,,,,,,,,,,,,,,,,,,,,,,,,,,,,,,,,,,,,,,,,,,,,,,,,,,,,,,
124,,,,,2025-01-06 00:00:00,236.47083333333285,1,2.371391,1.461514,1.174923,2.371391,1.461514,1.174923,4.0165836720867206e-05,2.0001560147803477e-05,1.3334729315628192e-05,6.879016407,0.08033167344173442,0.06000468044341043,0.06667364657814097,,,,,,,,,,,,,,,,,,,,,,,,,,,,,,,,,,,,,,,,,,,,,,,,,,,,,,,,,,,,,,,,,
125,,,,,2025-01-07 00:00:00,237.47083333333285,1,4.409591,2.605916,2.102478,4.409591,2.605916,2.102478,7.468819444444445e-05,3.566328178459012e-05,2.3861967994552266e-05,12.472695425000001,0.1493763888888889,0.10698984535377037,0.11930983997276133,,,,,,,,,,,,,,,,,,,,,,,,,,,,,,,,,,,,,,,,,,,,,,,,,,,,,,,,,,,,,,,,,
126,,,,,2025-01-08 00:00:00,238.47083333333285,1,3.465059,2.075583,1.672636,3.465059,2.075583,1.672636,5.869002371273713e-05,2.8405405775283972e-05,1.8983497900351832e-05,9.880502863,0.11738004742547427,0.08521621732585191,0.09491748950175917,,,,,,,,,,,,,,,,,,,,,,,,,,,,,,,,,,,,,,,,,,,,,,,,,,,,,,,,,,,,,,,,,
127,,,,,2025-01-09 00:00:00,239.47083333333285,1,2.495672,0.498541,-0.411812389,2.495672,0.498541,0,4.227086720867209e-05,6.822786369234981e-06,0,3.417673098,0.08454173441734418,0.02046835910770494,0,,,,,,,,,,,,,,,,,,,,,,,,,,,,,,,,,,,,,,,,,,,,,,,,,,,,,,,,,,,,,,,,,
128,,,,,2025-01-10 00:00:00,240.47083333333285,1,4.136174,0.721839,-0.435843081,4.136174,0.721839,0,7.005714769647695e-05,9.878732722047352e-06,0,5.506161903999999,0.14011429539295392,0.029636198166142057,0,,,,,,,,,,,,,,,,,,,,,,,,,,,,,,,,,,,,,,,,,,,,,,,,,,,,,,,,,,,,,,,,,
129,,,,,2025-01-13 00:00:00,243.47083333333285,1,3.2644947834877316,0.19317475192318112,-0.14548514624130574,3.2644947834877316,0,0,5.52929333246567e-05,0,0,3.4832159339814095,0.1105858666493134,0,0,,,,,,,,,,,,,,,,,,,,,,,,,,,,,,,,,,,,,,,,,,,,,,,,,,,,,,,,,,,,,,,,,
130,,,,,2025-01-14 00:00:00,244.47083333333285,1,3.4625208853409055,0.2739832859800416,-0.19771757349359262,3.4625208853409055,0,0,5.8647033965801244e-05,0,0,3.694509784658746,0.11729406793160249,0,0,,,,,,,,,,,,,,,,,,,,,,,,,,,,,,,,,,,,,,,,,,,,,,,,,,,,,,,,,,,,,,,,,
131,,,,,2025-01-15 00:00:00,245.47083333333285,1,3.3210736697314953,0.25782157916866955,-0.22383378711973606,3.3210736697314953,0,0,5.625124779355514e-05,0,0,3.5435856056035053,0.11250249558711027,0,0,,,,,,,,,,,,,,,,,,,,,,,,,,,,,,,,,,,,,,,,,,,,,,,,,,,,,,,,,,,,,,,,,
132,,,,,2025-01-16 00:00:00,246.47083333333285,1,2.915016957,0.501024687,0.172991105,2.915016957,0.501024687,0,4.937359344512195e-05,6.856776885178596e-06,0,3.8688744692370003,0.09874718689024391,0.02057033065553579,0,,,,,,,,,,,,,,,,,,,,,,,,,,,,,,,,,,,,,,,,,,,,,,,,,,,,,,,,,,,,,,,,,
133,,,,,2025-01-17 00:00:00,247.47083333333285,1,3.630339941,0.645868594,0.172991105,3.630339941,0.645868594,0,6.148949764566396e-05,8.839039195292185e-06,0,4.8514177683629995,0.12297899529132791,0.026517117585876555,0,,,,,,,,,,,,,,,,,,,,,,,,,,,,,,,,,,,,,,,,,,,,,,,,,,,,,,,,,,,,,,,,,
134,,,,,2025-01-27 00:00:00,257.47083333333285,1,2.05621716,-1.606425678,-1.956905814,2.05621716,0,0,3.482752642276423e-05,0,0,2.19398370972,0.06965505284552846,0,0,,,,,,,,,,,,,,,,,,,,,,,,,,,,,,,,,,,,,,,,,,,,,,,,,,,,,,,,,,,,,,,,,
135,,,,,2025-01-28 00:00:00,258.47083333333285,1,2.309222755,-1.547852238,-1.968738245,2.309222755,0,0,3.911285154132791e-05,0,0,2.463940679585,0.07822570308265582,0,0,,,,,,,,,,,,,,,,,,,,,,,,,,,,,,,,,,,,,,,,,,,,,,,,,,,,,,,,,,,,,,,,,
136,,,,,2025-01-29 00:00:00,259.47083333333285,1,2.492449393,0.325505738,0.109491077,2.492449393,0,0,4.2216283756775066e-05,0,0,2.6594435023309995,0.08443256751355013,0,0,,,,,,,,,,,,,,,,,,,,,,,,,,,,,,,,,,,,,,,,,,,,,,,,,,,,,,,,,,,,,,,,,
137,,,,,2025-01-30 00:00:00,260.47083333333285,1,2.802015154,0.355290571,0.085446281,2.802015154,0.355290571,0,4.745960626693767e-05,4.862331613521281e-06,0,3.5276600938119995,0.09491921253387534,0.014586994840563843,0,,,,,,,,,,,,,,,,,,,,,,,,,,,,,,,,,,,,,,,,,,,,,,,,,,,,,,,,,,,,,,,,,
138,,,,,2025-01-31 00:00:00,261.47083333333285,1,2.8278123,0.280828488,0.073423884,2.8278123,0,0,4.789654979674797e-05,0,0,3.0172757241,0.09579309959349594,0,0,,,,,,,,,,,,,,,,,,,,,,,,,,,,,,,,,,,,,,,,,,,,,,,,,,,,,,,,,,,,,,,,,
139,,,,,2025-02-03 00:00:00,264.47083333333285,1,2.811528694,0.78145141,0.575289164,2.811528694,0.78145141,0.575289164,4.7620743462059624e-05,1.069455877925277e-05,6.529215344455793e-06,5.22889425139,0.09524148692411925,0.03208367633775831,0.03264607672227897,,,,,,,,,,,,,,,,,,,,,,,,,,,,,,,,,,,,,,,,,,,,,,,,,,,,,,,,,,,,,,,,,
140,,,,,2025-02-04 00:00:00,265.47083333333285,1,2.456569789,0.638234,0.471918042,2.456569789,0.638234,0.471918042,4.160856688685637e-05,8.734555905296291e-06,5.356010010214504e-06,4.445393241219,0.08321713377371275,0.026203667715888872,0.02678005005107252,,,,,,,,,,,,,,,,,,,,,,,,,,,,,,,,,,,,,,,,,,,,,,,,,,,,,,,,,,,,,,,,,
141,,,,,2025-02-05 00:00:00,266.47083333333285,1,2.786174487,0.652555741,0.471918042,2.786174487,0.652555741,0.471918042,4.719130228658536e-05,8.93055619269194e-06,5.356010010214504e-06,4.818764569859,0.09438260457317071,0.02679166857807582,0.02678005005107252,,,,,,,,,,,,,,,,,,,,,,,,,,,,,,,,,,,,,,,,,,,,,,,,,,,,,,,,,,,,,,,,,
142,,,,,2025-02-06 00:00:00,267.47083333333285,1,2.667192404,-1.292015511,-1.526077671,2.667192404,0,0,4.517602310298103e-05,0,0,2.845894295068,0.09035204620596206,0,0,,,,,,,,,,,,,,,,,,,,,,,,,,,,,,,,,,,,,,,,,,,,,,,,,,,,,,,,,,,,,,,,,
143,,,,,2025-02-07 00:00:00,268.47083333333285,1,2.231838535,-1.353042134,-1.563095778,2.231838535,0,0,3.7802143207994584e-05,0,0,2.381371716845,0.07560428641598917,0,0,,,,,,,,,,,,,,,,,,,,,,,,,,,,,,,,,,,,,,,,,,,,,,,,,,,,,,,,,,,,,,,,,
144,,,,,2025-02-10 00:00:00,271.47083333333285,1,1.918856732,-0.203080198,-0.328443185,1.918856732,0,0,3.250096090785908e-05,0,0,2.047420133044,0.06500192181571815,0,0,,,,,,,,,,,,,,,,,,,,,,,,,,,,,,,,,,,,,,,,,,,,,,,,,,,,,,,,,,,,,,,,,
145,,,,,2025-02-11 00:00:00,272.47083333333285,1,2.088145939,-0.121814704,-0.328443185,2.088145939,0,0,3.536832552506775e-05,0,0,2.228051716913,0.07073665105013549,0,0,,,,,,,,,,,,,,,,,,,,,,,,,,,,,,,,,,,,,,,,,,,,,,,,,,,,,,,,,,,,,,,,,
146,,,,,2025-02-12 00:00:00,273.47083333333285,1,1.749567526,-0.235586395,-0.354852174,1.749567526,0,0,2.9633596307588078e-05,0,0,1.866788550242,0.059267192615176156,0,0,,,,,,,,,,,,,,,,,,,,,,,,,,,,,,,,,,,,,,,,,,,,,,,,,,,,,,,,,,,,,,,,,
147,,,,,2025-02-13 00:00:00,274.47083333333285,1,1.862426997,-0.203080198,-0.328443185,1.862426997,0,0,3.154517271341463e-05,0,0,1.9872096057989999,0.06309034542682926,0,0,,,,,,,,,,,,,,,,,,,,,,,,,,,,,,,,,,,,,,,,,,,,,,,,,,,,,,,,,,,,,,,,,
148,,,,,2025-02-14 00:00:00,275.47083333333285,1,1.778710316,-0.045845218,-0.198854167,1.778710316,0,0,3.0127207249322492e-05,0,0,1.897883907172,0.060254414498644986,0,0,,,,,,,,,,,,,,,,,,,,,,,,,,,,,,,,,,,,,,,,,,,,,,,,,,,,,,,,,,,,,,,,,
149,,,,,2025-02-17 00:00:00,278.47083333333285,1,2.572305158,0.367795381,0.273957385,2.572305158,0.367795381,0,4.3568854302168016e-05,5.033466278910633e-06,0,3.30149181042,0.08713770860433603,0.0151003988367319,0,,,,,,,,,,,,,,,,,,,,,,,,,,,,,,,,,,,,,,,,,,,,,,,,,,,,,,,,,,,,,,,,,
150,,,,,2025-02-18 00:00:00,279.47083333333285,1,2.452659756,0.281334674,0.204878837,2.452659756,0,0,4.1542340040650405e-05,0,0,2.616987959652,0.08308468008130081,0,0,,,,,,,,,,,,,,,,,,,,,,,,,,,,,,,,,,,,,,,,,,,,,,,,,,,,,,,,,,,,,,,,,
151,,,,,2025-02-19 00:00:00,280.47083333333285,1,2.273191653,0.229458249,0.163431708,2.273191653,0,0,3.8502568648373986e-05,0,0,2.425495493751,0.07700513729674797,0,0,,,,,,,,,,,,,,,,,,,,,,,,,,,,,,,,,,,,,,,,,,,,,,,,,,,,,,,,,,,,,,,,,
152,,,,,2025-02-20 00:00:00,281.47083333333285,1,2.133590681,-1.291754137,-1.374036408,2.133590681,0,0,3.6138053539972896e-05,0,0,2.2765412566269996,0.07227610707994579,0,0,,,,,,,,,,,,,,,,,,,,,,,,,,,,,,,,,,,,,,,,,,,,,,,,,,,,,,,,,,,,,,,,,
153,,,,,2025-02-21 00:00:00,282.47083333333285,1,2.533253401,-1.309644655,-1.345214638,2.533253401,0,0,4.290740855352304e-05,0,0,2.702981378867,0.08581481710704608,0,0,,,,,,,,,,,,,,,,,,,,,,,,,,,,,,,,,,,,,,,,,,,,,,,,,,,,,,,,,,,,,,,,,
154,,,,,2025-02-24 00:00:00,285.47083333333285,1,3.454,1.08,1.179,3.454,1.08,1.179,5.8502710027100276e-05,1.4780347611879022e-05,1.338100102145046e-05,7.46396,0.11700542005420055,0.044341042835637064,0.0669050051072523,,,,,,,,,,,,,,,,,,,,,,,,,,,,,,,,,,,,,,,,,,,,,,,,,,,,,,,,,,,,,,,,,
155,,,,,2025-02-25 00:00:00,286.47083333333285,1,4.73,1.158,1.176,4.73,1.158,1.176,8.011517615176153e-05,1.5847817161625837e-05,1.3346952672795368e-05,8.938089999999999,0.16023035230352306,0.04754345148487751,0.06673476336397684,,,,,,,,,,,,,,,,,,,,,,,,,,,,,,,,,,,,,,,,,,,,,,,,,,,,,,,,,,,,,,,,,
156,,,,,2025-02-26 00:00:00,287.47083333333285,1,3.801,1.086,1.175,3.801,1.086,1.175,6.438008130081301e-05,1.4862460654167238e-05,1.3335603223243673e-05,7.836021000000001,0.128760162601626,0.04458738196250171,0.06667801611621836,,,,,,,,,,,,,,,,,,,,,,,,,,,,,,,,,,,,,,,,,,,,,,,,,,,,,,,,,,,,,,,,,
157,,,,,2025-02-27 00:00:00,288.47083333333285,1,3.667,1.35,1.486,3.667,1.35,1.486,6.211043360433604e-05,1.8475434514848776e-05,1.6865282033821358e-05,8.658137,0.12422086720867209,0.05542630354454633,0.08432641016910679,,,,,,,,,,,,,,,,,,,,,,,,,,,,,,,,,,,,,,,,,,,,,,,,,,,,,,,,,,,,,,,,,
158,,,,,2025-02-28 00:00:00,289.47083333333285,1,3.494,1.309,1.469,3.494,1.309,1.469,5.918021680216803e-05,1.7914328725879293e-05,1.6672341391442516e-05,8.380566,0.11836043360433605,0.053742986177637876,0.08336170695721258,,,,,,,,,,,,,,,,,,,,,,,,,,,,,,,,,,,,,,,,,,,,,,,,,,,,,,,,,,,,,,,,,
159,,,,,2025-03-03 00:00:00,292.47083333333285,1,3.321,0.572,0.644,3.321,0.572,0.644,5.6250000000000005e-05,7.828110031476665e-06,7.309045511292703e-06,5.5803069999999995,0.11250000000000002,0.023484330094429993,0.03654522755646351,,,,,,,,,,,,,,,,,,,,,,,,,,,,,,,,,,,,,,,,,,,,,,,,,,,,,,,,,,,,,,,,,
160,,,,,2025-03-04 00:00:00,293.47083333333285,1,3.899,0.989,0.502,3.899,0.989,0.502,6.6039972899729e-05,1.3534966470507732e-05,5.697423674951765e-06,6.570215,0.132079945799458,0.0406048994115232,0.028487118374758827,,,,,,,,,,,,,,,,,,,,,,,,,,,,,,,,,,,,,,,,,,,,,,,,,,,,,,,,,,,,,,,,,
161,,,,,2025-03-05 00:00:00,294.47083333333285,1,4.563,0.965,0.476,4.563,0.965,0.476,7.728658536585365e-05,1.3206514301354864e-05,5.402337986607649e-06,7.195099,0.15457317073170732,0.039619542904064595,0.027011689933038246,,,,,,,,,,,,,,,,,,,,,,,,,,,,,,,,,,,,,,,,,,,,,,,,,,,,,,,,,,,,,,,,,
162,,,,,2025-03-10 00:00:00,299.47083333333285,1,5.402,2.189,2.219,5.402,2.189,2.219,9.149728997289973e-05,2.995757492815109e-05,2.518442855521507e-05,13.112222,0.18299457994579946,0.08987272478445327,0.12592214277607536,,,,,,,,,,,,,,,,,,,,,,,,,,,,,,,,,,,,,,,,,,,,,,,,,,,,,,,,,,,,,,,,,
163,,,,,2025-03-11 00:00:00,300.47083333333285,1,5.283,1.994,2.106,5.283,1.994,2.106,8.948170731707318e-05,2.7288901053784043e-05,2.390194075587334e-05,12.484585,0.17896341463414636,0.08186670316135214,0.11950970377936669,,,,,,,,,,,,,,,,,,,,,,,,,,,,,,,,,,,,,,,,,,,,,,,,,,,,,,,,,,,,,,,,,
164,,,,,2025-03-12 00:00:00,301.47083333333285,1,5.139,1.99,2.078,5.139,1.99,2.078,8.704268292682928e-05,2.7234159025591896e-05,2.358415616842583e-05,12.273976999999999,0.17408536585365855,0.08170247707677569,0.11792078084212915,,,,,,,,,,,,,,,,,,,,,,,,,,,,,,,,,,,,,,,,,,,,,,,,,,,,,,,,,,,,,,,,,
165,,,,,2025-03-13 00:00:00,302.47083333333285,1,5.557,1.617,1.408,5.557,1.617,1.408,9.412262872628726e-05,2.212946489667442e-05,1.5980024968789012e-05,10.937201,0.18824525745257453,0.06638839469002326,0.07990012484394507,,,,,,,,,,,,,,,,,,,,,,,,,,,,,,,,,,,,,,,,,,,,,,,,,,,,,,,,,,,,,,,,,
166,,,,,2025-03-14 00:00:00,303.47083333333285,1,5.827,1.571,1.357,5.827,1.571,1.357,9.869579945799459e-05,2.149993157246476e-05,1.540120304165248e-05,11.062929,0.19739159891598917,0.06449979471739428,0.0770060152082624,,,,,,,,,,,,,,,,,,,,,,,,,,,,,,,,,,,,,,,,,,,,,,,,,,,,,,,,,,,,,,,,,
167,,,,,2025-03-17 00:00:00,306.47083333333285,1,4.599,0,0,4.599,0,0,7.789634146341463e-05,0,0,4.907133,0.15579268292682927,0,0,,,,,,,,,,,,,,,,,,,,,,,,,,,,,,,,,,,,,,,,,,,,,,,,,,,,,,,,,,,,,,,,,
168,,,,,2025-03-20 00:00:00,309.47083333333285,1,5.839,0,0,5.839,0,0,9.889905149051491e-05,0,0,6.230213,0.19779810298102982,0,0,,,,,,,,,,,,,,,,,,,,,,,,,,,,,,,,,,,,,,,,,,,,,,,,,,,,,,,,,,,,,,,,,
169,,,,,2025-03-24 00:00:00,313.47083333333285,1,4.928,0.421,0.039,4.928,0.421,0,8.346883468834688e-05,5.761598467223211e-06,0,5.895569999999999,0.16693766937669374,0.01728479540166963,0,,,,,,,,,,,,,,,,,,,,,,,,,,,,,,,,,,,,,,,,,,,,,,,,,,,,,,,,,,,,,,,,,
170,,,,,2025-03-27 00:00:00,316.47083333333285,1,5.126,0.351,0.024,5.126,0.351,0,8.682249322493225e-05,4.803612973860682e-06,0,6.000856,0.1736449864498645,0.014410838921582046,0,,,,,,,,,,,,,,,,,,,,,,,,,,,,,,,,,,,,,,,,,,,,,,,,,,,,,,,,,,,,,,,,,
171,,,,,2025-03-31 00:00:00,320.47083333333285,1,6.53,0.456,0,6.53,0.456,0,0.00011060298102981031,6.2405912139044756e-06,0,7.657894,0.22120596205962062,0.01872177364171343,0,,,,,,,,,,,,,,,,,,,,,,,,,,,,,,,,,,,,,,,,,,,,,,,,,,,,,,,,,,,,,,,,,
172,,,,,2025-04-03 00:00:00,323.47083333333285,1,6.293,0.503,0,6.293,0.503,0,0.00010658875338753388,6.883810045162173e-06,0,7.476173,0.21317750677506775,0.020651430135486516,0,,,,,,,,,,,,,,,,,,,,,,,,,,,,,,,,,,,,,,,,,,,,,,,,,,,,,,,,,,,,,,,,,
173,,,,,2025-04-07 00:00:00,327.47083333333285,1,7.62,0,0,7.62,0,0,0.0001290650406504065,0,0,8.13054,0.258130081300813,0,0,,,,,,,,,,,,,,,,,,,,,,,,,,,,,,,,,,,,,,,,,,,,,,,,,,,,,,,,,,,,,,,,,
174,,,,,2025-04-10 00:00:00,330.47083333333285,1,13.159,0,0,13.159,0,0,0.00022288279132791328,0,0,14.040653,0.44576558265582655,0,0,,,,,,,,,,,,,,,,,,,,,,,,,,,,,,,,,,,,,,,,,,,,,,,,,,,,,,,,,,,,,,,,,
175,,,,,,,,,,,,,,,,,,,,,,,,,,,,,,,,,,,,,,,,,,,,,,,,,,,,,,,,,,,,,,,,,,,,,,,,,,,,,,,,,,,,,
176,,,,,,,,,,,,,,,,,,,,,,,,,,,,,,,,,,,,,,,,,,,,,,,,,,,,,,,,,,,,,,,,,,,,,,,,,,,,,,,,,,,,,
177,,,,,,,,27.77072,18.78403,5.186084,,,,,,,,,,,,,,,,,,,,,,,,,,,,,,,,,,,,,,,,,,,,,,,,,,,,,,,,,,,,,,,,,,,,,,,,,,,
